action_type,activity_comment,activity_id,activity_properties,assay_chembl_id,assay_description,assay_type,assay_variant_accession,assay_variant_mutation,bao_endpoint,bao_format,bao_label,canonical_smiles,data_validity_comment,data_validity_description,document_chembl_id,document_journal,document_year,ligand_efficiency,molecule_chembl_id,molecule_pref_name,parent_molecule_chembl_id,pchembl_value,potential_duplicate,qudt_units,record_id,relation,src_id,standard_flag,standard_relation,standard_text_value,standard_type,standard_units,standard_upper_value,standard_value,target_chembl_id,target_organism,target_pref_name,target_tax_id,text_value,toid,type,units,uo_units,upper_value,value,pIC50,active,MW,LogP,HBD,HBA,TPSA,RotBonds,RingCount,AromaticRings,murcko_scaffold,quinazoline_core,aniline_rgroup,pyrimidine_core,acrylamide_warhead
,,32260.0,[],CHEMBL674637,Inhibitory activity towards tyrosine phosphorylation for the epidermal growth factor-receptor kinase,B,,,BAO_0000190,BAO_0000357,single protein format,Cc1cc(C)c(/C=C2\C(=O)Nc3ncnc(Nc4ccc(F)c(Cl)c4)c32)[nH]1,,,CHEMBL1134862,Bioorg Med Chem Lett,2002.0,"{'bei': '19.25', 'le': '0.37', 'lle': '2.94', 'sei': '8.93'}",CHEMBL68920,,CHEMBL68920,7.39,0.0,http://www.openphacts.org/units/Nanomolar,119482.0,=,1.0,1.0,=,,IC50,nM,,41.0,CHEMBL203,Homo sapiens,Epidermal growth factor receptor,9606.0,,,IC50,uM,UO_0000065,,0.041,7.387216143280264,1.0,383.814,4.450340000000002,3,4,82.69999999999999,3,4,3,O=C1Nc2ncnc(Nc3ccccc3)c2/C1=C/c1ccc[nH]1,False,True,False,True
,,32263.0,[],CHEMBL621151,Inhibition of autophosphorylation of human epidermal growth factor-receptor (EGF-R) expressed in A431 cells,F,,,BAO_0000190,BAO_0000219,cell-based format,Cc1cc(C)c(/C=C2\C(=O)Nc3ncnc(Nc4ccc(F)c(Cl)c4)c32)[nH]1,,,CHEMBL1134862,Bioorg Med Chem Lett,2002.0,,CHEMBL68920,,CHEMBL68920,6.52,0.0,http://www.openphacts.org/units/Nanomolar,119482.0,=,1.0,1.0,=,,IC50,nM,,300.0,CHEMBL203,Homo sapiens,Epidermal growth factor receptor,9606.0,,,IC50,uM,UO_0000065,,0.3,6.522878745280337,1.0,383.814,4.450340000000002,3,4,82.69999999999999,3,4,3,O=C1Nc2ncnc(Nc3ccccc3)c2/C1=C/c1ccc[nH]1,False,True,False,True
,,32265.0,[],CHEMBL615325,Inhibition of ligand-induced proliferation in human EGF-R Kinase expressing 3T3 cells,F,,,BAO_0000190,BAO_0000219,cell-based format,Cc1cc(C)c(/C=C2\C(=O)Nc3ncnc(Nc4ccc(F)c(Cl)c4)c32)[nH]1,,,CHEMBL1134862,Bioorg Med Chem Lett,2002.0,,CHEMBL68920,,CHEMBL68920,5.11,0.0,http://www.openphacts.org/units/Nanomolar,119482.0,=,1.0,1.0,=,,IC50,nM,,7820.0,CHEMBL203,Homo sapiens,Epidermal growth factor receptor,9606.0,,,IC50,uM,UO_0000065,,7.82,5.106793246940152,0.0,383.814,4.450340000000002,3,4,82.69999999999999,3,4,3,O=C1Nc2ncnc(Nc3ccccc3)c2/C1=C/c1ccc[nH]1,False,True,False,True
,,32267.0,[],CHEMBL674637,Inhibitory activity towards tyrosine phosphorylation for the epidermal growth factor-receptor kinase,B,,,BAO_0000190,BAO_0000357,single protein format,Cc1cc(C(=O)N2CCOCC2)[nH]c1/C=C1\C(=O)Nc2ncnc(Nc3ccc(F)c(Cl)c3)c21,,,CHEMBL1134862,Bioorg Med Chem Lett,2002.0,"{'bei': '14.02', 'le': '0.27', 'lle': '3.16', 'sei': '6.03'}",CHEMBL69960,,CHEMBL69960,6.77,0.0,http://www.openphacts.org/units/Nanomolar,119494.0,=,1.0,1.0,=,,IC50,nM,,170.0,CHEMBL203,Homo sapiens,Epidermal growth factor receptor,9606.0,,,IC50,uM,UO_0000065,,0.17,6.769551078621726,1.0,482.9030000000001,3.614320000000001,3,6,112.24,4,5,3,O=C1Nc2ncnc(Nc3ccccc3)c2/C1=C/c1ccc(C(=O)N2CCOCC2)[nH]1,False,True,False,True
,,32270.0,[],CHEMBL621151,Inhibition of autophosphorylation of human epidermal growth factor-receptor (EGF-R) expressed in A431 cells,F,,,BAO_0000190,BAO_0000219,cell-based format,Cc1cc(C(=O)N2CCOCC2)[nH]c1/C=C1\C(=O)Nc2ncnc(Nc3ccc(F)c(Cl)c3)c21,,,CHEMBL1134862,Bioorg Med Chem Lett,2002.0,,CHEMBL69960,,CHEMBL69960,7.4,0.0,http://www.openphacts.org/units/Nanomolar,119494.0,=,1.0,1.0,=,,IC50,nM,,40.0,CHEMBL203,Homo sapiens,Epidermal growth factor receptor,9606.0,,,IC50,uM,UO_0000065,,0.04,7.397940008672037,1.0,482.9030000000001,3.614320000000001,3,6,112.24,4,5,3,O=C1Nc2ncnc(Nc3ccccc3)c2/C1=C/c1ccc(C(=O)N2CCOCC2)[nH]1,False,True,False,True
,,32272.0,[],CHEMBL615325,Inhibition of ligand-induced proliferation in human EGF-R Kinase expressing 3T3 cells,F,,,BAO_0000190,BAO_0000219,cell-based format,Cc1cc(C(=O)N2CCOCC2)[nH]c1/C=C1\C(=O)Nc2ncnc(Nc3ccc(F)c(Cl)c3)c21,,,CHEMBL1134862,Bioorg Med Chem Lett,2002.0,,CHEMBL69960,,CHEMBL69960,6.36,0.0,http://www.openphacts.org/units/Nanomolar,119494.0,=,1.0,1.0,=,,IC50,nM,,440.0,CHEMBL203,Homo sapiens,Epidermal growth factor receptor,9606.0,,,IC50,uM,UO_0000065,,0.44,6.356547323513812,1.0,482.9030000000001,3.614320000000001,3,6,112.24,4,5,3,O=C1Nc2ncnc(Nc3ccccc3)c2/C1=C/c1ccc(C(=O)N2CCOCC2)[nH]1,False,True,False,True
,,32680.0,[],CHEMBL677833,In vitro inhibition of Epidermal growth factor receptor tyrosine kinase isolated from A431 (human carcinoma).,B,,,BAO_0000190,BAO_0000357,single protein format,CN(c1ccccc1)c1ncnc2ccc(N/N=N/Cc3ccccn3)cc12,,,CHEMBL1145114,J Med Chem,2003.0,"{'bei': '13.62', 'le': '0.25', 'lle': '0.26', 'sei': '6.40'}",CHEMBL137635,,CHEMBL137635,5.03,0.0,http://www.openphacts.org/units/Nanomolar,262238.0,=,1.0,1.0,=,,IC50,nM,,9300.0,CHEMBL203,Homo sapiens,Epidermal growth factor receptor,9606.0,,,IC50,uM,UO_0000065,,9.3,5.031517051446065,0.0,369.4320000000001,4.772000000000004,1,6,78.66000000000001,6,4,4,c1ccc(Nc2ncnc3ccc(N/N=N/Cc4ccccn4)cc23)cc1,False,True,False,False
,,32770.0,[],CHEMBL674643,Inhibitory concentration of EGF dependent autophosphorylation of epidermal growth factor receptor kinase,B,,,BAO_0000190,BAO_0000357,single protein format,CC(=C(C#N)C#N)c1ccc(NC(=O)CCC(=O)O)cc1,Outside typical range,"Values for this activity type are unusually large/small, so may not be accurate",CHEMBL1124610,J Med Chem,1989.0,,CHEMBL306988,,CHEMBL306988,,0.0,http://www.openphacts.org/units/Nanomolar,137177.0,=,1.0,1.0,=,,IC50,nM,,500000.0,CHEMBL203,Homo sapiens,Epidermal growth factor receptor,9606.0,,,IC50,uM,UO_0000065,,500.0,3.3010299956639813,0.0,283.287,2.3105600000000006,2,4,113.98,5,1,1,c1ccccc1,False,True,False,False
,,32772.0,[],CHEMBL674643,Inhibitory concentration of EGF dependent autophosphorylation of epidermal growth factor receptor kinase,B,,,BAO_0000190,BAO_0000357,single protein format,O=C(O)/C=C/c1ccc(O)cc1,Outside typical range,"Values for this activity type are unusually large/small, so may not be accurate",CHEMBL1124610,J Med Chem,1989.0,,CHEMBL66879,COUMARIC ACID,CHEMBL66879,,0.0,http://www.openphacts.org/units/Nanomolar,137215.0,=,1.0,1.0,=,,IC50,nM,,3000000.0,CHEMBL203,Homo sapiens,Epidermal growth factor receptor,9606.0,,,IC50,uM,UO_0000065,,3000.0,2.5228787452803374,0.0,164.16,1.49,2,2,57.53,2,1,1,c1ccccc1,False,False,False,False
,,32780.0,[],CHEMBL674643,Inhibitory concentration of EGF dependent autophosphorylation of epidermal growth factor receptor kinase,B,,,BAO_0000190,BAO_0000357,single protein format,N#CC(C#N)=Cc1cc(O)ccc1[N+](=O)[O-],,,CHEMBL1124610,J Med Chem,1989.0,"{'bei': '18.67', 'le': '0.34', 'lle': '2.29', 'sei': '3.62'}",CHEMBL77085,,CHEMBL77085,4.02,0.0,http://www.openphacts.org/units/Nanomolar,137197.0,=,1.0,1.0,=,,IC50,nM,,96000.0,CHEMBL203,Homo sapiens,Epidermal growth factor receptor,9606.0,,,IC50,uM,UO_0000065,,96.0,4.017728766960431,0.0,215.168,1.73096,1,5,110.95000000000002,2,1,1,c1ccccc1,False,True,False,False
,,33406.0,[],CHEMBL674637,Inhibitory activity towards tyrosine phosphorylation for the epidermal growth factor-receptor kinase,B,,,BAO_0000190,BAO_0000357,single protein format,Cc1cc(C(=O)NCCN2CCOCC2)[nH]c1/C=C1\C(=O)N(C)c2ncnc(Nc3ccc(F)c(Cl)c3)c21,,,CHEMBL1134862,Bioorg Med Chem Lett,2002.0,"{'bei': '9.77', 'le': '0.19', 'lle': '2.04', 'sei': '4.57'}",CHEMBL443268,,CHEMBL443268,5.28,0.0,http://www.openphacts.org/units/Nanomolar,119495.0,=,1.0,1.0,=,,IC50,nM,,5310.0,CHEMBL203,Homo sapiens,Epidermal growth factor receptor,9606.0,,,IC50,uM,UO_0000065,,5.31,5.274905478918531,0.0,539.9990000000001,3.228220000000002,3,7,115.48,7,5,3,O=C1Nc2ncnc(Nc3ccccc3)c2/C1=C/c1ccc(C(=O)NCCN2CCOCC2)[nH]1,False,True,False,True
,,34039.0,[],CHEMBL674643,Inhibitory concentration of EGF dependent autophosphorylation of epidermal growth factor receptor kinase,B,,,BAO_0000190,BAO_0000357,single protein format,COc1cc(/C=C(\C#N)C(=O)O)cc(OC)c1O,Outside typical range,"Values for this activity type are unusually large/small, so may not be accurate",CHEMBL1124610,J Med Chem,1989.0,,CHEMBL76979,,CHEMBL76979,,0.0,http://www.openphacts.org/units/Nanomolar,137172.0,=,1.0,1.0,=,,IC50,nM,,264000.0,CHEMBL203,Homo sapiens,Epidermal growth factor receptor,9606.0,,,IC50,uM,UO_0000065,,264.0,3.5783960731301687,0.0,249.222,1.40098,2,5,99.78,4,1,1,c1ccccc1,False,False,False,False
,,34041.0,[],CHEMBL674643,Inhibitory concentration of EGF dependent autophosphorylation of epidermal growth factor receptor kinase,B,,,BAO_0000190,BAO_0000357,single protein format,N#CC(C#N)=C(N)/C(C#N)=C/c1ccc(O)cc1,,,CHEMBL1124610,J Med Chem,1989.0,"{'bei': '29.22', 'le': '0.52', 'lle': '5.34', 'sei': '5.87'}",CHEMBL76589,,CHEMBL76589,6.9,0.0,http://www.openphacts.org/units/Nanomolar,137232.0,=,1.0,1.0,=,,IC50,nM,,125.0,CHEMBL203,Homo sapiens,Epidermal growth factor receptor,9606.0,,,IC50,uM,UO_0000065,,0.125,6.903089986991944,1.0,236.234,1.55914,2,5,117.62,2,1,1,c1ccccc1,False,False,False,False
,,34045.0,[],CHEMBL674643,Inhibitory concentration of EGF dependent autophosphorylation of epidermal growth factor receptor kinase,B,,,BAO_0000190,BAO_0000357,single protein format,COc1cc(C=C(C#N)C#N)cc(OC)c1,Outside typical range,"Values for this activity type are unusually large/small, so may not be accurate",CHEMBL1124610,J Med Chem,1989.0,,CHEMBL77724,,CHEMBL77724,,0.0,http://www.openphacts.org/units/Nanomolar,137189.0,>,1.0,1.0,>,,IC50,nM,,1250000.0,CHEMBL203,Homo sapiens,Epidermal growth factor receptor,9606.0,,,IC50,uM,UO_0000065,,1250.0,2.903089986991944,0.0,214.224,2.13436,0,4,66.03999999999999,3,1,1,c1ccccc1,False,False,False,False
,,34047.0,[],CHEMBL674643,Inhibitory concentration of EGF dependent autophosphorylation of epidermal growth factor receptor kinase,B,,,BAO_0000190,BAO_0000357,single protein format,N#CC(C#N)=Cc1ccc(N2CCOCC2)cc1,Outside typical range,"Values for this activity type are unusually large/small, so may not be accurate",CHEMBL1124610,J Med Chem,1989.0,,CHEMBL420385,,CHEMBL420385,,0.0,http://www.openphacts.org/units/Nanomolar,137185.0,>,1.0,1.0,>,,IC50,nM,,625000.0,CHEMBL203,Homo sapiens,Epidermal growth factor receptor,9606.0,,,IC50,uM,UO_0000065,,625.0,3.204119982655925,0.0,239.2779999999999,1.95376,0,4,60.05,2,2,1,c1ccc(N2CCOCC2)cc1,False,True,False,False
,,34049.0,[],CHEMBL674643,Inhibitory concentration of EGF dependent autophosphorylation of epidermal growth factor receptor kinase,B,,,BAO_0000190,BAO_0000357,single protein format,N#CC(C#N)=Cc1ccc(O)c(O)c1,,,CHEMBL1124610,J Med Chem,1989.0,"{'bei': '23.93', 'le': '0.43', 'lle': '2.93', 'sei': '5.06'}",CHEMBL76904,TYRPHOSTIN 23,CHEMBL76904,4.46,0.0,http://www.openphacts.org/units/Nanomolar,137194.0,=,1.0,1.0,=,,IC50,nM,,35000.0,CHEMBL203,Homo sapiens,Epidermal growth factor receptor,9606.0,,,IC50,uM,UO_0000065,,35.0,4.455931955649724,0.0,186.17,1.52836,2,4,88.04,1,1,1,c1ccccc1,False,False,False,False
,,34051.0,[],CHEMBL674643,Inhibitory concentration of EGF dependent autophosphorylation of epidermal growth factor receptor kinase,B,,,BAO_0000190,BAO_0000357,single protein format,N[C@@H](Cc1ccc(O)c(O)c1)C(=O)O,Outside typical range,"Values for this activity type are unusually large/small, so may not be accurate",CHEMBL1124610,J Med Chem,1989.0,,CHEMBL1009,LEVODOPA,CHEMBL1009,,0.0,http://www.openphacts.org/units/Nanomolar,137202.0,=,1.0,1.0,=,,IC50,nM,,900000.0,CHEMBL203,Homo sapiens,Epidermal growth factor receptor,9606.0,,,IC50,uM,UO_0000065,,900.0,3.0457574905606752,0.0,197.19,0.0522000000000001,4,4,103.78000000000002,3,1,1,c1ccccc1,False,False,False,False
,,34669.0,[],CHEMBL674637,Inhibitory activity towards tyrosine phosphorylation for the epidermal growth factor-receptor kinase,B,,,BAO_0000190,BAO_0000357,single protein format,CCN(CC)CC(O)CNC(=O)c1cc(C)c(/C=C2\C(=O)Nc3ncnc(Nc4ccc(F)c(Cl)c4)c32)[nH]1,,,CHEMBL1134862,Bioorg Med Chem Lett,2002.0,"{'bei': '17.24', 'le': '0.34', 'lle': '5.78', 'sei': '6.91'}",CHEMBL304271,,CHEMBL304271,9.35,0.0,http://www.openphacts.org/units/Nanomolar,119504.0,=,1.0,1.0,=,,IC50,nM,,0.45,CHEMBL203,Homo sapiens,Epidermal growth factor receptor,9606.0,,,IC50,uM,UO_0000065,,0.00045,9.346787486224656,1.0,542.0150000000001,3.57442,5,7,135.27,10,4,3,O=C1Nc2ncnc(Nc3ccccc3)c2/C1=C/c1ccc[nH]1,False,True,False,True
,,35294.0,[],CHEMBL674643,Inhibitory concentration of EGF dependent autophosphorylation of epidermal growth factor receptor kinase,B,,,BAO_0000190,BAO_0000357,single protein format,N#C/C(=C\c1ccc(O)c(O)c1)C(N)=O,,,CHEMBL1124610,J Med Chem,1989.0,"{'bei': '24.49', 'le': '0.46', 'lle': '4.51', 'sei': '4.66'}",CHEMBL296407,,CHEMBL296407,5.0,0.0,http://www.openphacts.org/units/Nanomolar,137234.0,=,1.0,1.0,=,,IC50,nM,,10000.0,CHEMBL203,Homo sapiens,Epidermal growth factor receptor,9606.0,,,IC50,uM,UO_0000065,,10.0,5.0,0.0,204.185,0.4900799999999999,3,4,107.34,2,1,1,c1ccccc1,False,False,False,True
,,35296.0,[],CHEMBL674643,Inhibitory concentration of EGF dependent autophosphorylation of epidermal growth factor receptor kinase,B,,,BAO_0000190,BAO_0000357,single protein format,N#CC(C#N)=C(N)/C(C#N)=C/c1ccc(O)c([N+](=O)[O-])c1,,,CHEMBL1124610,J Med Chem,1989.0,"{'bei': '15.01', 'le': '0.27', 'lle': '2.75', 'sei': '2.63'}",CHEMBL309625,,CHEMBL309625,4.22,0.0,http://www.openphacts.org/units/Nanomolar,137231.0,=,1.0,1.0,=,,IC50,nM,,60000.0,CHEMBL203,Homo sapiens,Epidermal growth factor receptor,9606.0,,,IC50,uM,UO_0000065,,60.0,4.221848749616356,0.0,281.231,1.46734,2,7,160.76,3,1,1,c1ccccc1,False,True,False,False
,,35297.0,[],CHEMBL674643,Inhibitory concentration of EGF dependent autophosphorylation of epidermal growth factor receptor kinase,B,,,BAO_0000190,BAO_0000357,single protein format,COc1ccc(NN=C(C#N)C#N)cc1,Outside typical range,"Values for this activity type are unusually large/small, so may not be accurate",CHEMBL1124610,J Med Chem,1989.0,,CHEMBL77825,,CHEMBL77825,,0.0,http://www.openphacts.org/units/Nanomolar,137225.0,=,1.0,1.0,=,,IC50,nM,,600000.0,CHEMBL203,Homo sapiens,Epidermal growth factor receptor,9606.0,,,IC50,uM,UO_0000065,,600.0,3.221848749616356,0.0,200.201,1.5102599999999995,1,5,81.19999999999999,3,1,1,c1ccccc1,False,True,False,False
,,35301.0,[],CHEMBL674643,Inhibitory concentration of EGF dependent autophosphorylation of epidermal growth factor receptor kinase,B,,,BAO_0000190,BAO_0000357,single protein format,COc1cc(C=C(C#N)C#N)cc(OC)c1O,Outside typical range,"Values for this activity type are unusually large/small, so may not be accurate",CHEMBL1124610,J Med Chem,1989.0,,CHEMBL421877,,CHEMBL421877,,0.0,http://www.openphacts.org/units/Nanomolar,137187.0,=,1.0,1.0,=,,IC50,nM,,850000.0,CHEMBL203,Homo sapiens,Epidermal growth factor receptor,9606.0,,,IC50,uM,UO_0000065,,850.0,3.070581074285707,0.0,230.223,1.83996,1,5,86.27,3,1,1,c1ccccc1,False,False,False,False
,,36518.0,[],CHEMBL674643,Inhibitory concentration of EGF dependent autophosphorylation of epidermal growth factor receptor kinase,B,,,BAO_0000190,BAO_0000357,single protein format,N#CC(C#N)=Cc1cc(O)c(O)c(O)c1,,,CHEMBL1124610,J Med Chem,1989.0,"{'bei': '27.32', 'le': '0.50', 'lle': '4.29', 'sei': '5.10'}",CHEMBL310798,TYRPHOSTIN 25,CHEMBL310798,5.52,0.0,http://www.openphacts.org/units/Nanomolar,137192.0,=,1.0,1.0,=,,IC50,nM,,3000.0,CHEMBL203,Homo sapiens,Epidermal growth factor receptor,9606.0,,,IC50,uM,UO_0000065,,3.0,5.522878745280337,0.0,202.169,1.2339599999999995,3,5,108.27,1,1,1,c1ccccc1,False,False,False,False
,,37510.0,[],CHEMBL677833,In vitro inhibition of Epidermal growth factor receptor tyrosine kinase isolated from A431 (human carcinoma).,B,,,BAO_0000190,BAO_0000357,single protein format,C/N=N/Nc1ccc2ncnc(N(C)c3ccccc3)c2c1,,,CHEMBL1145114,J Med Chem,2003.0,"{'bei': '17.43', 'le': '0.32', 'lle': '1.29', 'sei': '7.75'}",CHEMBL135592,,CHEMBL135592,5.1,0.0,http://www.openphacts.org/units/Nanomolar,262235.0,=,1.0,1.0,=,,IC50,nM,,8000.0,CHEMBL203,Homo sapiens,Epidermal growth factor receptor,9606.0,,,IC50,uM,UO_0000065,,8.0,5.096910013008056,0.0,292.34600000000006,3.806600000000002,1,5,65.77,4,3,3,c1ccc(Nc2ncnc3ccccc23)cc1,False,True,False,False
,,40025.0,[],CHEMBL674643,Inhibitory concentration of EGF dependent autophosphorylation of epidermal growth factor receptor kinase,B,,,BAO_0000190,BAO_0000357,single protein format,N#C/C(=C\c1ccc([N+](=O)[O-])cc1)C(=O)O,Outside typical range,"Values for this activity type are unusually large/small, so may not be accurate",CHEMBL1124610,J Med Chem,1989.0,,CHEMBL309866,,CHEMBL309866,,0.0,http://www.openphacts.org/units/Nanomolar,137171.0,=,1.0,1.0,=,,IC50,nM,,1300000.0,CHEMBL203,Homo sapiens,Epidermal growth factor receptor,9606.0,,,IC50,uM,UO_0000065,,1300.0,2.886056647693163,0.0,218.168,1.58638,1,4,104.23,3,1,1,c1ccccc1,False,True,False,False
,,40026.0,[],CHEMBL674643,Inhibitory concentration of EGF dependent autophosphorylation of epidermal growth factor receptor kinase,B,,,BAO_0000190,BAO_0000357,single protein format,N#C/C(=C/c1ccc[nH]1)C(=O)O,Outside typical range,"Values for this activity type are unusually large/small, so may not be accurate",CHEMBL1124610,J Med Chem,1989.0,,CHEMBL77381,,CHEMBL77381,,0.0,http://www.openphacts.org/units/Nanomolar,137219.0,=,1.0,1.0,=,,IC50,nM,,1360000.0,CHEMBL203,Homo sapiens,Epidermal growth factor receptor,9606.0,,,IC50,uM,UO_0000065,,1360.0,2.8664610916297826,0.0,162.14799999999997,1.0062799999999998,2,2,76.88,2,1,1,c1cc[nH]c1,False,False,False,False
,,41220.0,[],CHEMBL674643,Inhibitory concentration of EGF dependent autophosphorylation of epidermal growth factor receptor kinase,B,,,BAO_0000190,BAO_0000357,single protein format,N#C/C(=C\c1ccc(O)cc1)C(=O)O,Outside typical range,"Values for this activity type are unusually large/small, so may not be accurate",CHEMBL1124610,J Med Chem,1989.0,,CHEMBL76602,alpha-CYANO-4-HYDROXYCINNAMIC ACID,CHEMBL76602,,0.0,http://www.openphacts.org/units/Nanomolar,137236.0,=,1.0,1.0,=,,IC50,nM,,165000.0,CHEMBL203,Homo sapiens,Epidermal growth factor receptor,9606.0,,,IC50,uM,UO_0000065,,165.0,3.7825160557860937,0.0,189.17,1.3837799999999998,2,3,81.32,2,1,1,c1ccccc1,False,False,False,False
,,41222.0,[],CHEMBL674643,Inhibitory concentration of EGF dependent autophosphorylation of epidermal growth factor receptor kinase,B,,,BAO_0000190,BAO_0000357,single protein format,N#CC(C#N)=Cc1ccncc1,Outside typical range,"Values for this activity type are unusually large/small, so may not be accurate",CHEMBL1124610,J Med Chem,1989.0,,CHEMBL77737,,CHEMBL77737,,0.0,http://www.openphacts.org/units/Nanomolar,137217.0,=,1.0,1.0,=,,IC50,nM,,250000.0,CHEMBL203,Homo sapiens,Epidermal growth factor receptor,9606.0,,,IC50,uM,UO_0000065,,250.0,3.6020599913279625,0.0,155.15999999999997,1.51216,0,3,60.47,1,1,1,c1ccncc1,False,False,False,False
,,41224.0,[],CHEMBL674643,Inhibitory concentration of EGF dependent autophosphorylation of epidermal growth factor receptor kinase,B,,,BAO_0000190,BAO_0000357,single protein format,N#CC(C#N)=Cc1ccc(F)cc1,Outside typical range,"Values for this activity type are unusually large/small, so may not be accurate",CHEMBL1124610,J Med Chem,1989.0,,CHEMBL76983,,CHEMBL76983,,0.0,http://www.openphacts.org/units/Nanomolar,137188.0,>,1.0,1.0,>,,IC50,nM,,1250000.0,CHEMBL203,Homo sapiens,Epidermal growth factor receptor,9606.0,,,IC50,uM,UO_0000065,,1250.0,2.903089986991944,0.0,172.16199999999998,2.25626,0,2,47.58,1,1,1,c1ccccc1,False,False,False,False
,,41226.0,[],CHEMBL674643,Inhibitory concentration of EGF dependent autophosphorylation of epidermal growth factor receptor kinase,B,,,BAO_0000190,BAO_0000357,single protein format,N#CC(C#N)=Cc1ccc(O)c([N+](=O)[O-])c1,Outside typical range,"Values for this activity type are unusually large/small, so may not be accurate",CHEMBL1124610,J Med Chem,1989.0,,CHEMBL308134,,CHEMBL308134,,0.0,http://www.openphacts.org/units/Nanomolar,137198.0,=,1.0,1.0,=,,IC50,nM,,125000.0,CHEMBL203,Homo sapiens,Epidermal growth factor receptor,9606.0,,,IC50,uM,UO_0000065,,125.0,3.903089986991944,0.0,215.168,1.7309600000000005,1,5,110.95000000000002,2,1,1,c1ccccc1,False,True,False,False
,,42300.0,[],CHEMBL677833,In vitro inhibition of Epidermal growth factor receptor tyrosine kinase isolated from A431 (human carcinoma).,B,,,BAO_0000190,BAO_0000357,single protein format,CN(C)/N=N/c1ccc2ncnc(Nc3cccc(Cl)c3)c2c1,,,CHEMBL1145114,J Med Chem,2003.0,"{'bei': '24.03', 'le': '0.47', 'lle': '3.26', 'sei': '11.94'}",CHEMBL136491,,CHEMBL136491,7.85,0.0,http://www.openphacts.org/units/Nanomolar,262243.0,=,1.0,1.0,=,,IC50,nM,,14.0,CHEMBL203,Homo sapiens,Epidermal growth factor receptor,9606.0,,,IC50,uM,UO_0000065,,0.014,7.853871964321762,1.0,326.791,4.587100000000003,1,5,65.77,4,3,3,c1ccc(Nc2ncnc3ccccc23)cc1,False,True,False,False
,,42432.0,[],CHEMBL674643,Inhibitory concentration of EGF dependent autophosphorylation of epidermal growth factor receptor kinase,B,,,BAO_0000190,BAO_0000357,single protein format,CC(=C(C#N)C#N)c1ccc(N)cc1,Outside typical range,"Values for this activity type are unusually large/small, so may not be accurate",CHEMBL1124610,J Med Chem,1989.0,,CHEMBL77280,,CHEMBL77280,,0.0,http://www.openphacts.org/units/Nanomolar,137181.0,>,1.0,1.0,>,,IC50,nM,,1250000.0,CHEMBL203,Homo sapiens,Epidermal growth factor receptor,9606.0,,,IC50,uM,UO_0000065,,1250.0,2.903089986991944,0.0,183.214,2.08946,1,3,73.6,1,1,1,c1ccccc1,False,True,False,False
,,43662.0,[],CHEMBL674643,Inhibitory concentration of EGF dependent autophosphorylation of epidermal growth factor receptor kinase,B,,,BAO_0000190,BAO_0000357,single protein format,N#CCNC(=O)/C(C#N)=C/c1ccc(O)cc1,Outside typical range,"Values for this activity type are unusually large/small, so may not be accurate",CHEMBL1124610,J Med Chem,1989.0,,CHEMBL76557,,CHEMBL76557,,0.0,http://www.openphacts.org/units/Nanomolar,137178.0,=,1.0,1.0,=,,IC50,nM,,625000.0,CHEMBL203,Homo sapiens,Epidermal growth factor receptor,9606.0,,,IC50,uM,UO_0000065,,625.0,3.204119982655925,0.0,155.10899999999998,1.0059999999999998,2,4,83.60000000000001,1,1,1,c1ccccc1,False,False,False,True
,,44685.0,[],CHEMBL677833,In vitro inhibition of Epidermal growth factor receptor tyrosine kinase isolated from A431 (human carcinoma).,B,,,BAO_0000190,BAO_0000357,single protein format,Cc1cccc(Nc2ncnc3ccc(N)cc23)c1,,,CHEMBL1145114,J Med Chem,2003.0,"{'bei': '23.97', 'le': '0.43', 'lle': '2.74', 'sei': '9.40'}",CHEMBL336113,,CHEMBL336113,6.0,0.0,http://www.openphacts.org/units/Nanomolar,262227.0,=,1.0,1.0,=,,IC50,nM,,1000.0,CHEMBL203,Homo sapiens,Epidermal growth factor receptor,9606.0,,,IC50,uM,UO_0000065,,1.0,6.0,1.0,227.223,0.93896,2,4,96.91,3,1,1,c1ccc(Nc2ncnc3ccccc23)cc1,False,True,False,False
,,44690.0,[],CHEMBL677833,In vitro inhibition of Epidermal growth factor receptor tyrosine kinase isolated from A431 (human carcinoma).,B,,,BAO_0000190,BAO_0000357,single protein format,C/N=N/Nc1ccc2ncnc(Nc3cccc(Cl)c3)c2c1,,,CHEMBL1145114,J Med Chem,2003.0,"{'bei': '22.38', 'le': '0.43', 'lle': '2.56', 'sei': '9.39'}",CHEMBL133024,,CHEMBL133024,7.0,0.0,http://www.openphacts.org/units/Nanomolar,262245.0,=,1.0,1.0,=,,IC50,nM,,100.0,CHEMBL203,Homo sapiens,Epidermal growth factor receptor,9606.0,,,IC50,uM,UO_0000065,,0.1,7.0,1.0,250.30500000000004,3.2640200000000004,2,4,63.83,2,3,3,c1ccc(Nc2ncnc3ccccc23)cc1,False,True,False,False
,,44695.0,[],CHEMBL677833,In vitro inhibition of Epidermal growth factor receptor tyrosine kinase isolated from A431 (human carcinoma).,B,,,BAO_0000190,BAO_0000357,single protein format,CN(C)/N=N/c1ccc2ncnc(N(C)c3ccccc3)c2c1,,,CHEMBL1145114,J Med Chem,2003.0,"{'bei': '15.91', 'le': '0.29', 'lle': '0.91', 'sei': '8.55'}",CHEMBL344652,,CHEMBL344652,4.88,0.0,http://www.openphacts.org/units/Nanomolar,262234.0,=,1.0,1.0,=,,IC50,nM,,13350.0,CHEMBL203,Homo sapiens,Epidermal growth factor receptor,9606.0,,,IC50,uM,UO_0000065,,13.35,4.874518734299406,0.0,312.76400000000007,4.435700000000002,2,5,74.56,4,3,3,c1ccc(Nc2ncnc3ccccc23)cc1,False,True,False,False
,,44885.0,[],CHEMBL674643,Inhibitory concentration of EGF dependent autophosphorylation of epidermal growth factor receptor kinase,B,,,BAO_0000190,BAO_0000357,single protein format,N#CC(C#N)=CNc1ccc(O)cc1,Outside typical range,"Values for this activity type are unusually large/small, so may not be accurate",CHEMBL1124610,J Med Chem,1989.0,,CHEMBL77814,,CHEMBL77814,,0.0,http://www.openphacts.org/units/Nanomolar,137223.0,=,1.0,1.0,=,,IC50,nM,,350000.0,CHEMBL203,Homo sapiens,Epidermal growth factor receptor,9606.0,,,IC50,uM,UO_0000065,,350.0,3.4559319556497243,0.0,306.373,3.958000000000003,0,5,56.98,4,3,3,c1ccccc1,False,True,False,False
,,44886.0,[],CHEMBL674643,Inhibitory concentration of EGF dependent autophosphorylation of epidermal growth factor receptor kinase,B,,,BAO_0000190,BAO_0000357,single protein format,O=CN/C=C/c1cc(O)ccc1O,,,CHEMBL1124610,J Med Chem,1989.0,"{'bei': '27.09', 'le': '0.51', 'lle': '4.04', 'sei': '6.98'}",CHEMBL47986,ERBSTATIN,CHEMBL47986,4.85,0.0,http://www.openphacts.org/units/Nanomolar,137221.0,=,1.0,1.0,=,,IC50,nM,,14000.0,CHEMBL203,Homo sapiens,Epidermal growth factor receptor,9606.0,,,IC50,uM,UO_0000065,,14.0,4.853871964321762,0.0,185.186,1.7351599999999998,2,4,79.84,2,1,1,c1ccccc1,False,False,False,False
,,45867.0,[],CHEMBL677833,In vitro inhibition of Epidermal growth factor receptor tyrosine kinase isolated from A431 (human carcinoma).,B,,,BAO_0000190,BAO_0000357,single protein format,Brc1cccc(Nc2ncnc3ccc(N/N=N/Cc4ccccn4)cc23)c1,,,CHEMBL1145114,J Med Chem,2003.0,"{'bei': '15.25', 'le': '0.32', 'lle': '1.11', 'sei': '7.57'}",CHEMBL138125,,CHEMBL138125,6.62,0.0,http://www.openphacts.org/units/Nanomolar,262239.0,=,1.0,1.0,=,,IC50,nM,,238.0,CHEMBL203,Homo sapiens,Epidermal growth factor receptor,9606.0,,,IC50,uM,UO_0000065,,0.238,6.623423042943488,1.0,179.17499999999998,0.8144999999999998,3,3,69.56,3,1,1,c1ccc(Nc2ncnc3ccc(N/N=N/Cc4ccccn4)cc23)cc1,False,True,False,False
,,45872.0,[],CHEMBL677833,In vitro inhibition of Epidermal growth factor receptor tyrosine kinase isolated from A431 (human carcinoma).,B,,,BAO_0000190,BAO_0000357,single protein format,Brc1cccc(Nc2ncnc3ccc(N/N=N/CCN4CCOCC4)cc23)c1,,,CHEMBL1145114,J Med Chem,2003.0,"{'bei': '15.76', 'le': '0.34', 'lle': '2.94', 'sei': '8.27'}",CHEMBL137364,,CHEMBL137364,7.19,0.0,http://www.openphacts.org/units/Nanomolar,262236.0,=,1.0,1.0,=,,IC50,nM,,64.0,CHEMBL203,Homo sapiens,Epidermal growth factor receptor,9606.0,,,IC50,uM,UO_0000065,,0.064,7.1938200260161125,1.0,138.122,1.0903999999999998,2,2,57.53,1,1,1,c1ccc(Nc2ncnc3ccc(N/N=N/CCN4CCOCC4)cc23)cc1,False,True,False,False
,,45958.0,[],CHEMBL674643,Inhibitory concentration of EGF dependent autophosphorylation of epidermal growth factor receptor kinase,B,,,BAO_0000190,BAO_0000357,single protein format,N#CC(C#N)=C1C(=O)NC(=O)NC1=O,Outside typical range,"Values for this activity type are unusually large/small, so may not be accurate",CHEMBL1124610,J Med Chem,1989.0,,CHEMBL308339,,CHEMBL308339,,0.0,http://www.openphacts.org/units/Nanomolar,137222.0,=,1.0,1.0,=,,IC50,nM,,1400000.0,CHEMBL203,Homo sapiens,Epidermal growth factor receptor,9606.0,,,IC50,uM,UO_0000065,,1400.0,2.853871964321762,0.0,434.30100000000016,5.510200000000003,2,6,87.45,6,4,4,C=C1C(=O)NC(=O)NC1=O,False,False,False,True
,,45961.0,[],CHEMBL674643,Inhibitory concentration of EGF dependent autophosphorylation of epidermal growth factor receptor kinase,B,,,BAO_0000190,BAO_0000357,single protein format,N#CC(C#N)=Cc1ccc(C(=O)O)cc1,Outside typical range,"Values for this activity type are unusually large/small, so may not be accurate",CHEMBL1124610,J Med Chem,1989.0,,CHEMBL78174,,CHEMBL78174,,0.0,http://www.openphacts.org/units/Nanomolar,137209.0,=,1.0,1.0,=,,IC50,nM,,430000.0,CHEMBL203,Homo sapiens,Epidermal growth factor receptor,9606.0,,,IC50,uM,UO_0000065,,430.0,3.3665315444204134,0.0,456.3480000000004,4.247200000000003,2,7,87.03,7,4,3,c1ccccc1,False,False,False,False
,,46694.0,[],CHEMBL674637,Inhibitory activity towards tyrosine phosphorylation for the epidermal growth factor-receptor kinase,B,,,BAO_0000190,BAO_0000357,single protein format,O=C1Nc2ncnc(Nc3ccc(F)c(Cl)c3)c2/C1=C/c1ccc(C(=O)NCCN2CCOCC2)[nH]1,,,CHEMBL1134862,Bioorg Med Chem Lett,2002.0,"{'bei': '14.96', 'le': '0.29', 'lle': '4.76', 'sei': '6.16'}",CHEMBL302552,,CHEMBL302552,7.66,0.0,http://www.openphacts.org/units/Nanomolar,119505.0,=,1.0,1.0,=,,IC50,nM,,22.0,CHEMBL203,Homo sapiens,Epidermal growth factor receptor,9606.0,,,IC50,uM,UO_0000065,,0.022,7.657577319177793,1.0,190.118,-1.30384,2,5,122.85,0,1,0,O=C1Nc2ncnc(Nc3ccccc3)c2/C1=C/c1ccc(C(=O)NCCN2CCOCC2)[nH]1,False,True,False,True
,,47278.0,[],CHEMBL674643,Inhibitory concentration of EGF dependent autophosphorylation of epidermal growth factor receptor kinase,B,,,BAO_0000190,BAO_0000357,single protein format,N#CC(C#N)=C(O)c1cc(O)c(O)c(O)c1,,,CHEMBL1124610,J Med Chem,1989.0,"{'bei': '22.32', 'le': '0.42', 'lle': '3.75', 'sei': '3.79'}",CHEMBL309598,,CHEMBL309598,4.87,0.0,http://www.openphacts.org/units/Nanomolar,137174.0,=,1.0,1.0,=,,IC50,nM,,13500.0,CHEMBL203,Homo sapiens,Epidermal growth factor receptor,9606.0,,,IC50,uM,UO_0000065,,13.5,4.8696662315049934,0.0,198.181,1.81536,1,3,84.88000000000001,2,1,1,c1ccccc1,False,False,False,False
,,47286.0,[],CHEMBL674643,Inhibitory concentration of EGF dependent autophosphorylation of epidermal growth factor receptor kinase,B,,,BAO_0000190,BAO_0000357,single protein format,COc1ccc(C=C(C#N)C#N)cc1O,Outside typical range,"Values for this activity type are unusually large/small, so may not be accurate",CHEMBL1124610,J Med Chem,1989.0,,CHEMBL78302,,CHEMBL78302,,0.0,http://www.openphacts.org/units/Nanomolar,137206.0,>,1.0,1.0,>,,IC50,nM,,250000.0,CHEMBL203,Homo sapiens,Epidermal growth factor receptor,9606.0,,,IC50,uM,UO_0000065,,250.0,3.6020599913279625,0.0,511.9450000000004,2.895500000000001,4,7,124.26999999999998,7,5,3,c1ccccc1,False,False,False,False
,,47933.0,[],CHEMBL674637,Inhibitory activity towards tyrosine phosphorylation for the epidermal growth factor-receptor kinase,B,,,BAO_0000190,BAO_0000357,single protein format,Cc1cc(C(=O)N2CCOCC2)[nH]c1/C=C1\C(=O)Nc2ncnc(Nc3ccc4c(ccn4Cc4ccccc4)c3)c21,,,CHEMBL1134862,Bioorg Med Chem Lett,2002.0,"{'bei': '14.91', 'le': '0.27', 'lle': '3.53', 'sei': '7.12'}",CHEMBL67057,,CHEMBL67057,8.35,0.0,http://www.openphacts.org/units/Nanomolar,119500.0,=,1.0,1.0,=,,IC50,nM,,4.5,CHEMBL203,Homo sapiens,Epidermal growth factor receptor,9606.0,,,IC50,uM,UO_0000065,,0.0045,8.346787486224656,1.0,218.168,1.11966,4,6,128.5,1,1,1,O=C1Nc2ncnc(Nc3ccc4c(ccn4Cc4ccccc4)c3)c2/C1=C/c1ccc(C(=O)N2CCOCC2)[nH]1,False,True,False,True
,,47936.0,[],CHEMBL621151,Inhibition of autophosphorylation of human epidermal growth factor-receptor (EGF-R) expressed in A431 cells,F,,,BAO_0000190,BAO_0000219,cell-based format,Cc1cc(C(=O)N2CCOCC2)[nH]c1/C=C1\C(=O)Nc2ncnc(Nc3ccc4c(ccn4Cc4ccccc4)c3)c21,,,CHEMBL1134862,Bioorg Med Chem Lett,2002.0,,CHEMBL67057,,CHEMBL67057,7.0,0.0,http://www.openphacts.org/units/Nanomolar,119500.0,=,1.0,1.0,=,,IC50,nM,,100.0,CHEMBL203,Homo sapiens,Epidermal growth factor receptor,9606.0,,,IC50,uM,UO_0000065,,0.1,7.0,1.0,200.197,1.83136,1,4,77.03999999999999,2,1,1,O=C1Nc2ncnc(Nc3ccc4c(ccn4Cc4ccccc4)c3)c2/C1=C/c1ccc(C(=O)N2CCOCC2)[nH]1,False,True,False,True
,,48459.0,[],CHEMBL677833,In vitro inhibition of Epidermal growth factor receptor tyrosine kinase isolated from A431 (human carcinoma).,B,,,BAO_0000190,BAO_0000357,single protein format,Nc1ccc2ncnc(NCc3ccccc3)c2c1,,,CHEMBL1145114,J Med Chem,2003.0,"{'bei': '25.15', 'le': '0.45', 'lle': '3.47', 'sei': '9.86'}",CHEMBL332096,,CHEMBL332096,6.29,0.0,http://www.openphacts.org/units/Nanomolar,262229.0,=,1.0,1.0,=,,IC50,nM,,508.0,CHEMBL203,Homo sapiens,Epidermal growth factor receptor,9606.0,,,IC50,uM,UO_0000065,,0.508,6.29413628771608,1.0,559.6300000000002,4.824820000000003,3,6,117.17,6,7,5,c1ccc(CNc2ncnc3ccccc23)cc1,False,True,False,False
,,48552.0,[],CHEMBL674643,Inhibitory concentration of EGF dependent autophosphorylation of epidermal growth factor receptor kinase,B,,,BAO_0000190,BAO_0000357,single protein format,N#CC(C#N)=Cc1ccc([N+](=O)[O-])c(O)c1,Outside typical range,"Values for this activity type are unusually large/small, so may not be accurate",CHEMBL1124610,J Med Chem,1989.0,,CHEMBL77387,,CHEMBL77387,,0.0,http://www.openphacts.org/units/Nanomolar,137211.0,=,1.0,1.0,=,,IC50,nM,,450000.0,CHEMBL203,Homo sapiens,Epidermal growth factor receptor,9606.0,,,IC50,uM,UO_0000065,,450.0,3.3467874862246565,0.0,559.6300000000002,4.824820000000003,3,6,117.17,6,7,5,c1ccccc1,False,True,False,False
,,49320.0,[],CHEMBL674637,Inhibitory activity towards tyrosine phosphorylation for the epidermal growth factor-receptor kinase,B,,,BAO_0000190,BAO_0000357,single protein format,CCN(CC)CCNC(=O)c1c(C)[nH]c(/C=C2\C(=O)Nc3ncnc(Nc4ccc(F)c(Cl)c4)c32)c1C,,,CHEMBL1134862,Bioorg Med Chem Lett,2002.0,"{'bei': '12.74', 'le': '0.25', 'lle': '2.18', 'sei': '5.82'}",CHEMBL432903,,CHEMBL432903,6.7,0.0,http://www.openphacts.org/units/Nanomolar,119484.0,=,1.0,1.0,=,,IC50,nM,,200.0,CHEMBL203,Homo sapiens,Epidermal growth factor receptor,9606.0,,,IC50,uM,UO_0000065,,0.2,6.698970004336019,1.0,559.6300000000002,4.824820000000003,3,6,117.17,6,7,5,O=C1Nc2ncnc(Nc3ccccc3)c2/C1=C/c1ccc[nH]1,False,True,False,True
,,49323.0,[],CHEMBL674637,Inhibitory activity towards tyrosine phosphorylation for the epidermal growth factor-receptor kinase,B,,,BAO_0000190,BAO_0000357,single protein format,Cc1cc(/C=C2\C(=O)Nc3ncnc(Nc4ccc(F)c(Cl)c4)c32)[nH]c1C(=O)N1CCN(C)CC1,,,CHEMBL1134862,Bioorg Med Chem Lett,2002.0,"{'bei': '13.46', 'le': '0.26', 'lle': '3.15', 'sei': '6.28'}",CHEMBL69964,,CHEMBL69964,6.68,0.0,http://www.openphacts.org/units/Nanomolar,119492.0,=,1.0,1.0,=,,IC50,nM,,210.0,CHEMBL203,Homo sapiens,Epidermal growth factor receptor,9606.0,,,IC50,uM,UO_0000065,,0.21,6.6777807052660805,1.0,250.30500000000004,2.8241000000000014,2,4,63.83,3,3,3,O=C1Nc2ncnc(Nc3ccccc3)c2/C1=C/c1ccc(C(=O)N2CCNCC2)[nH]1,False,True,False,True
,,49326.0,[],CHEMBL674637,Inhibitory activity towards tyrosine phosphorylation for the epidermal growth factor-receptor kinase,B,,,BAO_0000190,BAO_0000357,single protein format,Cc1cc(C(=O)N2CCOCC2)[nH]c1/C=C1\C(=O)Nc2ncnc(Nc3ccc4c(c3)CCC4)c21,,,CHEMBL1134862,Bioorg Med Chem Lett,2002.0,"{'bei': '12.43', 'le': '0.23', 'lle': '2.54', 'sei': '5.21'}",CHEMBL65848,,CHEMBL65848,5.85,0.0,http://www.openphacts.org/units/Nanomolar,119501.0,=,1.0,1.0,=,,IC50,nM,,1410.0,CHEMBL203,Homo sapiens,Epidermal growth factor receptor,9606.0,,,IC50,uM,UO_0000065,,1.41,5.85078088734462,0.0,215.16799999999995,1.7309599999999998,1,5,110.95,2,1,1,O=C1Nc2ncnc(Nc3ccc4c(c3)CCC4)c2/C1=C/c1ccc(C(=O)N2CCOCC2)[nH]1,False,True,False,True
,,49329.0,[],CHEMBL621151,Inhibition of autophosphorylation of human epidermal growth factor-receptor (EGF-R) expressed in A431 cells,F,,,BAO_0000190,BAO_0000219,cell-based format,Cc1cc(C(=O)N2CCOCC2)[nH]c1/C=C1\C(=O)Nc2ncnc(Nc3ccc4c(c3)CCC4)c21,,,CHEMBL1134862,Bioorg Med Chem Lett,2002.0,,CHEMBL65848,,CHEMBL65848,5.3,0.0,http://www.openphacts.org/units/Nanomolar,119501.0,=,1.0,1.0,=,,IC50,nM,,5000.0,CHEMBL203,Homo sapiens,Epidermal growth factor receptor,9606.0,,,IC50,uM,UO_0000065,,5.0,5.301029995663981,0.0,526.0160000000002,4.5219400000000025,4,6,115.04,9,4,3,O=C1Nc2ncnc(Nc3ccc4c(c3)CCC4)c2/C1=C/c1ccc(C(=O)N2CCOCC2)[nH]1,False,True,False,True
,,49331.0,[],CHEMBL615325,Inhibition of ligand-induced proliferation in human EGF-R Kinase expressing 3T3 cells,F,,,BAO_0000190,BAO_0000219,cell-based format,Cc1cc(C(=O)N2CCOCC2)[nH]c1/C=C1\C(=O)Nc2ncnc(Nc3ccc4c(c3)CCC4)c21,,,CHEMBL1134862,Bioorg Med Chem Lett,2002.0,,CHEMBL65848,,CHEMBL65848,5.37,0.0,http://www.openphacts.org/units/Nanomolar,119501.0,=,1.0,1.0,=,,IC50,nM,,4320.0,CHEMBL203,Homo sapiens,Epidermal growth factor receptor,9606.0,,,IC50,uM,UO_0000065,,4.32,5.364516253185088,0.0,495.9460000000004,3.529520000000001,3,6,106.24999999999996,4,5,3,O=C1Nc2ncnc(Nc3ccc4c(c3)CCC4)c2/C1=C/c1ccc(C(=O)N2CCOCC2)[nH]1,False,True,False,True
,,49986.0,[],CHEMBL674643,Inhibitory concentration of EGF dependent autophosphorylation of epidermal growth factor receptor kinase,B,,,BAO_0000190,BAO_0000357,single protein format,N#C/C(=C\c1ccc(F)cc1)C(=O)O,Outside typical range,"Values for this activity type are unusually large/small, so may not be accurate",CHEMBL1124610,J Med Chem,1989.0,,CHEMBL78184,,CHEMBL78184,,0.0,http://www.openphacts.org/units/Nanomolar,137170.0,=,1.0,1.0,=,,IC50,nM,,833000.0,CHEMBL203,Homo sapiens,Epidermal growth factor receptor,9606.0,,,IC50,uM,UO_0000065,,833.0,3.0793549985932125,0.0,470.5330000000002,3.310520000000001,3,6,112.24,4,6,3,c1ccccc1,False,False,False,False
,,49988.0,[],CHEMBL674643,Inhibitory concentration of EGF dependent autophosphorylation of epidermal growth factor receptor kinase,B,,,BAO_0000190,BAO_0000357,single protein format,N#C/C(=C\c1ccc(C=O)cc1)C(=O)O,,,CHEMBL1124610,J Med Chem,1989.0,"{'bei': '21.51', 'le': '0.39', 'lle': '2.84', 'sei': '5.54'}",CHEMBL76985,,CHEMBL76985,4.33,0.0,http://www.openphacts.org/units/Nanomolar,137173.0,=,1.0,1.0,=,,IC50,nM,,47000.0,CHEMBL203,Homo sapiens,Epidermal growth factor receptor,9606.0,,,IC50,uM,UO_0000065,,47.0,4.327902142064283,0.0,470.5330000000002,3.310520000000001,3,6,112.24,4,6,3,c1ccccc1,False,False,False,False
,,49992.0,[],CHEMBL674643,Inhibitory concentration of EGF dependent autophosphorylation of epidermal growth factor receptor kinase,B,,,BAO_0000190,BAO_0000357,single protein format,O=C(O)/C=C/c1ccc(O)c(O)c1,Outside typical range,"Values for this activity type are unusually large/small, so may not be accurate",CHEMBL1124610,J Med Chem,1989.0,,CHEMBL145,CAFFEIC ACID,CHEMBL145,,0.0,http://www.openphacts.org/units/Nanomolar,137201.0,=,1.0,1.0,=,,IC50,nM,,1200000.0,CHEMBL203,Homo sapiens,Epidermal growth factor receptor,9606.0,,,IC50,uM,UO_0000065,,1200.0,2.920818753952376,0.0,470.5330000000002,3.310520000000001,3,6,112.24,4,6,3,c1ccccc1,False,False,False,False
,,50668.0,[],CHEMBL674637,Inhibitory activity towards tyrosine phosphorylation for the epidermal growth factor-receptor kinase,B,,,BAO_0000190,BAO_0000357,single protein format,Cc1cc(C(=O)NCCN2CCOCC2)[nH]c1/C=C1\C(=O)Nc2ncnc(Nc3ccc(F)c(Cl)c3)c21,,,CHEMBL1134862,Bioorg Med Chem Lett,2002.0,"{'bei': '15.57', 'le': '0.30', 'lle': '4.99', 'sei': '6.59'}",CHEMBL69629,,CHEMBL69629,8.19,0.0,http://www.openphacts.org/units/Nanomolar,119487.0,=,1.0,1.0,=,,IC50,nM,,6.5,CHEMBL203,Homo sapiens,Epidermal growth factor receptor,9606.0,,,IC50,uM,UO_0000065,,0.0065,8.187086643357144,1.0,386.45500000000015,4.558700000000004,2,5,86.19000000000001,4,5,4,O=C1Nc2ncnc(Nc3ccccc3)c2/C1=C/c1ccc(C(=O)NCCN2CCOCC2)[nH]1,False,True,False,True
,,50671.0,[],CHEMBL621151,Inhibition of autophosphorylation of human epidermal growth factor-receptor (EGF-R) expressed in A431 cells,F,,,BAO_0000190,BAO_0000219,cell-based format,Cc1cc(C(=O)NCCN2CCOCC2)[nH]c1/C=C1\C(=O)Nc2ncnc(Nc3ccc(F)c(Cl)c3)c21,,,CHEMBL1134862,Bioorg Med Chem Lett,2002.0,,CHEMBL69629,,CHEMBL69629,7.4,0.0,http://www.openphacts.org/units/Nanomolar,119487.0,=,1.0,1.0,=,,IC50,nM,,40.0,CHEMBL203,Homo sapiens,Epidermal growth factor receptor,9606.0,,,IC50,uM,UO_0000065,,0.04,7.397940008672037,1.0,191.161,1.81728,1,2,61.09,2,1,1,O=C1Nc2ncnc(Nc3ccccc3)c2/C1=C/c1ccc(C(=O)NCCN2CCOCC2)[nH]1,False,True,False,True
,,50673.0,[],CHEMBL615325,Inhibition of ligand-induced proliferation in human EGF-R Kinase expressing 3T3 cells,F,,,BAO_0000190,BAO_0000219,cell-based format,Cc1cc(C(=O)NCCN2CCOCC2)[nH]c1/C=C1\C(=O)Nc2ncnc(Nc3ccc(F)c(Cl)c3)c21,,,CHEMBL1134862,Bioorg Med Chem Lett,2002.0,,CHEMBL69629,,CHEMBL69629,5.69,0.0,http://www.openphacts.org/units/Nanomolar,119487.0,=,1.0,1.0,=,,IC50,nM,,2050.0,CHEMBL203,Homo sapiens,Epidermal growth factor receptor,9606.0,,,IC50,uM,UO_0000065,,2.05,5.688246138944246,0.0,201.181,1.49068,1,3,78.16,3,1,1,O=C1Nc2ncnc(Nc3ccccc3)c2/C1=C/c1ccc(C(=O)NCCN2CCOCC2)[nH]1,False,True,False,True
,,51141.0,[],CHEMBL677833,In vitro inhibition of Epidermal growth factor receptor tyrosine kinase isolated from A431 (human carcinoma).,B,,,BAO_0000190,BAO_0000357,single protein format,CN(c1ccccc1)c1ncnc2ccc(N)cc12,,,CHEMBL1145114,J Med Chem,2003.0,"{'bei': '20.28', 'le': '0.36', 'lle': '2.10', 'sei': '9.22'}",CHEMBL136492,,CHEMBL136492,5.08,0.0,http://www.openphacts.org/units/Nanomolar,262246.0,=,1.0,1.0,=,,IC50,nM,,8400.0,CHEMBL203,Homo sapiens,Epidermal growth factor receptor,9606.0,,,IC50,uM,UO_0000065,,8.4,5.075720713938118,0.0,180.159,1.1956,3,3,77.76,2,1,1,c1ccc(Nc2ncnc3ccccc23)cc1,False,True,False,False
,,51244.0,[],CHEMBL674643,Inhibitory concentration of EGF dependent autophosphorylation of epidermal growth factor receptor kinase,B,,,BAO_0000190,BAO_0000357,single protein format,COc1cc(/C(C)=C(\C#N)C(=O)O)ccc1O,Outside typical range,"Values for this activity type are unusually large/small, so may not be accurate",CHEMBL1124610,J Med Chem,1989.0,,CHEMBL77197,,CHEMBL77197,,0.0,http://www.openphacts.org/units/Nanomolar,137180.0,=,1.0,1.0,=,,IC50,nM,,1100000.0,CHEMBL203,Homo sapiens,Epidermal growth factor receptor,9606.0,,,IC50,uM,UO_0000065,,1100.0,2.958607314841775,0.0,525.9720000000001,3.203920000000001,4,7,124.27,7,5,3,c1ccccc1,False,False,False,False
,,51249.0,[],CHEMBL674643,Inhibitory concentration of EGF dependent autophosphorylation of epidermal growth factor receptor kinase,B,,,BAO_0000190,BAO_0000357,single protein format,N#CC(C#N)=Cc1ccc(O)cc1,Outside typical range,"Values for this activity type are unusually large/small, so may not be accurate",CHEMBL1124610,J Med Chem,1989.0,,CHEMBL305695,,CHEMBL305695,,0.0,http://www.openphacts.org/units/Nanomolar,137183.0,=,1.0,1.0,=,,IC50,nM,,560000.0,CHEMBL203,Homo sapiens,Epidermal growth factor receptor,9606.0,,,IC50,uM,UO_0000065,,560.0,3.2518119729937998,0.0,525.9720000000001,3.203920000000001,4,7,124.27,7,5,3,c1ccccc1,False,False,False,False
,,51818.0,[],CHEMBL674637,Inhibitory activity towards tyrosine phosphorylation for the epidermal growth factor-receptor kinase,B,,,BAO_0000190,BAO_0000357,single protein format,Cc1cc(C(=O)N2CCOCC2)[nH]c1/C=C1\C(=O)Nc2ncnc(N3CCCCC3)c21,,,CHEMBL1134862,Bioorg Med Chem Lett,2002.0,,CHEMBL68258,,CHEMBL68258,,0.0,http://www.openphacts.org/units/Nanomolar,119497.0,>,1.0,1.0,>,,IC50,nM,,20000.0,CHEMBL203,Homo sapiens,Epidermal growth factor receptor,9606.0,,,IC50,uM,UO_0000065,,20.0,4.698970004336019,0.0,525.9720000000001,3.203920000000001,4,7,124.27,7,5,3,O=C1Nc2ncnc(N3CCCCC3)c2/C1=C/c1ccc(C(=O)N2CCOCC2)[nH]1,False,False,False,True
,,52474.0,[],CHEMBL674643,Inhibitory concentration of EGF dependent autophosphorylation of epidermal growth factor receptor kinase,B,,,BAO_0000190,BAO_0000357,single protein format,N#CC(C#N)Cc1ccc(O)cc1,Outside typical range,"Values for this activity type are unusually large/small, so may not be accurate",CHEMBL1124610,J Med Chem,1989.0,,CHEMBL76587,,CHEMBL76587,,0.0,http://www.openphacts.org/units/Nanomolar,137213.0,=,1.0,1.0,=,,IC50,nM,,6500000.0,CHEMBL203,Homo sapiens,Epidermal growth factor receptor,9606.0,,,IC50,uM,UO_0000065,,6500.0,2.1870866433571443,0.0,250.305,2.9799000000000007,1,4,55.040000000000006,2,3,3,c1ccccc1,False,False,False,False
,,52480.0,[],CHEMBL674643,Inhibitory concentration of EGF dependent autophosphorylation of epidermal growth factor receptor kinase,B,,,BAO_0000190,BAO_0000357,single protein format,COc1ccc(C=C(C#N)C#N)cc1,Outside typical range,"Values for this activity type are unusually large/small, so may not be accurate",CHEMBL1124610,J Med Chem,1989.0,,CHEMBL77456,TYRPHOSTIN 1,CHEMBL77456,,0.0,http://www.openphacts.org/units/Nanomolar,137190.0,>,1.0,1.0,>,,IC50,nM,,1250000.0,CHEMBL203,Homo sapiens,Epidermal growth factor receptor,9606.0,,,IC50,uM,UO_0000065,,1250.0,2.903089986991944,0.0,233.223,1.78248,2,4,90.55,3,1,1,c1ccccc1,False,False,False,False
,,53212.0,[],CHEMBL674637,Inhibitory activity towards tyrosine phosphorylation for the epidermal growth factor-receptor kinase,B,,,BAO_0000190,BAO_0000357,single protein format,CCN1CCN(C(=O)c2cc(C)c(/C=C3\C(=O)Nc4ncnc(Nc5ccc(F)c(Cl)c5)c43)[nH]2)CC1,,,CHEMBL1134862,Bioorg Med Chem Lett,2002.0,"{'bei': '15.46', 'le': '0.30', 'lle': '3.97', 'sei': '7.42'}",CHEMBL66570,,CHEMBL66570,7.89,0.0,http://www.openphacts.org/units/Nanomolar,119490.0,=,1.0,1.0,=,,IC50,nM,,13.0,CHEMBL203,Homo sapiens,Epidermal growth factor receptor,9606.0,,,IC50,uM,UO_0000065,,0.013,7.886056647693163,1.0,170.171,1.82276,1,3,67.81,1,1,1,O=C1Nc2ncnc(Nc3ccccc3)c2/C1=C/c1ccc(C(=O)N2CCNCC2)[nH]1,False,True,False,True
,,53215.0,[],CHEMBL621151,Inhibition of autophosphorylation of human epidermal growth factor-receptor (EGF-R) expressed in A431 cells,F,,,BAO_0000190,BAO_0000219,cell-based format,CCN1CCN(C(=O)c2cc(C)c(/C=C3\C(=O)Nc4ncnc(Nc5ccc(F)c(Cl)c5)c43)[nH]2)CC1,,,CHEMBL1134862,Bioorg Med Chem Lett,2002.0,,CHEMBL66570,,CHEMBL66570,6.7,0.0,http://www.openphacts.org/units/Nanomolar,119490.0,=,1.0,1.0,=,,IC50,nM,,200.0,CHEMBL203,Homo sapiens,Epidermal growth factor receptor,9606.0,,,IC50,uM,UO_0000065,,0.2,6.698970004336019,1.0,422.48900000000026,2.0685199999999995,2,6,103.45,3,5,2,O=C1Nc2ncnc(Nc3ccccc3)c2/C1=C/c1ccc(C(=O)N2CCNCC2)[nH]1,False,True,False,True
,,53217.0,[],CHEMBL615325,Inhibition of ligand-induced proliferation in human EGF-R Kinase expressing 3T3 cells,F,,,BAO_0000190,BAO_0000219,cell-based format,CCN1CCN(C(=O)c2cc(C)c(/C=C3\C(=O)Nc4ncnc(Nc5ccc(F)c(Cl)c5)c43)[nH]2)CC1,,,CHEMBL1134862,Bioorg Med Chem Lett,2002.0,,CHEMBL66570,,CHEMBL66570,5.12,0.0,http://www.openphacts.org/units/Nanomolar,119490.0,=,1.0,1.0,=,,IC50,nM,,7500.0,CHEMBL203,Homo sapiens,Epidermal growth factor receptor,9606.0,,,IC50,uM,UO_0000065,,7.5,5.1249387366083,0.0,172.187,1.5980599999999998,1,3,67.81,2,1,1,O=C1Nc2ncnc(Nc3ccccc3)c2/C1=C/c1ccc(C(=O)N2CCNCC2)[nH]1,False,True,False,True
,,53758.0,[],CHEMBL674643,Inhibitory concentration of EGF dependent autophosphorylation of epidermal growth factor receptor kinase,B,,,BAO_0000190,BAO_0000357,single protein format,N#C/C(=C\c1ccc(O)cc1)C(N)=O,Outside typical range,"Values for this activity type are unusually large/small, so may not be accurate",CHEMBL1124610,J Med Chem,1989.0,,CHEMBL308048,,CHEMBL308048,,0.0,http://www.openphacts.org/units/Nanomolar,137179.0,=,1.0,1.0,=,,IC50,nM,,800000.0,CHEMBL203,Homo sapiens,Epidermal growth factor receptor,9606.0,,,IC50,uM,UO_0000065,,800.0,3.096910013008056,0.0,184.198,2.1257600000000005,0,3,56.81,2,1,1,c1ccccc1,False,False,False,True
,,53761.0,[],CHEMBL674643,Inhibitory concentration of EGF dependent autophosphorylation of epidermal growth factor receptor kinase,B,,,BAO_0000190,BAO_0000357,single protein format,N#CC(C#N)=Cc1ccc(C=O)cc1,,,CHEMBL1124610,J Med Chem,1989.0,"{'bei': '23.17', 'le': '0.41', 'lle': '2.29', 'sei': '6.53'}",CHEMBL311119,,CHEMBL311119,4.22,0.0,http://www.openphacts.org/units/Nanomolar,137196.0,=,1.0,1.0,=,,IC50,nM,,60000.0,CHEMBL203,Homo sapiens,Epidermal growth factor receptor,9606.0,,,IC50,uM,UO_0000065,,60.0,4.221848749616356,0.0,509.9730000000002,3.919620000000001,3,6,106.25,5,5,3,c1ccccc1,False,False,False,False
,,53763.0,[],CHEMBL674643,Inhibitory concentration of EGF dependent autophosphorylation of epidermal growth factor receptor kinase,B,,,BAO_0000190,BAO_0000357,single protein format,N#CC(C#N)=Cc1cc(O)cc(O)c1,,,CHEMBL1124610,J Med Chem,1989.0,"{'bei': '23.81', 'le': '0.43', 'lle': '2.90', 'sei': '5.03'}",CHEMBL76905,,CHEMBL76905,4.43,0.0,http://www.openphacts.org/units/Nanomolar,137195.0,=,1.0,1.0,=,,IC50,nM,,37000.0,CHEMBL203,Homo sapiens,Epidermal growth factor receptor,9606.0,,,IC50,uM,UO_0000065,,37.0,4.431798275933005,0.0,509.9730000000002,3.919620000000001,3,6,106.25,5,5,3,c1ccccc1,False,False,False,False
,,53765.0,[],CHEMBL674643,Inhibitory concentration of EGF dependent autophosphorylation of epidermal growth factor receptor kinase,B,,,BAO_0000190,BAO_0000357,single protein format,COc1ccc(/C=C(\C#N)C(=O)O)cc1,Outside typical range,"Values for this activity type are unusually large/small, so may not be accurate",CHEMBL1124610,J Med Chem,1989.0,,CHEMBL77524,,CHEMBL77524,,0.0,http://www.openphacts.org/units/Nanomolar,137203.0,=,1.0,1.0,=,,IC50,nM,,833000.0,CHEMBL203,Homo sapiens,Epidermal growth factor receptor,9606.0,,,IC50,uM,UO_0000065,,833.0,3.0793549985932125,0.0,509.9730000000002,3.919620000000001,3,6,106.25,5,5,3,c1ccccc1,False,False,False,False
,,54402.0,[],CHEMBL674637,Inhibitory activity towards tyrosine phosphorylation for the epidermal growth factor-receptor kinase,B,,,BAO_0000190,BAO_0000357,single protein format,Cc1cc(C(=O)O)[nH]c1/C=C1\C(=O)Nc2ncnc(Nc3ccc(F)c(Cl)c3)c21,,,CHEMBL1134862,Bioorg Med Chem Lett,2002.0,"{'bei': '18.22', 'le': '0.35', 'lle': '3.70', 'sei': '6.28'}",CHEMBL305194,,CHEMBL305194,7.54,0.0,http://www.openphacts.org/units/Nanomolar,119486.0,=,1.0,1.0,=,,IC50,nM,,29.0,CHEMBL203,Homo sapiens,Epidermal growth factor receptor,9606.0,,,IC50,uM,UO_0000065,,0.029,7.5376020021010435,1.0,188.186,0.7844799999999998,2,3,87.10999999999999,2,1,1,O=C1Nc2ncnc(Nc3ccccc3)c2/C1=C/c1ccc[nH]1,False,True,False,True
,,54405.0,[],CHEMBL621151,Inhibition of autophosphorylation of human epidermal growth factor-receptor (EGF-R) expressed in A431 cells,F,,,BAO_0000190,BAO_0000219,cell-based format,Cc1cc(C(=O)O)[nH]c1/C=C1\C(=O)Nc2ncnc(Nc3ccc(F)c(Cl)c3)c21,,,CHEMBL1134862,Bioorg Med Chem Lett,2002.0,,CHEMBL305194,,CHEMBL305194,,0.0,http://www.openphacts.org/units/Nanomolar,119486.0,>,1.0,1.0,>,,IC50,nM,,5000.0,CHEMBL203,Homo sapiens,Epidermal growth factor receptor,9606.0,,,IC50,uM,UO_0000065,,5.0,5.301029995663981,0.0,182.182,1.92966,0,3,64.65,2,1,1,O=C1Nc2ncnc(Nc3ccccc3)c2/C1=C/c1ccc[nH]1,False,True,False,True
,,54407.0,[],CHEMBL615325,Inhibition of ligand-induced proliferation in human EGF-R Kinase expressing 3T3 cells,F,,,BAO_0000190,BAO_0000219,cell-based format,Cc1cc(C(=O)O)[nH]c1/C=C1\C(=O)Nc2ncnc(Nc3ccc(F)c(Cl)c3)c21,,,CHEMBL1134862,Bioorg Med Chem Lett,2002.0,,CHEMBL305194,,CHEMBL305194,,0.0,http://www.openphacts.org/units/Nanomolar,119486.0,>,1.0,1.0,>,,IC50,nM,,50000.0,CHEMBL203,Homo sapiens,Epidermal growth factor receptor,9606.0,,,IC50,uM,UO_0000065,,50.0,4.301029995663981,0.0,186.17,1.52836,2,4,88.04,1,1,1,O=C1Nc2ncnc(Nc3ccccc3)c2/C1=C/c1ccc[nH]1,False,True,False,True
,,54979.0,[],CHEMBL674643,Inhibitory concentration of EGF dependent autophosphorylation of epidermal growth factor receptor kinase,B,,,BAO_0000190,BAO_0000357,single protein format,COc1cc(/C=C(\C#N)C(=O)O)ccc1O,Outside typical range,"Values for this activity type are unusually large/small, so may not be accurate",CHEMBL1124610,J Med Chem,1989.0,,CHEMBL307250,,CHEMBL307250,,0.0,http://www.openphacts.org/units/Nanomolar,137237.0,=,1.0,1.0,=,,IC50,nM,,325000.0,CHEMBL203,Homo sapiens,Epidermal growth factor receptor,9606.0,,,IC50,uM,UO_0000065,,325.0,3.4881166390211256,0.0,203.197,1.68678,1,3,70.32,3,1,1,c1ccccc1,False,False,False,False
,,54990.0,[],CHEMBL674643,Inhibitory concentration of EGF dependent autophosphorylation of epidermal growth factor receptor kinase,B,,,BAO_0000190,BAO_0000357,single protein format,COc1cc(C=C(C#N)C#N)cc(O)c1O,,,CHEMBL1124610,J Med Chem,1989.0,"{'bei': '24.15', 'le': '0.45', 'lle': '3.68', 'sei': '5.37'}",CHEMBL80155,,CHEMBL80155,5.22,0.0,http://www.openphacts.org/units/Nanomolar,137193.0,=,1.0,1.0,=,,IC50,nM,,6000.0,CHEMBL203,Homo sapiens,Epidermal growth factor receptor,9606.0,,,IC50,uM,UO_0000065,,6.0,5.221848749616356,0.0,413.7960000000001,3.8401200000000006,4,5,120.0,4,4,3,c1ccccc1,False,False,False,False
,,56107.0,[],CHEMBL677833,In vitro inhibition of Epidermal growth factor receptor tyrosine kinase isolated from A431 (human carcinoma).,B,,,BAO_0000190,BAO_0000357,single protein format,Nc1ccc2ncnc(Nc3cccc(Cl)c3)c2c1,,,CHEMBL1145114,J Med Chem,2003.0,"{'bei': '24.75', 'le': '0.48', 'lle': '3.09', 'sei': '10.50'}",CHEMBL343352,,CHEMBL343352,6.7,0.0,http://www.openphacts.org/units/Nanomolar,262228.0,=,1.0,1.0,=,,IC50,nM,,200.0,CHEMBL203,Homo sapiens,Epidermal growth factor receptor,9606.0,,,IC50,uM,UO_0000065,,0.2,6.698970004336019,1.0,413.7960000000001,3.8401200000000006,4,5,120.0,4,4,3,c1ccc(Nc2ncnc3ccccc23)cc1,False,True,False,False
,,57335.0,[],CHEMBL677833,In vitro inhibition of Epidermal growth factor receptor tyrosine kinase isolated from A431 (human carcinoma).,B,,,BAO_0000190,BAO_0000357,single protein format,Nc1ccc2ncnc(Nc3cccc(Br)c3)c2c1,,,CHEMBL1145114,J Med Chem,2003.0,"{'bei': '23.34', 'le': '0.53', 'lle': '3.64', 'sei': '11.53'}",CHEMBL52765,,CHEMBL52765,7.36,0.0,http://www.openphacts.org/units/Nanomolar,262226.0,=,1.0,1.0,=,,IC50,nM,,44.0,CHEMBL203,Homo sapiens,Epidermal growth factor receptor,9606.0,,,IC50,uM,UO_0000065,,0.044,7.356547323513812,1.0,413.7960000000001,3.8401200000000006,4,5,120.0,4,4,3,c1ccc(Nc2ncnc3ccccc23)cc1,False,True,False,False
,,57444.0,[],CHEMBL674643,Inhibitory concentration of EGF dependent autophosphorylation of epidermal growth factor receptor kinase,B,,,BAO_0000190,BAO_0000357,single protein format,COc1ccc(C(O)=C(C#N)C#N)cc1,Outside typical range,"Values for this activity type are unusually large/small, so may not be accurate",CHEMBL1124610,J Med Chem,1989.0,,CHEMBL311564,,CHEMBL311564,,0.0,http://www.openphacts.org/units/Nanomolar,137176.0,=,1.0,1.0,=,,IC50,nM,,450000.0,CHEMBL203,Homo sapiens,Epidermal growth factor receptor,9606.0,,,IC50,uM,UO_0000065,,450.0,3.3467874862246565,0.0,219.196,1.39238,2,4,90.55,3,1,1,c1ccccc1,False,False,False,False
,,57445.0,[],CHEMBL674643,Inhibitory concentration of EGF dependent autophosphorylation of epidermal growth factor receptor kinase,B,,,BAO_0000190,BAO_0000357,single protein format,N#C/C(=C/c1cc(O)ccc1O)C(=O)O,,,CHEMBL1124610,J Med Chem,1989.0,"{'bei': '20.10', 'le': '0.38', 'lle': '3.03', 'sei': '4.06'}",CHEMBL76642,,CHEMBL76642,4.12,0.0,http://www.openphacts.org/units/Nanomolar,137227.0,=,1.0,1.0,=,,IC50,nM,,75000.0,CHEMBL203,Homo sapiens,Epidermal growth factor receptor,9606.0,,,IC50,uM,UO_0000065,,75.0,4.1249387366083,0.0,216.196,1.53696,2,5,97.27,2,1,1,c1ccccc1,False,False,False,False
,,58119.0,[],CHEMBL674637,Inhibitory activity towards tyrosine phosphorylation for the epidermal growth factor-receptor kinase,B,,,BAO_0000190,BAO_0000357,single protein format,Cc1cc(CCC(=O)O)[nH]c1/C=C1\C(=O)Nc2ncnc(Nc3ccc(F)c(Cl)c3)c21,,,CHEMBL1134862,Bioorg Med Chem Lett,2002.0,"{'bei': '18.85', 'le': '0.37', 'lle': '4.17', 'sei': '6.94'}",CHEMBL308645,,CHEMBL308645,8.33,0.0,http://www.openphacts.org/units/Nanomolar,119483.0,=,1.0,1.0,=,,IC50,nM,,4.7,CHEMBL203,Homo sapiens,Epidermal growth factor receptor,9606.0,,,IC50,uM,UO_0000065,,0.0047,8.327902142064282,1.0,270.72300000000007,3.609000000000001,2,4,63.83,2,3,3,O=C1Nc2ncnc(Nc3ccccc3)c2/C1=C/c1ccc[nH]1,False,True,False,True
,,58122.0,[],CHEMBL674637,Inhibitory activity towards tyrosine phosphorylation for the epidermal growth factor-receptor kinase,B,,,BAO_0000190,BAO_0000357,single protein format,Cc1cc(C(=O)N2CCOCC2)[nH]c1/C=C1\C(=O)Nc2ncnc(Nc3ccc4c(cnn4Cc4ccccc4)c3)c21,,,CHEMBL1134862,Bioorg Med Chem Lett,2002.0,"{'bei': '15.60', 'le': '0.28', 'lle': '4.52', 'sei': '6.72'}",CHEMBL67003,,CHEMBL67003,8.74,0.0,http://www.openphacts.org/units/Nanomolar,119499.0,=,1.0,1.0,=,,IC50,nM,,1.8,CHEMBL203,Homo sapiens,Epidermal growth factor receptor,9606.0,,,IC50,uM,UO_0000065,,0.0018,8.744727494896694,1.0,315.17400000000004,3.7181000000000015,2,4,63.83,2,3,3,O=C1Nc2ncnc(Nc3ccc4c(cnn4Cc4ccccc4)c3)c2/C1=C/c1ccc(C(=O)N2CCOCC2)[nH]1,False,True,False,True
,,58125.0,[],CHEMBL621151,Inhibition of autophosphorylation of human epidermal growth factor-receptor (EGF-R) expressed in A431 cells,F,,,BAO_0000190,BAO_0000219,cell-based format,Cc1cc(C(=O)N2CCOCC2)[nH]c1/C=C1\C(=O)Nc2ncnc(Nc3ccc4c(cnn4Cc4ccccc4)c3)c21,,,CHEMBL1134862,Bioorg Med Chem Lett,2002.0,,CHEMBL67003,,CHEMBL67003,7.0,0.0,http://www.openphacts.org/units/Nanomolar,119499.0,=,1.0,1.0,=,,IC50,nM,,100.0,CHEMBL203,Homo sapiens,Epidermal growth factor receptor,9606.0,,,IC50,uM,UO_0000065,,0.1,7.0,1.0,216.24,1.7441799999999998,1,3,64.33,3,1,1,O=C1Nc2ncnc(Nc3ccc4c(cnn4Cc4ccccc4)c3)c2/C1=C/c1ccc(C(=O)N2CCOCC2)[nH]1,False,True,False,True
,,58604.0,[],CHEMBL674643,Inhibitory concentration of EGF dependent autophosphorylation of epidermal growth factor receptor kinase,B,,,BAO_0000190,BAO_0000357,single protein format,N#CC(C#N)=Cc1ccc(NC(=O)CCC(=O)O)cc1,Outside typical range,"Values for this activity type are unusually large/small, so may not be accurate",CHEMBL1124610,J Med Chem,1989.0,,CHEMBL307248,,CHEMBL307248,,0.0,http://www.openphacts.org/units/Nanomolar,137186.0,=,1.0,1.0,=,,IC50,nM,,640000.0,CHEMBL203,Homo sapiens,Epidermal growth factor receptor,9606.0,,,IC50,uM,UO_0000065,,640.0,3.193820026016113,0.0,200.197,2.0114600000000005,1,4,77.03999999999999,2,1,1,c1ccccc1,False,True,False,False
,,60010.0,[],CHEMBL674643,Inhibitory concentration of EGF dependent autophosphorylation of epidermal growth factor receptor kinase,B,,,BAO_0000190,BAO_0000357,single protein format,N#CC(C#N)=NNc1ccc(O)cc1,Outside typical range,"Values for this activity type are unusually large/small, so may not be accurate",CHEMBL1124610,J Med Chem,1989.0,,CHEMBL310958,,CHEMBL310958,,0.0,http://www.openphacts.org/units/Nanomolar,137224.0,=,1.0,1.0,=,,IC50,nM,,225000.0,CHEMBL203,Homo sapiens,Epidermal growth factor receptor,9606.0,,,IC50,uM,UO_0000065,,225.0,3.647817481888637,0.0,205.169,1.0893799999999998,3,4,101.55,2,1,1,c1ccccc1,False,True,False,False
,,60019.0,[],CHEMBL674643,Inhibitory concentration of EGF dependent autophosphorylation of epidermal growth factor receptor kinase,B,,,BAO_0000190,BAO_0000357,single protein format,N#CC(C#N)=Cc1ccc2c(c1)OCO2,Outside typical range,"Values for this activity type are unusually large/small, so may not be accurate",CHEMBL1124610,J Med Chem,1989.0,,CHEMBL78005,,CHEMBL78005,,0.0,http://www.openphacts.org/units/Nanomolar,137207.0,=,1.0,1.0,=,,IC50,nM,,350000.0,CHEMBL203,Homo sapiens,Epidermal growth factor receptor,9606.0,,,IC50,uM,UO_0000065,,350.0,3.4559319556497243,0.0,441.8500000000001,4.1591200000000015,4,5,120.0,6,4,3,c1ccc2c(c1)OCO2,False,False,False,False
,,61241.0,[],CHEMBL677833,In vitro inhibition of Epidermal growth factor receptor tyrosine kinase isolated from A431 (human carcinoma).,B,,,BAO_0000190,BAO_0000357,single protein format,CN(C)/N=N/c1ccc2ncnc(Nc3cccc(Br)c3)c2c1,,,CHEMBL1145114,J Med Chem,2003.0,"{'bei': '21.44', 'le': '0.47', 'lle': '3.26', 'sei': '12.10'}",CHEMBL134312,,CHEMBL134312,7.96,0.0,http://www.openphacts.org/units/Nanomolar,262242.0,=,1.0,1.0,=,,IC50,nM,,11.0,CHEMBL203,Homo sapiens,Epidermal growth factor receptor,9606.0,,,IC50,uM,UO_0000065,,0.011,7.958607314841775,1.0,560.6180000000002,4.219820000000002,3,7,130.06,6,7,5,c1ccc(Nc2ncnc3ccccc23)cc1,False,True,False,False
,,61373.0,[],CHEMBL674643,Inhibitory concentration of EGF dependent autophosphorylation of epidermal growth factor receptor kinase,B,,,BAO_0000190,BAO_0000357,single protein format,CCCCc1cc(/C=C(\C#N)C(N)=O)cc(CCCC)c1O,,,CHEMBL1124610,J Med Chem,1989.0,"{'bei': '14.18', 'le': '0.26', 'lle': '0.79', 'sei': '4.89'}",CHEMBL77243,,CHEMBL77243,4.26,0.0,http://www.openphacts.org/units/Nanomolar,137235.0,=,1.0,1.0,=,,IC50,nM,,55000.0,CHEMBL203,Homo sapiens,Epidermal growth factor receptor,9606.0,,,IC50,uM,UO_0000065,,55.0,4.259637310505756,0.0,560.6180000000002,4.219820000000002,3,7,130.06,6,7,5,c1ccccc1,False,False,False,True
,,61374.0,[],CHEMBL674643,Inhibitory concentration of EGF dependent autophosphorylation of epidermal growth factor receptor kinase,B,,,BAO_0000190,BAO_0000357,single protein format,COc1cc(/C=C(\C#N)C(N)=C(C#N)C#N)cc(O)c1O,,,CHEMBL1124610,J Med Chem,1989.0,"{'bei': '20.98', 'le': '0.39', 'lle': '4.65', 'sei': '4.03'}",CHEMBL80745,,CHEMBL80745,5.92,0.0,http://www.openphacts.org/units/Nanomolar,137228.0,=,1.0,1.0,=,,IC50,nM,,1200.0,CHEMBL203,Homo sapiens,Epidermal growth factor receptor,9606.0,,,IC50,uM,UO_0000065,,1.2,5.920818753952375,0.0,560.6180000000002,4.219820000000002,3,7,130.06,6,7,5,c1ccccc1,False,False,False,False
,,61378.0,[],CHEMBL674643,Inhibitory concentration of EGF dependent autophosphorylation of epidermal growth factor receptor kinase,B,,,BAO_0000190,BAO_0000357,single protein format,N#CC(C#N)=Cc1ccc(/C=C/C(=O)O)cc1,Outside typical range,"Values for this activity type are unusually large/small, so may not be accurate",CHEMBL1124610,J Med Chem,1989.0,,CHEMBL77778,,CHEMBL77778,,0.0,http://www.openphacts.org/units/Nanomolar,137210.0,=,1.0,1.0,=,,IC50,nM,,450000.0,CHEMBL203,Homo sapiens,Epidermal growth factor receptor,9606.0,,,IC50,uM,UO_0000065,,450.0,3.3467874862246565,0.0,269.25999999999993,1.92046,2,4,113.98,5,1,1,c1ccccc1,False,False,False,False
,,62047.0,[],CHEMBL674637,Inhibitory activity towards tyrosine phosphorylation for the epidermal growth factor-receptor kinase,B,,,BAO_0000190,BAO_0000357,single protein format,Cc1cc(C(=O)N2CCN(C)CC2)[nH]c1/C=C1\C(=O)Nc2ncnc(Nc3ccc(F)c(Cl)c3)c21,,,CHEMBL1134862,Bioorg Med Chem Lett,2002.0,"{'bei': '17.25', 'le': '0.33', 'lle': '5.02', 'sei': '8.05'}",CHEMBL305246,,CHEMBL305246,8.55,0.0,http://www.openphacts.org/units/Nanomolar,119493.0,=,1.0,1.0,=,,IC50,nM,,2.8,CHEMBL203,Homo sapiens,Epidermal growth factor receptor,9606.0,,,IC50,uM,UO_0000065,,0.0028,8.55284196865778,1.0,186.174,1.20726,2,5,92.2,2,1,1,O=C1Nc2ncnc(Nc3ccccc3)c2/C1=C/c1ccc(C(=O)N2CCNCC2)[nH]1,False,True,False,True
,,62050.0,[],CHEMBL621151,Inhibition of autophosphorylation of human epidermal growth factor-receptor (EGF-R) expressed in A431 cells,F,,,BAO_0000190,BAO_0000219,cell-based format,Cc1cc(C(=O)N2CCN(C)CC2)[nH]c1/C=C1\C(=O)Nc2ncnc(Nc3ccc(F)c(Cl)c3)c21,,,CHEMBL1134862,Bioorg Med Chem Lett,2002.0,,CHEMBL305246,,CHEMBL305246,7.0,0.0,http://www.openphacts.org/units/Nanomolar,119493.0,=,1.0,1.0,=,,IC50,nM,,100.0,CHEMBL203,Homo sapiens,Epidermal growth factor receptor,9606.0,,,IC50,uM,UO_0000065,,0.1,7.0,1.0,198.18099999999995,1.84586,0,4,66.04,1,2,1,O=C1Nc2ncnc(Nc3ccccc3)c2/C1=C/c1ccc(C(=O)N2CCNCC2)[nH]1,False,True,False,True
,,62052.0,[],CHEMBL615325,Inhibition of ligand-induced proliferation in human EGF-R Kinase expressing 3T3 cells,F,,,BAO_0000190,BAO_0000219,cell-based format,Cc1cc(C(=O)N2CCN(C)CC2)[nH]c1/C=C1\C(=O)Nc2ncnc(Nc3ccc(F)c(Cl)c3)c21,,,CHEMBL1134862,Bioorg Med Chem Lett,2002.0,,CHEMBL305246,,CHEMBL305246,6.12,0.0,http://www.openphacts.org/units/Nanomolar,119493.0,=,1.0,1.0,=,,IC50,nM,,750.0,CHEMBL203,Homo sapiens,Epidermal growth factor receptor,9606.0,,,IC50,uM,UO_0000065,,0.75,6.1249387366083,1.0,371.242,4.696200000000003,1,5,65.77,4,3,3,O=C1Nc2ncnc(Nc3ccccc3)c2/C1=C/c1ccc(C(=O)N2CCNCC2)[nH]1,False,True,False,True
,,62054.0,[],CHEMBL674637,Inhibitory activity towards tyrosine phosphorylation for the epidermal growth factor-receptor kinase,B,,,BAO_0000190,BAO_0000357,single protein format,C#Cc1cccc(Nc2ncnc3c2/C(=C/c2[nH]c(C(=O)NCCN4CCOCC4)cc2C)C(=O)N3)c1,,,CHEMBL1134862,Bioorg Med Chem Lett,2002.0,"{'bei': '15.57', 'le': '0.29', 'lle': '5.35', 'sei': '6.23'}",CHEMBL69966,,CHEMBL69966,7.75,0.0,http://www.openphacts.org/units/Nanomolar,119503.0,=,1.0,1.0,=,,IC50,nM,,18.0,CHEMBL203,Homo sapiens,Epidermal growth factor receptor,9606.0,,,IC50,uM,UO_0000065,,0.018,7.744727494896693,1.0,300.402,3.4696800000000017,2,3,87.11,8,1,1,O=C1Nc2ncnc(Nc3ccccc3)c2/C1=C/c1ccc(C(=O)NCCN2CCOCC2)[nH]1,False,True,False,True
,,62057.0,[],CHEMBL621151,Inhibition of autophosphorylation of human epidermal growth factor-receptor (EGF-R) expressed in A431 cells,F,,,BAO_0000190,BAO_0000219,cell-based format,C#Cc1cccc(Nc2ncnc3c2/C(=C/c2[nH]c(C(=O)NCCN4CCOCC4)cc2C)C(=O)N3)c1,,,CHEMBL1134862,Bioorg Med Chem Lett,2002.0,,CHEMBL69966,,CHEMBL69966,7.4,0.0,http://www.openphacts.org/units/Nanomolar,119503.0,=,1.0,1.0,=,,IC50,nM,,40.0,CHEMBL203,Homo sapiens,Epidermal growth factor receptor,9606.0,,,IC50,uM,UO_0000065,,0.04,7.397940008672037,1.0,282.259,1.27334,3,7,147.07999999999998,3,1,1,O=C1Nc2ncnc(Nc3ccccc3)c2/C1=C/c1ccc(C(=O)NCCN2CCOCC2)[nH]1,False,True,False,True
,,62059.0,[],CHEMBL615325,Inhibition of ligand-induced proliferation in human EGF-R Kinase expressing 3T3 cells,F,,,BAO_0000190,BAO_0000219,cell-based format,C#Cc1cccc(Nc2ncnc3c2/C(=C/c2[nH]c(C(=O)NCCN4CCOCC4)cc2C)C(=O)N3)c1,,,CHEMBL1134862,Bioorg Med Chem Lett,2002.0,,CHEMBL69966,,CHEMBL69966,6.21,0.0,http://www.openphacts.org/units/Nanomolar,119503.0,=,1.0,1.0,=,,IC50,nM,,620.0,CHEMBL203,Homo sapiens,Epidermal growth factor receptor,9606.0,,,IC50,uM,UO_0000065,,0.62,6.2076083105017466,1.0,224.219,2.21496,1,3,84.88000000000001,3,1,1,O=C1Nc2ncnc(Nc3ccccc3)c2/C1=C/c1ccc(C(=O)NCCN2CCOCC2)[nH]1,False,True,False,True
,,62149.0,[],CHEMBL679674,Inhibition of Epidermal growth factor receptor,B,,,BAO_0000190,BAO_0000357,single protein format,Nc1ncnc2c1c(-c1ccc(Oc3ccccc3)cc1)cn2C1CCCC1,,,CHEMBL1132739,Bioorg Med Chem Lett,2000.0,"{'bei': '14.83', 'le': '0.27', 'lle': '-0.10', 'sei': '8.33'}",CHEMBL47940,,CHEMBL47940,5.5,0.0,http://www.openphacts.org/units/Nanomolar,120768.0,=,1.0,1.0,=,,IC50,nM,,3200.0,CHEMBL203,Homo sapiens,Epidermal growth factor receptor,9606.0,,,IC50,uM,UO_0000065,,3.2,5.494850021680094,0.0,495.9460000000001,3.5295200000000007,3,6,106.25,4,5,3,c1ccc(Oc2ccc(-c3cn(C4CCCC4)c4ncncc34)cc2)cc1,False,False,False,False
,,62715.0,[],CHEMBL674643,Inhibitory concentration of EGF dependent autophosphorylation of epidermal growth factor receptor kinase,B,,,BAO_0000190,BAO_0000357,single protein format,N#CC(C#N)=Cc1cc[n+]([O-])cc1,Outside typical range,"Values for this activity type are unusually large/small, so may not be accurate",CHEMBL1124610,J Med Chem,1989.0,,CHEMBL57712,,CHEMBL57712,,0.0,http://www.openphacts.org/units/Nanomolar,137216.0,=,1.0,1.0,=,,IC50,nM,,1300000.0,CHEMBL203,Homo sapiens,Epidermal growth factor receptor,9606.0,,,IC50,uM,UO_0000065,,1300.0,2.886056647693163,0.0,495.9460000000001,3.5295200000000007,3,6,106.25,4,5,3,c1cc[nH+]cc1,False,False,False,False
,,62720.0,[],CHEMBL674643,Inhibitory concentration of EGF dependent autophosphorylation of epidermal growth factor receptor kinase,B,,,BAO_0000190,BAO_0000357,single protein format,COc1cc(C=C(C#N)C#N)ccc1O,Outside typical range,"Values for this activity type are unusually large/small, so may not be accurate",CHEMBL1124610,J Med Chem,1989.0,,CHEMBL77869,,CHEMBL77869,,0.0,http://www.openphacts.org/units/Nanomolar,137205.0,=,1.0,1.0,=,,IC50,nM,,200000.0,CHEMBL203,Homo sapiens,Epidermal growth factor receptor,9606.0,,,IC50,uM,UO_0000065,,200.0,3.6989700043360183,0.0,495.9460000000001,3.5295200000000007,3,6,106.25,4,5,3,c1ccccc1,False,False,False,False
,,63367.0,[],CHEMBL674637,Inhibitory activity towards tyrosine phosphorylation for the epidermal growth factor-receptor kinase,B,,,BAO_0000190,BAO_0000357,single protein format,CCN(CC)CCNC(=O)c1cc(C)c(/C=C2\C(=O)Nc3ncnc(Nc4ccc(F)c(Cl)c4)c32)[nH]1,,,CHEMBL1134862,Bioorg Med Chem Lett,2002.0,"{'bei': '17.42', 'le': '0.34', 'lle': '4.71', 'sei': '7.75'}",CHEMBL69358,,CHEMBL69358,8.92,0.0,http://www.openphacts.org/units/Nanomolar,119489.0,=,1.0,1.0,=,,IC50,nM,,1.2,CHEMBL203,Homo sapiens,Epidermal growth factor receptor,9606.0,,,IC50,uM,UO_0000065,,0.0012,8.920818753952375,1.0,497.5590000000004,2.39272,4,7,124.27,7,5,3,O=C1Nc2ncnc(Nc3ccccc3)c2/C1=C/c1ccc[nH]1,False,True,False,True
,,63370.0,[],CHEMBL621151,Inhibition of autophosphorylation of human epidermal growth factor-receptor (EGF-R) expressed in A431 cells,F,,,BAO_0000190,BAO_0000219,cell-based format,CCN(CC)CCNC(=O)c1cc(C)c(/C=C2\C(=O)Nc3ncnc(Nc4ccc(F)c(Cl)c4)c32)[nH]1,,,CHEMBL1134862,Bioorg Med Chem Lett,2002.0,,CHEMBL69358,,CHEMBL69358,6.7,0.0,http://www.openphacts.org/units/Nanomolar,119489.0,=,1.0,1.0,=,,IC50,nM,,200.0,CHEMBL203,Homo sapiens,Epidermal growth factor receptor,9606.0,,,IC50,uM,UO_0000065,,0.2,6.698970004336019,1.0,497.5590000000004,2.39272,4,7,124.27,7,5,3,O=C1Nc2ncnc(Nc3ccccc3)c2/C1=C/c1ccc[nH]1,False,True,False,True
,,63372.0,[],CHEMBL615325,Inhibition of ligand-induced proliferation in human EGF-R Kinase expressing 3T3 cells,F,,,BAO_0000190,BAO_0000219,cell-based format,CCN(CC)CCNC(=O)c1cc(C)c(/C=C2\C(=O)Nc3ncnc(Nc4ccc(F)c(Cl)c4)c32)[nH]1,,,CHEMBL1134862,Bioorg Med Chem Lett,2002.0,,CHEMBL69358,,CHEMBL69358,5.89,0.0,http://www.openphacts.org/units/Nanomolar,119489.0,=,1.0,1.0,=,,IC50,nM,,1290.0,CHEMBL203,Homo sapiens,Epidermal growth factor receptor,9606.0,,,IC50,uM,UO_0000065,,1.29,5.889410289700751,0.0,497.5590000000004,2.39272,4,7,124.27,7,5,3,O=C1Nc2ncnc(Nc3ccccc3)c2/C1=C/c1ccc[nH]1,False,True,False,True
,,63847.0,[],CHEMBL677833,In vitro inhibition of Epidermal growth factor receptor tyrosine kinase isolated from A431 (human carcinoma).,B,,,BAO_0000190,BAO_0000357,single protein format,C/N=N/Nc1ccc2ncnc(Nc3cccc(C)c3)c2c1,,,CHEMBL1145114,J Med Chem,2003.0,"{'bei': '22.91', 'le': '0.42', 'lle': '2.61', 'sei': '8.98'}",CHEMBL137189,,CHEMBL137189,6.7,0.0,http://www.openphacts.org/units/Nanomolar,262230.0,=,1.0,1.0,=,,IC50,nM,,200.0,CHEMBL203,Homo sapiens,Epidermal growth factor receptor,9606.0,,,IC50,uM,UO_0000065,,0.2,6.698970004336019,1.0,370.4560000000002,5.587900000000003,1,4,65.96000000000001,4,5,4,c1ccc(Nc2ncnc3ccccc23)cc1,False,True,False,False
,,63852.0,[],CHEMBL677833,In vitro inhibition of Epidermal growth factor receptor tyrosine kinase isolated from A431 (human carcinoma).,B,,,BAO_0000190,BAO_0000357,single protein format,C/N=N/Nc1ccc2ncnc(Nc3cccc(Br)c3)c2c1,,,CHEMBL1145114,J Med Chem,2003.0,"{'bei': '20.74', 'le': '0.46', 'lle': '2.87', 'sei': '9.94'}",CHEMBL137617,,CHEMBL137617,7.41,0.0,http://www.openphacts.org/units/Nanomolar,262231.0,=,1.0,1.0,=,,IC50,nM,,39.0,CHEMBL203,Homo sapiens,Epidermal growth factor receptor,9606.0,,,IC50,uM,UO_0000065,,0.039,7.4089353929735005,1.0,171.15899999999996,0.75056,0,3,74.52,1,1,1,c1ccc(Nc2ncnc3ccccc23)cc1,False,True,False,False
,,63857.0,[],CHEMBL677833,In vitro inhibition of Epidermal growth factor receptor tyrosine kinase isolated from A431 (human carcinoma).,B,,,BAO_0000190,BAO_0000357,single protein format,CN(C)/N=N/c1ccc2ncnc(NCc3ccccc3)c2c1,,,CHEMBL1145114,J Med Chem,2003.0,"{'bei': '20.62', 'le': '0.38', 'lle': '2.52', 'sei': '9.60'}",CHEMBL137027,,CHEMBL137027,6.32,0.0,http://www.openphacts.org/units/Nanomolar,262232.0,=,1.0,1.0,=,,IC50,nM,,482.0,CHEMBL203,Homo sapiens,Epidermal growth factor receptor,9606.0,,,IC50,uM,UO_0000065,,0.482,6.31695296176115,1.0,200.197,1.83136,1,4,77.03999999999999,2,1,1,c1ccc(CNc2ncnc3ccccc23)cc1,False,True,False,False
,,64040.0,[],CHEMBL674643,Inhibitory concentration of EGF dependent autophosphorylation of epidermal growth factor receptor kinase,B,,,BAO_0000190,BAO_0000357,single protein format,N#CC(C#N)=C(N)/C(C#N)=C/c1cc(O)c(O)c(O)c1,,,CHEMBL1124610,J Med Chem,1989.0,"{'bei': '22.73', 'le': '0.42', 'lle': '5.13', 'sei': '3.86'}",CHEMBL78257,TYRPHOSTIN 51,CHEMBL78257,6.1,0.0,http://www.openphacts.org/units/Nanomolar,137229.0,=,1.0,1.0,=,,IC50,nM,,800.0,CHEMBL203,Homo sapiens,Epidermal growth factor receptor,9606.0,,,IC50,uM,UO_0000065,,0.8,6.096910013008056,1.0,511.9890000000001,4.213520000000002,4,6,115.04000000000002,9,4,3,c1ccccc1,False,False,False,False
,,64049.0,[],CHEMBL674643,Inhibitory concentration of EGF dependent autophosphorylation of epidermal growth factor receptor kinase,B,,,BAO_0000190,BAO_0000357,single protein format,N#CC(C#N)=Cc1cc2c(cc1[N+](=O)[O-])OCO2,Outside typical range,"Values for this activity type are unusually large/small, so may not be accurate",CHEMBL1124610,J Med Chem,1989.0,,CHEMBL76082,,CHEMBL76082,,0.0,http://www.openphacts.org/units/Nanomolar,137184.0,=,1.0,1.0,=,,IC50,nM,,560000.0,CHEMBL203,Homo sapiens,Epidermal growth factor receptor,9606.0,,,IC50,uM,UO_0000065,,560.0,3.2518119729937998,0.0,511.9890000000001,4.213520000000002,4,6,115.04000000000002,9,4,3,c1ccc2c(c1)OCO2,False,True,False,False
,,64050.0,[],CHEMBL674643,Inhibitory concentration of EGF dependent autophosphorylation of epidermal growth factor receptor kinase,B,,,BAO_0000190,BAO_0000357,single protein format,N#C/C(=C\c1ccccc1)C(=O)O,Outside typical range,"Values for this activity type are unusually large/small, so may not be accurate",CHEMBL1124610,J Med Chem,1989.0,,CHEMBL77595,,CHEMBL77595,,0.0,http://www.openphacts.org/units/Nanomolar,137204.0,=,1.0,1.0,=,,IC50,nM,,850000.0,CHEMBL203,Homo sapiens,Epidermal growth factor receptor,9606.0,,,IC50,uM,UO_0000065,,850.0,3.070581074285707,0.0,511.9890000000001,4.213520000000002,4,6,115.04000000000002,9,4,3,c1ccccc1,False,False,False,False
,,65265.0,[],CHEMBL674643,Inhibitory concentration of EGF dependent autophosphorylation of epidermal growth factor receptor kinase,B,,,BAO_0000190,BAO_0000357,single protein format,N#CC(C#N)=C(N)/C(C#N)=C/c1ccc(O)c(O)c1,,,CHEMBL1124610,J Med Chem,1989.0,"{'bei': '22.21', 'le': '0.40', 'lle': '4.34', 'sei': '4.06'}",CHEMBL309334,,CHEMBL309334,5.6,0.0,http://www.openphacts.org/units/Nanomolar,137230.0,=,1.0,1.0,=,,IC50,nM,,2500.0,CHEMBL203,Homo sapiens,Epidermal growth factor receptor,9606.0,,,IC50,uM,UO_0000065,,2.5,5.6020599913279625,0.0,292.34600000000006,4.090720000000002,2,5,74.56,4,3,3,c1ccccc1,False,False,False,False
,,65267.0,[],CHEMBL674643,Inhibitory concentration of EGF dependent autophosphorylation of epidermal growth factor receptor kinase,B,,,BAO_0000190,BAO_0000357,single protein format,N#CC(C#N)=Cc1ccc[nH]1,Outside typical range,"Values for this activity type are unusually large/small, so may not be accurate",CHEMBL1124610,J Med Chem,1989.0,,CHEMBL310514,,CHEMBL310514,,0.0,http://www.openphacts.org/units/Nanomolar,137218.0,=,1.0,1.0,=,,IC50,nM,,260000.0,CHEMBL203,Homo sapiens,Epidermal growth factor receptor,9606.0,,,IC50,uM,UO_0000065,,260.0,3.585026652029182,0.0,357.2150000000001,4.544800000000002,2,5,74.56,4,3,3,c1cc[nH]c1,False,False,False,False
,,66030.0,[],CHEMBL674637,Inhibitory activity towards tyrosine phosphorylation for the epidermal growth factor-receptor kinase,B,,,BAO_0000190,BAO_0000357,single protein format,Cc1c(C(=O)N2CCN(C)CC2)c[nH]c1/C=C1\C(=O)Nc2ncnc(Nc3ccc(F)c(Cl)c3)c21,,,CHEMBL1134862,Bioorg Med Chem Lett,2002.0,"{'bei': '12.88', 'le': '0.25', 'lle': '2.86', 'sei': '6.01'}",CHEMBL304971,,CHEMBL304971,6.39,0.0,http://www.openphacts.org/units/Nanomolar,119491.0,=,1.0,1.0,=,,IC50,nM,,410.0,CHEMBL203,Homo sapiens,Epidermal growth factor receptor,9606.0,,,IC50,uM,UO_0000065,,0.41,6.3872161432802645,1.0,306.373,3.802200000000002,1,5,65.77,5,3,3,O=C1Nc2ncnc(Nc3ccccc3)c2/C1=C/c1cc(C(=O)N2CCNCC2)c[nH]1,False,True,False,True
,,66033.0,[],CHEMBL674637,Inhibitory activity towards tyrosine phosphorylation for the epidermal growth factor-receptor kinase,B,,,BAO_0000190,BAO_0000357,single protein format,Cc1cc(C(=O)N2CC(C)NC(C)C2)[nH]c1/C=C1\C(=O)Nc2ncnc(Nc3ccc(F)c(Cl)c3)c21,,,CHEMBL1134862,Bioorg Med Chem Lett,2002.0,"{'bei': '16.14', 'le': '0.31', 'lle': '4.27', 'sei': '7.15'}",CHEMBL69071,,CHEMBL69071,8.23,0.0,http://www.openphacts.org/units/Nanomolar,119488.0,=,1.0,1.0,=,,IC50,nM,,5.9,CHEMBL203,Homo sapiens,Epidermal growth factor receptor,9606.0,,,IC50,uM,UO_0000065,,0.0059,8.229147988357855,1.0,268.232,0.9703399999999998,4,7,158.07999999999998,2,1,1,O=C1Nc2ncnc(Nc3ccccc3)c2/C1=C/c1ccc(C(=O)N2CCNCC2)[nH]1,False,True,False,True
,,66037.0,[],CHEMBL615325,Inhibition of ligand-induced proliferation in human EGF-R Kinase expressing 3T3 cells,F,,,BAO_0000190,BAO_0000219,cell-based format,Cc1cc(C(=O)N2CC(C)NC(C)C2)[nH]c1/C=C1\C(=O)Nc2ncnc(Nc3ccc(F)c(Cl)c3)c21,,,CHEMBL1134862,Bioorg Med Chem Lett,2002.0,,CHEMBL69071,,CHEMBL69071,5.59,0.0,http://www.openphacts.org/units/Nanomolar,119488.0,=,1.0,1.0,=,,IC50,nM,,2580.0,CHEMBL203,Homo sapiens,Epidermal growth factor receptor,9606.0,,,IC50,uM,UO_0000065,,2.58,5.58838029403677,0.0,243.17799999999997,1.7540600000000002,0,6,109.18,2,2,1,O=C1Nc2ncnc(Nc3ccccc3)c2/C1=C/c1ccc(C(=O)N2CCNCC2)[nH]1,False,True,False,True
,,66490.0,[],CHEMBL677833,In vitro inhibition of Epidermal growth factor receptor tyrosine kinase isolated from A431 (human carcinoma).,B,,,BAO_0000190,BAO_0000357,single protein format,CN(C)CC/N=N/Nc1ccc2ncnc(Nc3cccc(Br)c3)c2c1,,,CHEMBL1145114,J Med Chem,2003.0,"{'bei': '17.91', 'le': '0.39', 'lle': '2.94', 'sei': '9.54'}",CHEMBL137534,,CHEMBL137534,7.42,0.0,http://www.openphacts.org/units/Nanomolar,262237.0,=,1.0,1.0,=,,IC50,nM,,38.0,CHEMBL203,Homo sapiens,Epidermal growth factor receptor,9606.0,,,IC50,uM,UO_0000065,,0.038,7.42021640338319,1.0,173.17099999999996,1.6781799999999996,1,2,61.09,2,1,1,c1ccc(Nc2ncnc3ccccc23)cc1,False,True,False,False
,,66495.0,[],CHEMBL677833,In vitro inhibition of Epidermal growth factor receptor tyrosine kinase isolated from A431 (human carcinoma).,B,,,BAO_0000190,BAO_0000357,single protein format,C/N=N/Nc1ccc2ncnc(NCc3ccccc3)c2c1,,,CHEMBL1145114,J Med Chem,2003.0,"{'bei': '22.15', 'le': '0.40', 'lle': '2.82', 'sei': '8.68'}",CHEMBL137788,,CHEMBL137788,6.47,0.0,http://www.openphacts.org/units/Nanomolar,262233.0,=,1.0,1.0,=,,IC50,nM,,335.0,CHEMBL203,Homo sapiens,Epidermal growth factor receptor,9606.0,,,IC50,uM,UO_0000065,,0.335,6.474955192963154,1.0,252.233,1.2647399999999998,3,6,137.85,2,1,1,c1ccc(CNc2ncnc3ccccc23)cc1,False,True,False,False
,,67211.0,[],CHEMBL674637,Inhibitory activity towards tyrosine phosphorylation for the epidermal growth factor-receptor kinase,B,,,BAO_0000190,BAO_0000357,single protein format,Cc1cc(C)c(/C=C2\C(=O)N(C)c3ncnc(Nc4ccc(F)c(Cl)c4)c32)[nH]1,,,CHEMBL1134862,Bioorg Med Chem Lett,2002.0,,CHEMBL69709,,CHEMBL69709,,0.0,http://www.openphacts.org/units/Nanomolar,119496.0,>,1.0,1.0,>,,IC50,nM,,20000.0,CHEMBL203,Homo sapiens,Epidermal growth factor receptor,9606.0,,,IC50,uM,UO_0000065,,20.0,4.698970004336019,0.0,143.14899999999997,1.4452599999999998,1,2,63.37,1,1,1,O=C1Nc2ncnc(Nc3ccccc3)c2/C1=C/c1ccc[nH]1,False,True,False,True
,,67606.0,[],CHEMBL677833,In vitro inhibition of Epidermal growth factor receptor tyrosine kinase isolated from A431 (human carcinoma).,B,,,BAO_0000190,BAO_0000357,single protein format,Brc1cccc(Nc2ncnc3ccc(N/N=N/Cc4ccccc4)cc23)c1,,,CHEMBL1145114,J Med Chem,2003.0,"{'bei': '17.54', 'le': '0.37', 'lle': '1.48', 'sei': '10.20'}",CHEMBL424093,,CHEMBL424093,7.6,0.0,http://www.openphacts.org/units/Nanomolar,262240.0,=,1.0,1.0,=,,IC50,nM,,25.0,CHEMBL203,Homo sapiens,Epidermal growth factor receptor,9606.0,,,IC50,uM,UO_0000065,,0.025,7.602059991327962,1.0,495.9460000000002,3.5295200000000007,3,6,106.25,4,5,3,c1ccc(C/N=N/Nc2ccc3ncnc(Nc4ccccc4)c3c2)cc1,False,True,False,False
,,67808.0,[],CHEMBL674643,Inhibitory concentration of EGF dependent autophosphorylation of epidermal growth factor receptor kinase,B,,,BAO_0000190,BAO_0000357,single protein format,N#C/C(=C\c1ccc(O)c(O)c1)C(N)=S,,,CHEMBL1124610,J Med Chem,1989.0,"{'bei': '25.52', 'le': '0.51', 'lle': '4.33', 'sei': '6.23'}",CHEMBL77030,TYRPHOSTIN 47,CHEMBL77030,5.62,0.0,http://www.openphacts.org/units/Nanomolar,137233.0,=,1.0,1.0,=,,IC50,nM,,2400.0,CHEMBL203,Homo sapiens,Epidermal growth factor receptor,9606.0,,,IC50,uM,UO_0000065,,2.4,5.619788758288394,0.0,509.9730000000002,3.9643200000000016,4,6,115.04,4,5,3,c1ccccc1,False,False,False,False
,,67822.0,[],CHEMBL674643,Inhibitory concentration of EGF dependent autophosphorylation of epidermal growth factor receptor kinase,B,,,BAO_0000190,BAO_0000357,single protein format,CC(C)(C)c1cc(C=C(C#N)C#N)cc(C(C)(C)C)c1O,Outside typical range,"Values for this activity type are unusually large/small, so may not be accurate",CHEMBL1124610,J Med Chem,1989.0,,CHEMBL78150,TYRPHOSTIN A9,CHEMBL78150,,0.0,http://www.openphacts.org/units/Nanomolar,137212.0,=,1.0,1.0,=,,IC50,nM,,460000.0,CHEMBL203,Homo sapiens,Epidermal growth factor receptor,9606.0,,,IC50,uM,UO_0000065,,460.0,3.337242168318426,0.0,509.9730000000002,3.9643200000000016,4,6,115.04,4,5,3,c1ccccc1,False,False,False,False
,,68467.0,[],CHEMBL674637,Inhibitory activity towards tyrosine phosphorylation for the epidermal growth factor-receptor kinase,B,,,BAO_0000190,BAO_0000357,single protein format,O=C1Nc2ncnc(Nc3ccc(F)c(Cl)c3)c2/C1=C/c1ccc[nH]1,,,CHEMBL1134862,Bioorg Med Chem Lett,2002.0,,CHEMBL69106,,CHEMBL69106,,0.0,http://www.openphacts.org/units/Nanomolar,119481.0,>,1.0,1.0,>,,IC50,nM,,20000.0,CHEMBL203,Homo sapiens,Epidermal growth factor receptor,9606.0,,,IC50,uM,UO_0000065,,20.0,4.698970004336019,0.0,414.3110000000001,4.476600000000003,2,6,77.80000000000001,7,3,3,O=C1Nc2ncnc(Nc3ccccc3)c2/C1=C/c1ccc[nH]1,False,True,False,True
,,68470.0,[],CHEMBL674637,Inhibitory activity towards tyrosine phosphorylation for the epidermal growth factor-receptor kinase,B,,,BAO_0000190,BAO_0000357,single protein format,Cc1cc(C(=O)NCCN2CCOCC2)[nH]c1/C=C1\C(=O)Nc2ncnc(Nc3ccc4c(ccn4Cc4ccccc4)c3)c21,,,CHEMBL1134862,Bioorg Med Chem Lett,2002.0,"{'bei': '14.86', 'le': '0.27', 'lle': '4.55', 'sei': '6.93'}",CHEMBL264382,,CHEMBL264382,8.96,0.0,http://www.openphacts.org/units/Nanomolar,119498.0,=,1.0,1.0,=,,IC50,nM,,1.1,CHEMBL203,Homo sapiens,Epidermal growth factor receptor,9606.0,,,IC50,uM,UO_0000065,,0.0011,8.958607314841775,1.0,292.34600000000006,3.650800000000002,2,5,74.56,5,3,3,O=C1Nc2ncnc(Nc3ccc4c(ccn4Cc4ccccc4)c3)c2/C1=C/c1ccc(C(=O)NCCN2CCOCC2)[nH]1,False,True,False,True
,,68473.0,[],CHEMBL621151,Inhibition of autophosphorylation of human epidermal growth factor-receptor (EGF-R) expressed in A431 cells,F,,,BAO_0000190,BAO_0000219,cell-based format,Cc1cc(C(=O)NCCN2CCOCC2)[nH]c1/C=C1\C(=O)Nc2ncnc(Nc3ccc4c(ccn4Cc4ccccc4)c3)c21,,,CHEMBL1134862,Bioorg Med Chem Lett,2002.0,,CHEMBL264382,,CHEMBL264382,6.7,0.0,http://www.openphacts.org/units/Nanomolar,119498.0,=,1.0,1.0,=,,IC50,nM,,200.0,CHEMBL203,Homo sapiens,Epidermal growth factor receptor,9606.0,,,IC50,uM,UO_0000065,,0.2,6.698970004336019,1.0,397.84100000000007,4.474640000000004,2,4,73.91,3,4,3,O=C1Nc2ncnc(Nc3ccc4c(ccn4Cc4ccccc4)c3)c2/C1=C/c1ccc(C(=O)NCCN2CCOCC2)[nH]1,False,True,False,True
,,68475.0,[],CHEMBL615325,Inhibition of ligand-induced proliferation in human EGF-R Kinase expressing 3T3 cells,F,,,BAO_0000190,BAO_0000219,cell-based format,Cc1cc(C(=O)NCCN2CCOCC2)[nH]c1/C=C1\C(=O)Nc2ncnc(Nc3ccc4c(ccn4Cc4ccccc4)c3)c21,,,CHEMBL1134862,Bioorg Med Chem Lett,2002.0,,CHEMBL264382,,CHEMBL264382,5.71,0.0,http://www.openphacts.org/units/Nanomolar,119498.0,=,1.0,1.0,=,,IC50,nM,,1950.0,CHEMBL203,Homo sapiens,Epidermal growth factor receptor,9606.0,,,IC50,uM,UO_0000065,,1.95,5.709965388637482,0.0,433.31300000000016,6.115200000000003,2,5,74.56,6,4,4,O=C1Nc2ncnc(Nc3ccc4c(ccn4Cc4ccccc4)c3)c2/C1=C/c1ccc(C(=O)NCCN2CCOCC2)[nH]1,False,True,False,True
,,69112.0,[],CHEMBL674643,Inhibitory concentration of EGF dependent autophosphorylation of epidermal growth factor receptor kinase,B,,,BAO_0000190,BAO_0000357,single protein format,O=C(O)C(=Cc1ccc(O)cc1)C(=O)O,Outside typical range,"Values for this activity type are unusually large/small, so may not be accurate",CHEMBL1124610,J Med Chem,1989.0,,CHEMBL308133,,CHEMBL308133,,0.0,http://www.openphacts.org/units/Nanomolar,137214.0,=,1.0,1.0,=,,IC50,nM,,1500000.0,CHEMBL203,Homo sapiens,Epidermal growth factor receptor,9606.0,,,IC50,uM,UO_0000065,,1500.0,2.8239087409443187,0.0,220.253,1.2908799999999998,3,4,90.27,2,1,1,c1ccccc1,False,False,False,False
,,69116.0,[],CHEMBL674643,Inhibitory concentration of EGF dependent autophosphorylation of epidermal growth factor receptor kinase,B,,,BAO_0000190,BAO_0000357,single protein format,COc1cc(C=C(C#N)C#N)cc([N+](=O)[O-])c1O,Outside typical range,"Values for this activity type are unusually large/small, so may not be accurate",CHEMBL1124610,J Med Chem,1989.0,,CHEMBL307179,,CHEMBL307179,,0.0,http://www.openphacts.org/units/Nanomolar,137200.0,=,1.0,1.0,=,,IC50,nM,,160000.0,CHEMBL203,Homo sapiens,Epidermal growth factor receptor,9606.0,,,IC50,uM,UO_0000065,,160.0,3.795880017344075,0.0,282.387,4.417760000000005,1,3,67.81,1,1,1,c1ccccc1,False,True,False,False
,,69854.0,[],CHEMBL674637,Inhibitory activity towards tyrosine phosphorylation for the epidermal growth factor-receptor kinase,B,,,BAO_0000190,BAO_0000357,single protein format,Cc1[nH]c(/C=C2\C(=O)Nc3ncnc(Nc4ccc(F)c(Cl)c4)c32)c(C)c1CCC(=O)O,,,CHEMBL1134862,Bioorg Med Chem Lett,2002.0,"{'bei': '14.79', 'le': '0.29', 'lle': '2.27', 'sei': '5.62'}",CHEMBL305782,,CHEMBL305782,6.75,0.0,http://www.openphacts.org/units/Nanomolar,119485.0,=,1.0,1.0,=,,IC50,nM,,180.0,CHEMBL203,Homo sapiens,Epidermal growth factor receptor,9606.0,,,IC50,uM,UO_0000065,,0.18,6.7447274948966935,1.0,355.76000000000005,3.8335000000000017,3,4,82.69999999999999,3,4,3,O=C1Nc2ncnc(Nc3ccccc3)c2/C1=C/c1ccc[nH]1,False,True,False,True
,,69857.0,[],CHEMBL674637,Inhibitory activity towards tyrosine phosphorylation for the epidermal growth factor-receptor kinase,B,,,BAO_0000190,BAO_0000357,single protein format,CCN(CC)CCNC(=O)c1cc(C)c(/C=C2\C(=O)Nc3ncnc(Nc4ccc(Cl)cc4F)c32)[nH]1,,,CHEMBL1134862,Bioorg Med Chem Lett,2002.0,"{'bei': '12.40', 'le': '0.24', 'lle': '2.14', 'sei': '5.52'}",CHEMBL308672,,CHEMBL308672,6.35,0.0,http://www.openphacts.org/units/Nanomolar,119502.0,=,1.0,1.0,=,,IC50,nM,,450.0,CHEMBL203,Homo sapiens,Epidermal growth factor receptor,9606.0,,,IC50,uM,UO_0000065,,0.45,6.346787486224656,1.0,602.6990000000002,4.4144200000000025,4,7,129.20000000000002,9,7,5,O=C1Nc2ncnc(Nc3ccccc3)c2/C1=C/c1ccc[nH]1,False,True,False,True
,,69860.0,[],CHEMBL621151,Inhibition of autophosphorylation of human epidermal growth factor-receptor (EGF-R) expressed in A431 cells,F,,,BAO_0000190,BAO_0000219,cell-based format,CCN(CC)CCNC(=O)c1cc(C)c(/C=C2\C(=O)Nc3ncnc(Nc4ccc(Cl)cc4F)c32)[nH]1,,,CHEMBL1134862,Bioorg Med Chem Lett,2002.0,,CHEMBL308672,,CHEMBL308672,6.3,0.0,http://www.openphacts.org/units/Nanomolar,119502.0,=,1.0,1.0,=,,IC50,nM,,500.0,CHEMBL203,Homo sapiens,Epidermal growth factor receptor,9606.0,,,IC50,uM,UO_0000065,,0.5,6.301029995663981,1.0,602.6990000000002,4.4144200000000025,4,7,129.20000000000002,9,7,5,O=C1Nc2ncnc(Nc3ccccc3)c2/C1=C/c1ccc[nH]1,False,True,False,True
,,70342.0,[],CHEMBL677833,In vitro inhibition of Epidermal growth factor receptor tyrosine kinase isolated from A431 (human carcinoma).,B,,,BAO_0000190,BAO_0000357,single protein format,Cc1cccc(Nc2ncnc3ccc(/N=N/N(C)C)cc23)c1,,,CHEMBL1145114,J Med Chem,2003.0,"{'bei': '24.87', 'le': '0.45', 'lle': '3.38', 'sei': '11.59'}",CHEMBL133023,,CHEMBL133023,7.62,0.0,http://www.openphacts.org/units/Nanomolar,262244.0,=,1.0,1.0,=,,IC50,nM,,24.0,CHEMBL203,Homo sapiens,Epidermal growth factor receptor,9606.0,,,IC50,uM,UO_0000065,,0.024,7.619788758288394,1.0,602.6990000000002,4.4144200000000025,4,7,129.20000000000002,9,7,5,c1ccc(Nc2ncnc3ccccc23)cc1,False,True,False,False
,,70559.0,[],CHEMBL674643,Inhibitory concentration of EGF dependent autophosphorylation of epidermal growth factor receptor kinase,B,,,BAO_0000190,BAO_0000357,single protein format,N#CC(C#N)=Cc1cccc(O)c1,Outside typical range,"Values for this activity type are unusually large/small, so may not be accurate",CHEMBL1124610,J Med Chem,1989.0,,CHEMBL310400,,CHEMBL310400,,0.0,http://www.openphacts.org/units/Nanomolar,137208.0,=,1.0,1.0,=,,IC50,nM,,375000.0,CHEMBL203,Homo sapiens,Epidermal growth factor receptor,9606.0,,,IC50,uM,UO_0000065,,375.0,3.425968732272281,0.0,208.169,0.9448,3,3,94.83,3,1,1,c1ccccc1,False,False,False,False
,,71575.0,[],CHEMBL677833,In vitro inhibition of Epidermal growth factor receptor tyrosine kinase isolated from A431 (human carcinoma).,B,,,BAO_0000190,BAO_0000357,single protein format,COCC/N=N/Nc1ccc2ncnc(Nc3cccc(Br)c3)c2c1,,,CHEMBL1145114,J Med Chem,2003.0,"{'bei': '17.82', 'le': '0.39', 'lle': '2.59', 'sei': '8.53'}",CHEMBL136674,,CHEMBL136674,7.15,0.0,http://www.openphacts.org/units/Nanomolar,262241.0,=,1.0,1.0,=,,IC50,nM,,71.0,CHEMBL203,Homo sapiens,Epidermal growth factor receptor,9606.0,,,IC50,uM,UO_0000065,,0.071,7.1487416512809245,1.0,245.194,1.73956,1,6,120.18,3,1,1,c1ccc(Nc2ncnc3ccccc23)cc1,False,True,False,False
,,71725.0,[],CHEMBL674643,Inhibitory concentration of EGF dependent autophosphorylation of epidermal growth factor receptor kinase,B,,,BAO_0000190,BAO_0000357,single protein format,N#C/C(=C\c1ccc(O)c(O)c1)C(=O)O,,,CHEMBL1124610,J Med Chem,1989.0,"{'bei': '22.43', 'le': '0.42', 'lle': '3.51', 'sei': '4.53'}",CHEMBL73820,,CHEMBL73820,4.6,0.0,http://www.openphacts.org/units/Nanomolar,137182.0,=,1.0,1.0,=,,IC50,nM,,25000.0,CHEMBL203,Homo sapiens,Epidermal growth factor receptor,9606.0,,,IC50,uM,UO_0000065,,25.0,4.6020599913279625,0.0,455.8770000000003,4.467540000000002,4,5,120.0,6,4,3,c1ccccc1,False,False,False,False
,,71727.0,[],CHEMBL674643,Inhibitory concentration of EGF dependent autophosphorylation of epidermal growth factor receptor kinase,B,,,BAO_0000190,BAO_0000357,single protein format,N#CC(C#N)=C(O)c1ccc(O)cc1,Outside typical range,"Values for this activity type are unusually large/small, so may not be accurate",CHEMBL1124610,J Med Chem,1989.0,,CHEMBL79064,,CHEMBL79064,,0.0,http://www.openphacts.org/units/Nanomolar,137175.0,=,1.0,1.0,=,,IC50,nM,,230000.0,CHEMBL203,Homo sapiens,Epidermal growth factor receptor,9606.0,,,IC50,uM,UO_0000065,,230.0,3.638272163982407,0.0,511.9890000000001,4.213520000000002,4,6,115.04000000000002,9,4,3,c1ccccc1,False,False,False,False
,,71728.0,[],CHEMBL674643,Inhibitory concentration of EGF dependent autophosphorylation of epidermal growth factor receptor kinase,B,,,BAO_0000190,BAO_0000357,single protein format,N#CC(C#N)=C(N)/C(C#N)=C/c1cc(O)c(O)c(Br)c1,,,CHEMBL1124610,J Med Chem,1989.0,"{'bei': '19.03', 'le': '0.43', 'lle': '4.27', 'sei': '4.57'}",CHEMBL77803,,CHEMBL77803,6.3,0.0,http://www.openphacts.org/units/Nanomolar,137220.0,=,1.0,1.0,=,,IC50,nM,,500.0,CHEMBL203,Homo sapiens,Epidermal growth factor receptor,9606.0,,,IC50,uM,UO_0000065,,0.5,6.301029995663981,1.0,511.9890000000001,4.213520000000002,4,6,115.04000000000002,9,4,3,c1ccccc1,False,False,False,False
,,71729.0,[],CHEMBL674643,Inhibitory concentration of EGF dependent autophosphorylation of epidermal growth factor receptor kinase,B,,,BAO_0000190,BAO_0000357,single protein format,N#C/C=C/c1ccc(O)cc1,Outside typical range,"Values for this activity type are unusually large/small, so may not be accurate",CHEMBL1124610,J Med Chem,1989.0,,CHEMBL75718,,CHEMBL75718,,0.0,http://www.openphacts.org/units/Nanomolar,137191.0,=,1.0,1.0,=,,IC50,nM,,2400000.0,CHEMBL203,Homo sapiens,Epidermal growth factor receptor,9606.0,,,IC50,uM,UO_0000065,,2400.0,2.619788758288394,0.0,511.9890000000001,4.213520000000002,4,6,115.04000000000002,9,4,3,c1ccccc1,False,False,False,False
,,71733.0,[],CHEMBL674643,Inhibitory concentration of EGF dependent autophosphorylation of epidermal growth factor receptor kinase,B,,,BAO_0000190,BAO_0000357,single protein format,COc1cc(C=C(C#N)C#N)cc(Br)c1O,Outside typical range,"Values for this activity type are unusually large/small, so may not be accurate",CHEMBL1124610,J Med Chem,1989.0,,CHEMBL77298,,CHEMBL77298,,0.0,http://www.openphacts.org/units/Nanomolar,137199.0,=,1.0,1.0,=,,IC50,nM,,153000.0,CHEMBL203,Homo sapiens,Epidermal growth factor receptor,9606.0,,,IC50,uM,UO_0000065,,153.0,3.815308569182401,0.0,306.3730000000001,4.2421200000000026,1,5,65.77,4,3,3,c1ccccc1,False,False,False,False
,,78012.0,[],CHEMBL679949,Evaluated for inhibitory activity towards tyrosine kinase Epidermal growth factor receptor,B,,,BAO_0000190,BAO_0000357,single protein format,COc1cccc(-c2ccc3c(c2)NC(=O)/C3=C\c2[nH]c3c(c2CCC(=O)O)CCCC3)c1,,,CHEMBL1133768,J Med Chem,2000.0,"{'bei': '11.42', 'le': '0.21', 'lle': '-0.03', 'sei': '5.53'}",CHEMBL432941,,CHEMBL432941,5.05,0.0,http://www.openphacts.org/units/Nanomolar,163350.0,=,1.0,1.0,=,,IC50,nM,,8880.0,CHEMBL203,Homo sapiens,Epidermal growth factor receptor,9606.0,,,IC50,uM,UO_0000065,,8.88,5.051587034221399,0.0,170.17099999999996,1.82276,1,3,67.81,1,1,1,O=C1Nc2cc(-c3ccccc3)ccc2/C1=C/c1cc2c([nH]1)CCCC2,False,True,False,True
,,79181.0,[],CHEMBL679949,Evaluated for inhibitory activity towards tyrosine kinase Epidermal growth factor receptor,B,,,BAO_0000190,BAO_0000357,single protein format,COc1ccc2c(c1)NC(=O)/C2=C\c1[nH]c2c(c1CCC(=O)O)CCCC2,,,CHEMBL1133768,J Med Chem,2000.0,,CHEMBL420609,,CHEMBL420609,,0.0,http://www.openphacts.org/units/Nanomolar,163340.0,>,1.0,1.0,>,,IC50,nM,,100000.0,CHEMBL203,Homo sapiens,Epidermal growth factor receptor,9606.0,,,IC50,uM,UO_0000065,,100.0,4.0,0.0,401.2680000000001,4.561400000000003,2,6,83.79,7,3,3,O=C1Nc2ccccc2/C1=C/c1cc2c([nH]1)CCCC2,False,True,False,True
,,80323.0,[],CHEMBL679949,Evaluated for inhibitory activity towards tyrosine kinase Epidermal growth factor receptor,B,,,BAO_0000190,BAO_0000357,single protein format,COc1cccc(-c2ccc3c(c2)NC(=O)/C3=C\c2cc3c([nH]2)CCCC3)c1,,,CHEMBL1133768,J Med Chem,2000.0,,CHEMBL419682,,CHEMBL419682,,0.0,http://www.openphacts.org/units/Nanomolar,163354.0,>,1.0,1.0,>,,IC50,nM,,100000.0,CHEMBL203,Homo sapiens,Epidermal growth factor receptor,9606.0,,,IC50,uM,UO_0000065,,100.0,4.0,0.0,205.169,1.0893799999999998,3,4,101.55,2,1,1,O=C1Nc2cc(-c3ccccc3)ccc2/C1=C/c1cc2c([nH]1)CCCC2,False,True,False,True
,,81208.0,[],CHEMBL674698,Inhibition of Epidermal growth factor receptor,B,,,BAO_0000190,BAO_0000357,single protein format,COc1cc(Nc2c(C#N)cnc3cc(-c4ccc(CN5CCOCC5)cc4)ccc23)c(Cl)cc1Cl,,,CHEMBL1134917,Bioorg Med Chem Lett,2002.0,"{'bei': '10.63', 'le': '0.21', 'lle': '-1.14', 'sei': '7.84'}",CHEMBL322395,,CHEMBL322395,5.52,0.0,http://www.openphacts.org/units/Nanomolar,189216.0,=,1.0,1.0,=,,IC50,nM,,3000.0,CHEMBL203,Homo sapiens,Epidermal growth factor receptor,9606.0,,,IC50,nM,UO_0000065,,3000.0,5.522878745280337,0.0,186.17,1.70846,2,4,88.04,1,1,1,c1ccc(Nc2ccnc3cc(-c4ccc(CN5CCOCC5)cc4)ccc23)cc1,False,True,False,False
,,83552.0,[],CHEMBL679949,Evaluated for inhibitory activity towards tyrosine kinase Epidermal growth factor receptor,B,,,BAO_0000190,BAO_0000357,single protein format,COc1ccccc1-c1ccc2c(c1)NC(=O)/C2=C\c1cc2c([nH]1)CCCC2,,,CHEMBL1133768,J Med Chem,2000.0,,CHEMBL88462,,CHEMBL88462,,0.0,http://www.openphacts.org/units/Nanomolar,163347.0,>,1.0,1.0,>,,IC50,nM,,100000.0,CHEMBL203,Homo sapiens,Epidermal growth factor receptor,9606.0,,,IC50,uM,UO_0000065,,100.0,4.0,0.0,331.129,2.027240000000001,3,6,137.85,2,1,1,O=C1Nc2cc(-c3ccccc3)ccc2/C1=C/c1cc2c([nH]1)CCCC2,False,True,False,True
,,84549.0,[],CHEMBL679949,Evaluated for inhibitory activity towards tyrosine kinase Epidermal growth factor receptor,B,,,BAO_0000190,BAO_0000357,single protein format,O=C(O)CCc1c(/C=C2\C(=O)Nc3ccc(C(=O)O)cc32)[nH]c2c1CCCC2,,,CHEMBL1133768,J Med Chem,2000.0,"{'bei': '11.17', 'le': '0.21', 'lle': '1.15', 'sei': '3.56'}",CHEMBL431996,,CHEMBL431996,4.25,0.0,http://www.openphacts.org/units/Nanomolar,163341.0,=,1.0,1.0,=,,IC50,nM,,56500.0,CHEMBL203,Homo sapiens,Epidermal growth factor receptor,9606.0,,,IC50,uM,UO_0000065,,56.5,4.247951552180561,0.0,145.161,1.92898,1,2,44.02,1,1,1,O=C1Nc2ccccc2/C1=C/c1cc2c([nH]1)CCCC2,False,True,False,True
,,85635.0,[],CHEMBL679949,Evaluated for inhibitory activity towards tyrosine kinase Epidermal growth factor receptor,B,,,BAO_0000190,BAO_0000357,single protein format,COc1ccc2c(c1)NC(=O)/C2=C\c1cc2c([nH]1)CCCC2,,,CHEMBL1133768,J Med Chem,2000.0,,CHEMBL91250,,CHEMBL91250,,0.0,http://www.openphacts.org/units/Nanomolar,163353.0,>,1.0,1.0,>,,IC50,nM,,100000.0,CHEMBL203,Homo sapiens,Epidermal growth factor receptor,9606.0,,,IC50,uM,UO_0000065,,100.0,4.0,0.0,279.093,2.5938600000000007,1,4,77.03999999999999,2,1,1,O=C1Nc2ccccc2/C1=C/c1cc2c([nH]1)CCCC2,False,True,False,True
,,85644.0,[],CHEMBL679949,Evaluated for inhibitory activity towards tyrosine kinase Epidermal growth factor receptor,B,,,BAO_0000190,BAO_0000357,single protein format,O=C(O)CCc1c(/C=C2\C(=O)Nc3cc(-c4ccccc4)ccc32)[nH]c2c1CCCC2,,,CHEMBL1133768,J Med Chem,2000.0,,CHEMBL88771,,CHEMBL88771,,0.0,http://www.openphacts.org/units/Nanomolar,163339.0,>,1.0,1.0,>,,IC50,nM,,100000.0,CHEMBL203,Homo sapiens,Epidermal growth factor receptor,9606.0,,,IC50,uM,UO_0000065,,100.0,4.0,0.0,442.5150000000003,5.079000000000003,3,3,91.42,6,5,3,O=C1Nc2cc(-c3ccccc3)ccc2/C1=C/c1cc2c([nH]1)CCCC2,False,True,False,True
,,87623.0,[],CHEMBL679949,Evaluated for inhibitory activity towards tyrosine kinase Epidermal growth factor receptor,B,,,BAO_0000190,BAO_0000357,single protein format,COc1ccc(-c2ccc3c(c2)NC(=O)/C3=C\c2[nH]c3c(c2CCC(=O)O)CCCC3)cc1,,,CHEMBL1133768,J Med Chem,2000.0,,CHEMBL91815,,CHEMBL91815,,0.0,http://www.openphacts.org/units/Nanomolar,163348.0,>,1.0,1.0,>,,IC50,nM,,100000.0,CHEMBL203,Homo sapiens,Epidermal growth factor receptor,9606.0,,,IC50,uM,UO_0000065,,100.0,4.0,0.0,366.4170000000002,3.4120000000000017,3,3,91.42,5,4,2,O=C1Nc2cc(-c3ccccc3)ccc2/C1=C/c1cc2c([nH]1)CCCC2,False,True,False,True
,,88634.0,[],CHEMBL679949,Evaluated for inhibitory activity towards tyrosine kinase Epidermal growth factor receptor,B,,,BAO_0000190,BAO_0000357,single protein format,O=C1Nc2ccccc2/C1=C/c1cc2c([nH]1)CCCC2,,,CHEMBL1133768,J Med Chem,2000.0,,CHEMBL328029,,CHEMBL328029,,0.0,http://www.openphacts.org/units/Nanomolar,163357.0,>,1.0,1.0,>,,IC50,nM,,100000.0,CHEMBL203,Homo sapiens,Epidermal growth factor receptor,9606.0,,,IC50,uM,UO_0000065,,100.0,4.0,0.0,370.45200000000017,5.061800000000003,2,2,54.12,3,5,3,O=C1Nc2ccccc2/C1=C/c1cc2c([nH]1)CCCC2,False,True,False,True
,,88643.0,[],CHEMBL679949,Evaluated for inhibitory activity towards tyrosine kinase Epidermal growth factor receptor,B,,,BAO_0000190,BAO_0000357,single protein format,O=C(O)CCc1c(/C=C2\C(=O)Nc3ccc(Br)cc32)[nH]c2c1CCCC2,,,CHEMBL1133768,J Med Chem,2000.0,,CHEMBL314995,,CHEMBL314995,,0.0,http://www.openphacts.org/units/Nanomolar,163343.0,>,1.0,1.0,>,,IC50,nM,,100000.0,CHEMBL203,Homo sapiens,Epidermal growth factor receptor,9606.0,,,IC50,uM,UO_0000065,,100.0,4.0,0.0,519.4320000000004,6.664680000000005,1,6,70.41,6,5,4,O=C1Nc2ccccc2/C1=C/c1cc2c([nH]1)CCCC2,False,True,False,True
,,91573.0,[],CHEMBL679949,Evaluated for inhibitory activity towards tyrosine kinase Epidermal growth factor receptor,B,,,BAO_0000190,BAO_0000357,single protein format,NS(=O)(=O)c1ccc2c(c1)/C(=C/c1cc3c([nH]1)CCCC3)C(=O)N2,,,CHEMBL1133768,J Med Chem,2000.0,,CHEMBL88483,,CHEMBL88483,,0.0,http://www.openphacts.org/units/Nanomolar,163351.0,>,1.0,1.0,>,,IC50,nM,,100000.0,CHEMBL203,Homo sapiens,Epidermal growth factor receptor,9606.0,,,IC50,uM,UO_0000065,,100.0,4.0,0.0,370.4520000000002,5.061800000000003,2,2,54.12,3,5,3,O=C1Nc2ccccc2/C1=C/c1cc2c([nH]1)CCCC2,False,True,False,True
,,91582.0,[],CHEMBL679949,Evaluated for inhibitory activity towards tyrosine kinase Epidermal growth factor receptor,B,,,BAO_0000190,BAO_0000357,single protein format,O=C1Nc2cc(-c3ccccc3)ccc2/C1=C/c1cc2c([nH]1)CCCC2,,,CHEMBL1133768,J Med Chem,2000.0,,CHEMBL313746,,CHEMBL313746,,0.0,http://www.openphacts.org/units/Nanomolar,163355.0,>,1.0,1.0,>,,IC50,nM,,100000.0,CHEMBL203,Homo sapiens,Epidermal growth factor receptor,9606.0,,,IC50,uM,UO_0000065,,100.0,4.0,0.0,380.4000000000002,3.101600000000002,4,3,119.49,5,4,2,O=C1Nc2cc(-c3ccccc3)ccc2/C1=C/c1cc2c([nH]1)CCCC2,False,True,False,True
,,91591.0,[],CHEMBL679949,Evaluated for inhibitory activity towards tyrosine kinase Epidermal growth factor receptor,B,,,BAO_0000190,BAO_0000357,single protein format,Cc1c[nH]c(/C=C2\C(=O)Nc3ccccc32)c1CCC(=O)O,,,CHEMBL1133768,J Med Chem,2000.0,,CHEMBL89363,,CHEMBL89363,,1.0,http://www.openphacts.org/units/Nanomolar,163345.0,>,1.0,1.0,>,,IC50,nM,,100000.0,CHEMBL203,Homo sapiens,Epidermal growth factor receptor,9606.0,,,IC50,uM,UO_0000065,,100.0,4.0,0.0,294.3540000000001,3.394800000000002,2,2,54.12,2,4,2,O=C1Nc2ccccc2/C1=C/c1ccc[nH]1,False,True,False,True
,,92603.0,[],CHEMBL679949,Evaluated for inhibitory activity towards tyrosine kinase Epidermal growth factor receptor,B,,,BAO_0000190,BAO_0000357,single protein format,Cc1cc(C)c(/C=C2\C(=O)Nc3ccccc32)[nH]1,,,CHEMBL1133768,J Med Chem,2000.0,,CHEMBL276711,SEMAXANIB,CHEMBL276711,,1.0,http://www.openphacts.org/units/Nanomolar,163338.0,>,1.0,1.0,>,,IC50,nM,,100000.0,CHEMBL203,Homo sapiens,Epidermal growth factor receptor,9606.0,,,IC50,uM,UO_0000065,,100.0,4.0,0.0,412.48900000000026,5.070400000000004,3,2,82.19,5,5,3,O=C1Nc2ccccc2/C1=C/c1ccc[nH]1,False,True,False,True
,,96622.0,[],CHEMBL679949,Evaluated for inhibitory activity towards tyrosine kinase Epidermal growth factor receptor,B,,,BAO_0000190,BAO_0000357,single protein format,COc1ccc(-c2ccc3c(c2)NC(=O)/C3=C\c2cc3c([nH]2)CCCC3)cc1,,,CHEMBL1133768,J Med Chem,2000.0,,CHEMBL313500,,CHEMBL313500,,0.0,http://www.openphacts.org/units/Nanomolar,163346.0,>,1.0,1.0,>,,IC50,nM,,100000.0,CHEMBL203,Homo sapiens,Epidermal growth factor receptor,9606.0,,,IC50,uM,UO_0000065,,100.0,4.0,0.0,442.5150000000004,5.079000000000003,3,3,91.42,6,5,3,O=C1Nc2cc(-c3ccccc3)ccc2/C1=C/c1cc2c([nH]1)CCCC2,False,True,False,True
,,98658.0,[],CHEMBL679949,Evaluated for inhibitory activity towards tyrosine kinase Epidermal growth factor receptor,B,,,BAO_0000190,BAO_0000357,single protein format,O=C1Nc2ccc(C(=O)O)cc2/C1=C/c1cc2c([nH]1)CCCC2,,,CHEMBL1133768,J Med Chem,2000.0,,CHEMBL89010,,CHEMBL89010,,0.0,http://www.openphacts.org/units/Nanomolar,163352.0,>,1.0,1.0,>,,IC50,nM,,100000.0,CHEMBL203,Homo sapiens,Epidermal growth factor receptor,9606.0,,,IC50,uM,UO_0000065,,100.0,4.0,0.0,264.328,3.3862000000000023,2,1,44.89,1,4,2,O=C1Nc2ccccc2/C1=C/c1cc2c([nH]1)CCCC2,False,True,False,True
,,98667.0,[],CHEMBL679949,Evaluated for inhibitory activity towards tyrosine kinase Epidermal growth factor receptor,B,,,BAO_0000190,BAO_0000357,single protein format,NS(=O)(=O)c1ccc2c(c1)/C(=C/c1[nH]c3c(c1CCC(=O)O)CCCC3)C(=O)N2,,,CHEMBL1133768,J Med Chem,2000.0,"{'bei': '10.92', 'le': '0.21', 'lle': '2.49', 'sei': '3.19'}",CHEMBL86531,,CHEMBL86531,4.54,0.0,http://www.openphacts.org/units/Nanomolar,163342.0,=,1.0,1.0,=,,IC50,nM,,29100.0,CHEMBL203,Homo sapiens,Epidermal growth factor receptor,9606.0,,,IC50,uM,UO_0000065,,29.1,4.536107011014093,0.0,415.2870000000002,4.165900000000002,3,2,82.19,4,4,2,O=C1Nc2ccccc2/C1=C/c1cc2c([nH]1)CCCC2,False,True,False,True
,,99530.0,[],CHEMBL679949,Evaluated for inhibitory activity towards tyrosine kinase Epidermal growth factor receptor,B,,,BAO_0000190,BAO_0000357,single protein format,O=C(O)CCc1c(/C=C2\C(=O)Nc3ccccc32)[nH]c2c1CCCC2,,,CHEMBL1133768,J Med Chem,2000.0,,CHEMBL315753,,CHEMBL315753,,0.0,http://www.openphacts.org/units/Nanomolar,163344.0,>,1.0,1.0,>,,IC50,nM,,100000.0,CHEMBL203,Homo sapiens,Epidermal growth factor receptor,9606.0,,,IC50,uM,UO_0000065,,100.0,4.0,0.0,343.4080000000002,2.0336000000000003,3,3,105.05,2,4,2,O=C1Nc2ccccc2/C1=C/c1cc2c([nH]1)CCCC2,False,True,False,True
,,104507.0,[],CHEMBL679949,Evaluated for inhibitory activity towards tyrosine kinase Epidermal growth factor receptor,B,,,BAO_0000190,BAO_0000357,single protein format,O=C1Nc2ccc(Br)cc2/C1=C/c1cc2c([nH]1)CCCC2,,,CHEMBL1133768,J Med Chem,2000.0,,CHEMBL88606,,CHEMBL88606,,0.0,http://www.openphacts.org/units/Nanomolar,163356.0,>,1.0,1.0,>,,IC50,nM,,100000.0,CHEMBL203,Homo sapiens,Epidermal growth factor receptor,9606.0,,,IC50,uM,UO_0000065,,100.0,4.0,0.0,340.4260000000002,5.053200000000004,2,1,44.89,2,5,3,O=C1Nc2ccccc2/C1=C/c1cc2c([nH]1)CCCC2,False,True,False,True
,,104516.0,[],CHEMBL679949,Evaluated for inhibitory activity towards tyrosine kinase Epidermal growth factor receptor,B,,,BAO_0000190,BAO_0000357,single protein format,COc1ccccc1-c1ccc2c(c1)NC(=O)/C2=C\c1[nH]c2c(c1CCC(=O)O)CCCC2,,,CHEMBL1133768,J Med Chem,2000.0,,CHEMBL313821,,CHEMBL313821,,0.0,http://www.openphacts.org/units/Nanomolar,163349.0,>,1.0,1.0,>,,IC50,nM,,100000.0,CHEMBL203,Homo sapiens,Epidermal growth factor receptor,9606.0,,,IC50,uM,UO_0000065,,100.0,4.0,0.0,296.326,2.8330200000000003,3,2,82.19,4,3,2,O=C1Nc2cc(-c3ccccc3)ccc2/C1=C/c1cc2c([nH]1)CCCC2,False,True,False,True
,,105574.0,[],CHEMBL679549,Inhibitory activity against recombinant tyrosine kinase EGF-R (EGF-R ICD),B,,,BAO_0000190,BAO_0000357,single protein format,O=C1NC(=O)c2cc(NC3CCCCC3)c(NC3CCCCC3)cc21,,,CHEMBL1127678,J Med Chem,1994.0,,CHEMBL266969,,CHEMBL266969,,0.0,http://www.openphacts.org/units/Nanomolar,2999.0,>,1.0,1.0,>,,IC50,nM,,50000.0,CHEMBL203,Homo sapiens,Epidermal growth factor receptor,9606.0,,,IC50,uM,UO_0000065,,50.0,4.301029995663981,0.0,238.29,3.1242400000000004,2,1,44.89,1,3,2,O=C1NC(=O)c2cc(NC3CCCCC3)c(NC3CCCCC3)cc21,False,True,False,False
,,105738.0,[],CHEMBL673925,Inhibition of phosphorylation of a polyglutamic acid/tyrosine random copolymer by EGFR enzyme (from human A431 carcinoma cell vesicles),B,,,BAO_0000190,BAO_0000357,single protein format,C=CC(=O)N(CCN(C)C)c1cc2c(Nc3cccc(Br)c3)ncnc2cn1,,,CHEMBL1134843,J Med Chem,2001.0,"{'bei': '18.98', 'le': '0.41', 'lle': '4.77', 'sei': '11.28'}",CHEMBL138691,,CHEMBL138691,8.38,0.0,http://www.openphacts.org/units/Nanomolar,265485.0,=,1.0,1.0,=,,IC50,nM,,4.2,CHEMBL203,Homo sapiens,Epidermal growth factor receptor,9606.0,,,IC50 app,nM,UO_0000065,,4.2,8.3767507096021,1.0,370.45200000000017,5.061800000000003,2,2,54.12,3,5,3,c1ccc(Nc2ncnc3cnccc23)cc1,False,True,False,True
,,105739.0,[],CHEMBL677216,Inhibition of autophosphorylation of EGFR in A431 cells,B,,,BAO_0000190,BAO_0000219,cell-based format,C=CC(=O)N(CCN(C)C)c1cc2c(Nc3cccc(Br)c3)ncnc2cn1,,,CHEMBL1134843,J Med Chem,2001.0,"{'bei': '12.78', 'le': '0.28', 'lle': '2.03', 'sei': '7.60'}",CHEMBL138691,,CHEMBL138691,5.64,0.0,http://www.openphacts.org/units/Nanomolar,265485.0,=,1.0,1.0,=,,IC50,nM,,2282.0,CHEMBL203,Homo sapiens,Epidermal growth factor receptor,9606.0,,,IC50,nM,UO_0000065,,2282.0,5.641684359917804,0.0,308.33700000000016,3.0844000000000014,3,2,82.19,2,4,2,c1ccc(Nc2ncnc3cnccc23)cc1,False,True,False,True
,,106119.0,[],CHEMBL679947,"Inhibition of phosphorylation of phospholipase C gamma1 by Epidermal growth factor receptor, from human A431 carcinoma cell vesicles",F,,,BAO_0000190,BAO_0000019,assay format,Cc1cccc(Nc2ncnc3cnc(N(C)C)nc23)c1,,,CHEMBL1130057,J Med Chem,1997.0,,CHEMBL52829,,CHEMBL52829,8.4,0.0,http://www.openphacts.org/units/Nanomolar,89148.0,=,1.0,1.0,=,,IC50,nM,,4.0,CHEMBL203,Homo sapiens,Epidermal growth factor receptor,9606.0,,,IC50,nM,UO_0000065,,4.0,8.397940008672037,1.0,415.4710000000003,2.0508,4,4,142.35000000000002,5,4,2,c1ccc(Nc2ncnc3cncnc23)cc1,False,True,False,False
,,106120.0,[],CHEMBL679947,"Inhibition of phosphorylation of phospholipase C gamma1 by Epidermal growth factor receptor, from human A431 carcinoma cell vesicles",F,,,BAO_0000190,BAO_0000019,assay format,Cc1cccc(Nc2ncnc3cnc(Cl)nc23)c1,,,CHEMBL1130057,J Med Chem,1997.0,,CHEMBL52823,,CHEMBL52823,6.42,0.0,http://www.openphacts.org/units/Nanomolar,89162.0,=,1.0,1.0,=,,IC50,nM,,380.0,CHEMBL203,Homo sapiens,Epidermal growth factor receptor,9606.0,,,IC50,nM,UO_0000065,,380.0,6.42021640338319,1.0,336.39100000000025,3.403400000000002,3,2,82.19,4,4,2,c1ccc(Nc2ncnc3cncnc23)cc1,False,True,False,False
,,106688.0,[],CHEMBL679549,Inhibitory activity against recombinant tyrosine kinase EGF-R (EGF-R ICD),B,,,BAO_0000190,BAO_0000357,single protein format,O=C1c2cc(Nc3ccccc3)c(Nc3ccccc3)cc2C(=O)N1c1ccccc1,,,CHEMBL1127678,J Med Chem,1994.0,,CHEMBL8000,,CHEMBL8000,,0.0,http://www.openphacts.org/units/Nanomolar,3001.0,>,1.0,1.0,>,,IC50,nM,,100000.0,CHEMBL203,Homo sapiens,Epidermal growth factor receptor,9606.0,,,IC50,uM,UO_0000065,,100.0,4.0,0.0,343.22400000000016,4.1487000000000025,2,1,44.89,1,4,2,O=C1c2cc(Nc3ccccc3)c(Nc3ccccc3)cc2C(=O)N1c1ccccc1,False,True,False,False
,,106691.0,[],CHEMBL621149,Inhibition of EGF-dependent autophosphorylation of EGF-R in human A431 cells,F,,,BAO_0000190,BAO_0000219,cell-based format,O=C1c2cc(Nc3ccccc3)c(Nc3ccccc3)cc2C(=O)N1c1ccccc1,,,CHEMBL1127678,J Med Chem,1994.0,,CHEMBL8000,,CHEMBL8000,,0.0,http://www.openphacts.org/units/Nanomolar,3001.0,>,1.0,1.0,>,,IC50,nM,,50000.0,CHEMBL203,Homo sapiens,Epidermal growth factor receptor,9606.0,,,IC50,uM,UO_0000065,,50.0,4.301029995663981,0.0,442.5150000000004,5.079000000000003,3,3,91.42,6,5,3,O=C1c2cc(Nc3ccccc3)c(Nc3ccccc3)cc2C(=O)N1c1ccccc1,False,True,False,False
,,106877.0,[],CHEMBL673925,Inhibition of phosphorylation of a polyglutamic acid/tyrosine random copolymer by EGFR enzyme (from human A431 carcinoma cell vesicles),B,,,BAO_0000190,BAO_0000357,single protein format,C=CC(=O)N(CCCN1CCOCC1)c1ccc2ncnc(Nc3cccc(Br)c3)c2c1,,,CHEMBL1134843,J Med Chem,2001.0,"{'bei': '17.09', 'le': '0.36', 'lle': '4.10', 'sei': '12.02'}",CHEMBL139307,,CHEMBL139307,8.48,0.0,http://www.openphacts.org/units/Nanomolar,265483.0,=,1.0,1.0,=,,IC50,nM,,3.3,CHEMBL203,Homo sapiens,Epidermal growth factor receptor,9606.0,,,IC50 app,nM,UO_0000065,,3.3,8.481486060122112,1.0,341.4550000000001,4.059400000000003,3,4,70.23,4,4,1,c1ccc(Nc2ncnc3ccc(NCCCN4CCOCC4)cc23)cc1,False,True,False,True
,,106878.0,[],CHEMBL677216,Inhibition of autophosphorylation of EGFR in A431 cells,B,,,BAO_0000190,BAO_0000219,cell-based format,C=CC(=O)N(CCCN1CCOCC1)c1ccc2ncnc(Nc3cccc(Br)c3)c2c1,,,CHEMBL1134843,J Med Chem,2001.0,"{'bei': '13.52', 'le': '0.29', 'lle': '2.33', 'sei': '9.51'}",CHEMBL139307,,CHEMBL139307,6.71,0.0,http://www.openphacts.org/units/Nanomolar,265483.0,=,1.0,1.0,=,,IC50,nM,,194.0,CHEMBL203,Homo sapiens,Epidermal growth factor receptor,9606.0,,,IC50,nM,UO_0000065,,194.0,6.7121982700697735,1.0,441.3330000000001,3.611500000000001,1,6,74.25,7,3,3,c1ccc(Nc2ncnc3ccc(NCCCN4CCOCC4)cc23)cc1,False,True,False,True
,,107298.0,[],CHEMBL680019,Inhibitory concentration was evaluated against epidermal growth factor receptor (EGFr) tyrosine kinase,B,,,BAO_0000190,BAO_0000357,single protein format,CCn1c(=O)c(-c2c(Cl)cccc2Cl)cc2cnc(Nc3ccccc3)nc21,,,CHEMBL1131066,J Med Chem,1998.0,"{'bei': '16.29', 'le': '0.33', 'lle': '1.17', 'sei': '11.20'}",CHEMBL322298,,CHEMBL322298,6.7,0.0,http://www.openphacts.org/units/Nanomolar,210171.0,=,1.0,1.0,=,,IC50,nM,,200.0,CHEMBL203,Homo sapiens,Epidermal growth factor receptor,9606.0,,,IC50,uM,UO_0000065,,0.2,6.698970004336019,1.0,441.3330000000001,3.611500000000001,1,6,74.25,7,3,3,O=c1[nH]c2nc(Nc3ccccc3)ncc2cc1-c1ccccc1,False,True,False,False
,,107302.0,[],CHEMBL680019,Inhibitory concentration was evaluated against epidermal growth factor receptor (EGFr) tyrosine kinase,B,,,BAO_0000190,BAO_0000357,single protein format,Cn1c(=O)c(-c2c(Cl)cccc2Cl)cc2cnc(Nc3cccc(Br)c3)nc21,,,CHEMBL1131066,J Med Chem,1998.0,"{'bei': '12.97', 'le': '0.30', 'lle': '0.36', 'sei': '10.32'}",CHEMBL111434,,CHEMBL111434,6.17,0.0,http://www.openphacts.org/units/Nanomolar,210193.0,=,1.0,1.0,=,,IC50,nM,,670.0,CHEMBL203,Homo sapiens,Epidermal growth factor receptor,9606.0,,,IC50,uM,UO_0000065,,0.67,6.173925197299173,1.0,495.4140000000002,4.797700000000004,1,6,66.28999999999999,4,5,4,O=c1[nH]c2nc(Nc3ccccc3)ncc2cc1-c1ccccc1,False,True,False,False
,,107306.0,[],CHEMBL680019,Inhibitory concentration was evaluated against epidermal growth factor receptor (EGFr) tyrosine kinase,B,,,BAO_0000190,BAO_0000357,single protein format,COc1cccc(Nc2ncc3cc(-c4c(Cl)cccc4Cl)c(=O)n(C)c3n2)c1,,,CHEMBL1131066,J Med Chem,1998.0,"{'bei': '17.61', 'le': '0.35', 'lle': '2.47', 'sei': '10.90'}",CHEMBL111197,,CHEMBL111197,7.52,0.0,http://www.openphacts.org/units/Nanomolar,210190.0,=,1.0,1.0,=,,IC50,nM,,30.0,CHEMBL203,Homo sapiens,Epidermal growth factor receptor,9606.0,,,IC50,uM,UO_0000065,,0.03,7.522878745280337,1.0,280.33500000000004,2.53782,1,6,66.83000000000001,3,3,3,O=c1[nH]c2nc(Nc3ccccc3)ncc2cc1-c1ccccc1,False,True,False,False
,,107803.0,[],CHEMBL677391,Inhibition of tyrosine phosphorylation activity of the epidermal growth factor receptor (EGFR) tyrosine kinase from human A-431 carcinoma cell-shed membrane vesicles,B,,,BAO_0000190,BAO_0000019,assay format,Cn1c(SSc2c(C(=O)Nc3ccccc3)c3cccc(Cl)c3n2C)c(C(=O)Nc2ccccc2)c2cccc(Cl)c21,,,CHEMBL1127560,J Med Chem,1994.0,,CHEMBL291667,,CHEMBL291667,,0.0,http://www.openphacts.org/units/Nanomolar,109033.0,>,1.0,1.0,>,,IC50,nM,,100000.0,CHEMBL203,Homo sapiens,Epidermal growth factor receptor,9606.0,,,IC50,uM,UO_0000065,,100.0,4.0,0.0,271.71100000000007,3.125220000000001,1,5,63.59,2,3,3,O=C(Nc1ccccc1)c1c(SSc2[nH]c3ccccc3c2C(=O)Nc2ccccc2)[nH]c2ccccc12,False,True,False,False
,,107904.0,[],CHEMBL679549,Inhibitory activity against recombinant tyrosine kinase EGF-R (EGF-R ICD),B,,,BAO_0000190,BAO_0000357,single protein format,COC(=O)c1cc(Nc2ccc(F)cc2)c(Nc2ccc(F)cc2)cc1C(=O)OC,,,CHEMBL1127678,J Med Chem,1994.0,,CHEMBL8091,,CHEMBL8091,,0.0,http://www.openphacts.org/units/Nanomolar,3008.0,>,1.0,1.0,>,,IC50,nM,,100000.0,CHEMBL203,Homo sapiens,Epidermal growth factor receptor,9606.0,,,IC50,uM,UO_0000065,,100.0,4.0,0.0,405.45700000000016,5.974400000000004,2,4,61.440000000000005,5,5,4,c1ccc(Nc2ccccc2Nc2ccccc2)cc1,False,True,False,False
,,107990.0,[],CHEMBL673925,Inhibition of phosphorylation of a polyglutamic acid/tyrosine random copolymer by EGFR enzyme (from human A431 carcinoma cell vesicles),B,,,BAO_0000190,BAO_0000357,single protein format,O=C(/C=C/C(=O)Nc1cc2c(Nc3cccc(Br)c3)ncnc2cn1)NCCCN1CCOCC1,,,CHEMBL1134843,J Med Chem,2001.0,"{'bei': '16.82', 'le': '0.35', 'lle': '6.23', 'sei': '7.49'}",CHEMBL136058,,CHEMBL136058,9.09,0.0,http://www.openphacts.org/units/Nanomolar,265478.0,=,1.0,1.0,=,,IC50,nM,,0.81,CHEMBL203,Homo sapiens,Epidermal growth factor receptor,9606.0,,,IC50 app,nM,UO_0000065,,0.81,9.09151498112135,1.0,405.45700000000016,5.974400000000004,2,4,61.440000000000005,5,5,4,O=C(/C=C/C(=O)Nc1cc2c(Nc3ccccc3)ncnc2cn1)NCCCN1CCOCC1,False,True,False,True
,,107991.0,[],CHEMBL677216,Inhibition of autophosphorylation of EGFR in A431 cells,B,,,BAO_0000190,BAO_0000219,cell-based format,O=C(/C=C/C(=O)Nc1cc2c(Nc3cccc(Br)c3)ncnc2cn1)NCCCN1CCOCC1,,,CHEMBL1134843,J Med Chem,2001.0,"{'bei': '14.91', 'le': '0.31', 'lle': '5.20', 'sei': '6.64'}",CHEMBL136058,,CHEMBL136058,8.06,0.0,http://www.openphacts.org/units/Nanomolar,265478.0,=,1.0,1.0,=,,IC50,nM,,8.8,CHEMBL203,Homo sapiens,Epidermal growth factor receptor,9606.0,,,IC50,nM,UO_0000065,,8.8,8.05551732784983,1.0,496.4090000000001,4.377200000000003,1,6,70.59,8,4,3,O=C(/C=C/C(=O)Nc1cc2c(Nc3ccccc3)ncnc2cn1)NCCCN1CCOCC1,False,True,False,True
,,107993.0,[],CHEMBL677213,Inhibition of EGF-stimulated autophosphorylation of EGFR in A431 cells,B,,,BAO_0000190,BAO_0000219,cell-based format,O=C(/C=C/C(=O)Nc1cc2c(Nc3cccc(Br)c3)ncnc2cn1)NCCCN1CCOCC1,,,CHEMBL1134843,J Med Chem,2001.0,"{'bei': '14.91', 'le': '0.31', 'lle': '5.20', 'sei': '6.64'}",CHEMBL136058,,CHEMBL136058,8.06,0.0,http://www.openphacts.org/units/Nanomolar,265478.0,=,1.0,1.0,=,,IC50,nM,,8.8,CHEMBL203,Homo sapiens,Epidermal growth factor receptor,9606.0,,,IC50,nM,UO_0000065,,8.8,8.05551732784983,1.0,496.4090000000001,4.377200000000003,1,6,70.59,8,4,3,O=C(/C=C/C(=O)Nc1cc2c(Nc3ccccc3)ncnc2cn1)NCCCN1CCOCC1,False,True,False,True
,,108287.0,[],CHEMBL680019,Inhibitory concentration was evaluated against epidermal growth factor receptor (EGFr) tyrosine kinase,B,,,BAO_0000190,BAO_0000357,single protein format,Cn1c(=O)c(-c2c(Cl)cccc2Cl)cc2cnc(NC3CCCCC3)nc21,,,CHEMBL1131066,J Med Chem,1998.0,,CHEMBL113128,,CHEMBL113128,,0.0,http://www.openphacts.org/units/Nanomolar,210167.0,>,1.0,1.0,>,,IC50,nM,,50000.0,CHEMBL203,Homo sapiens,Epidermal growth factor receptor,9606.0,,,IC50,uM,UO_0000065,,50.0,4.301029995663981,0.0,363.2040000000001,3.260700000000001,1,4,76.88,2,3,3,O=c1[nH]c2nc(NC3CCCCC3)ncc2cc1-c1ccccc1,False,False,False,False
,,108323.0,[],CHEMBL679947,"Inhibition of phosphorylation of phospholipase C gamma1 by Epidermal growth factor receptor, from human A431 carcinoma cell vesicles",F,,,BAO_0000190,BAO_0000019,assay format,COc1ncc2ncnc(Nc3cccc(Br)c3)c2n1,,,CHEMBL1130057,J Med Chem,1997.0,,CHEMBL51854,,CHEMBL51854,8.42,0.0,http://www.openphacts.org/units/Nanomolar,89168.0,=,1.0,1.0,=,,IC50,nM,,3.8,CHEMBL203,Homo sapiens,Epidermal growth factor receptor,9606.0,,,IC50,nM,UO_0000065,,3.8,8.42021640338319,1.0,411.2920000000001,5.528800000000003,1,4,59.81,4,4,4,c1ccc(Nc2ncnc3cncnc23)cc1,False,True,False,False
,,108863.0,[],CHEMBL683041,Inhibition of Epidermal Growth Factor Receptor (EGFR) autophosphorylation,B,,,BAO_0000190,BAO_0000357,single protein format,COc1cc2ncnc(Nc3ccc(F)c(Cl)c3)c2cc1OCCCN1CCOCC1,,,CHEMBL1135208,Bioorg Med Chem Lett,2002.0,"{'bei': '14.07', 'le': '0.28', 'lle': '2.01', 'sei': '9.15'}",CHEMBL939,GEFITINIB,CHEMBL939,6.29,0.0,http://www.openphacts.org/units/Nanomolar,182223.0,=,1.0,1.0,=,,IC50,nM,,515.0,CHEMBL203,Homo sapiens,Epidermal growth factor receptor,9606.0,,,IC50,uM,UO_0000065,,0.515,6.288192770958809,1.0,476.1610000000001,5.808400000000002,1,4,59.81,3,4,4,c1ccc(Nc2ncnc3ccc(OCCCN4CCOCC4)cc23)cc1,False,True,False,False
,,108868.0,[],CHEMBL683041,Inhibition of Epidermal Growth Factor Receptor (EGFR) autophosphorylation,B,,,BAO_0000190,BAO_0000357,single protein format,C#Cc1cccc(Nc2c(C#N)cnc3cc(OCCOC)c(OCCOC)cc23)c1,,,CHEMBL1135208,Bioorg Med Chem Lett,2002.0,"{'bei': '14.54', 'le': '0.27', 'lle': '2.19', 'sei': '7.09'}",CHEMBL95320,,CHEMBL95320,6.07,0.0,http://www.openphacts.org/units/Nanomolar,182226.0,=,1.0,1.0,=,,IC50,nM,,850.0,CHEMBL203,Homo sapiens,Epidermal growth factor receptor,9606.0,,,IC50,uM,UO_0000065,,0.85,6.070581074285707,1.0,427.2910000000001,5.054500000000003,1,5,69.03999999999999,4,4,4,c1ccc(Nc2ccnc3ccccc23)cc1,False,True,False,False
,,109085.0,[],CHEMBL679549,Inhibitory activity against recombinant tyrosine kinase EGF-R (EGF-R ICD),B,,,BAO_0000190,BAO_0000357,single protein format,O=C1NC(=O)c2cc(Sc3ccccc3)c(Sc3ccccc3)cc21,,,CHEMBL1127678,J Med Chem,1994.0,,CHEMBL8271,,CHEMBL8271,,0.0,http://www.openphacts.org/units/Nanomolar,3006.0,>,1.0,1.0,>,,IC50,nM,,100000.0,CHEMBL203,Homo sapiens,Epidermal growth factor receptor,9606.0,,,IC50,uM,UO_0000065,,100.0,4.0,0.0,631.6100000000001,9.280799999999996,2,4,68.06,7,6,6,O=C1NC(=O)c2cc(Sc3ccccc3)c(Sc3ccccc3)cc21,False,False,False,False
,,109692.0,[],CHEMBL679947,"Inhibition of phosphorylation of phospholipase C gamma1 by Epidermal growth factor receptor, from human A431 carcinoma cell vesicles",F,,,BAO_0000190,BAO_0000019,assay format,Cc1cccc(Nc2ncnc3cnc(N)nc23)c1,,,CHEMBL1130057,J Med Chem,1997.0,,CHEMBL298931,,CHEMBL298931,7.77,0.0,http://www.openphacts.org/units/Nanomolar,89150.0,=,1.0,1.0,=,,IC50,nM,,17.0,CHEMBL203,Homo sapiens,Epidermal growth factor receptor,9606.0,,,IC50,nM,UO_0000065,,17.0,7.769551078621726,1.0,412.39200000000017,5.0252000000000026,2,6,76.66000000000001,6,3,3,c1ccc(Nc2ncnc3cncnc23)cc1,False,True,False,False
,,110218.0,[],CHEMBL677391,Inhibition of tyrosine phosphorylation activity of the epidermal growth factor receptor (EGFR) tyrosine kinase from human A-431 carcinoma cell-shed membrane vesicles,B,,,BAO_0000190,BAO_0000019,assay format,COc1cccc2c(C(=O)Nc3ccccc3)c(SSc3c(C(=O)Nc4ccccc4)c4cccc(OC)c4n3C)n(C)c12,,,CHEMBL1127560,J Med Chem,1994.0,"{'bei': '8.33', 'le': '0.16', 'lle': '-2.80', 'sei': '6.00'}",CHEMBL292323,,CHEMBL292323,5.19,0.0,http://www.openphacts.org/units/Nanomolar,109049.0,=,1.0,1.0,=,,IC50,nM,,6500.0,CHEMBL203,Homo sapiens,Epidermal growth factor receptor,9606.0,,,IC50,uM,UO_0000065,,6.5,5.187086643357144,0.0,540.4220000000001,2.8641000000000005,3,8,121.37,9,4,3,O=C(Nc1ccccc1)c1c(SSc2[nH]c3ccccc3c2C(=O)Nc2ccccc2)[nH]c2ccccc12,False,True,False,False
,,110240.0,[],CHEMBL676146,Inhibition of EGF-dependent DNA synthesis in ER 22 cells incubated with [3H]TdR,F,,,BAO_0000190,BAO_0000219,cell-based format,COC(=O)c1cccc(NCc2cc(O)ccc2O)c1,,,CHEMBL1127084,J Med Chem,1993.0,,CHEMBL334334,,CHEMBL334334,5.05,0.0,http://www.openphacts.org/units/Nanomolar,252404.0,=,1.0,1.0,=,,IC50,nM,,9000.0,CHEMBL203,Homo sapiens,Epidermal growth factor receptor,9606.0,,,IC50,uM,UO_0000065,,9.0,5.045757490560675,0.0,540.4220000000001,2.8641000000000005,3,8,121.37,9,4,3,c1ccc(CNc2ccccc2)cc1,False,True,False,False
,,110242.0,[],CHEMBL676146,Inhibition of EGF-dependent DNA synthesis in ER 22 cells incubated with [3H]TdR,F,,,BAO_0000190,BAO_0000219,cell-based format,O=C(O)c1cc(/N=C/c2cc(O)ccc2O)ccc1O,,,CHEMBL1127084,J Med Chem,1993.0,,CHEMBL316764,,CHEMBL316764,,0.0,http://www.openphacts.org/units/Nanomolar,252402.0,>,1.0,1.0,>,,IC50,nM,,100000.0,CHEMBL203,Homo sapiens,Epidermal growth factor receptor,9606.0,,,IC50,uM,UO_0000065,,100.0,4.0,0.0,540.4220000000001,2.8641000000000005,3,8,121.37,9,4,3,C(=N\c1ccccc1)/c1ccccc1,False,True,False,False
,,110479.0,[],CHEMBL673925,Inhibition of phosphorylation of a polyglutamic acid/tyrosine random copolymer by EGFR enzyme (from human A431 carcinoma cell vesicles),B,,,BAO_0000190,BAO_0000357,single protein format,C=CC(=O)Nc1cc2c(Nc3ccc(F)c(Cl)c3)ncnc2cc1OCCCN1CCOCC1.Cl.Cl,,,CHEMBL1134843,J Med Chem,2001.0,"{'bei': '18.16', 'le': '0.35', 'lle': '4.43', 'sei': '9.96'}",CHEMBL545315,CANERTINIB DIHYDROCHLORIDE,CHEMBL31965,8.82,0.0,http://www.openphacts.org/units/Nanomolar,265491.0,=,1.0,1.0,=,,IC50,nM,,1.5,CHEMBL203,Homo sapiens,Epidermal growth factor receptor,9606.0,,,IC50 app,nM,UO_0000065,,1.5,8.823908740944319,1.0,403.3130000000003,5.046900000000004,1,4,59.81,3,4,3,c1ccc(Nc2ncnc3cc(OCCCN4CCOCC4)ccc23)cc1,False,True,False,True
,,110480.0,[],CHEMBL677216,Inhibition of autophosphorylation of EGFR in A431 cells,B,,,BAO_0000190,BAO_0000219,cell-based format,C=CC(=O)Nc1cc2c(Nc3ccc(F)c(Cl)c3)ncnc2cc1OCCCN1CCOCC1.Cl.Cl,,,CHEMBL1134843,J Med Chem,2001.0,"{'bei': '16.73', 'le': '0.33', 'lle': '3.74', 'sei': '9.18'}",CHEMBL545315,CANERTINIB DIHYDROCHLORIDE,CHEMBL31965,8.13,0.0,http://www.openphacts.org/units/Nanomolar,265491.0,=,1.0,1.0,=,,IC50,nM,,7.4,CHEMBL203,Homo sapiens,Epidermal growth factor receptor,9606.0,,,IC50,nM,UO_0000065,,7.4,8.130768280269024,1.0,469.32800000000015,5.222600000000004,1,6,86.11,5,4,4,c1ccc(Nc2ncnc3cc(OCCCN4CCOCC4)ccc23)cc1,False,True,False,True
,,110482.0,[],CHEMBL677213,Inhibition of EGF-stimulated autophosphorylation of EGFR in A431 cells,B,,,BAO_0000190,BAO_0000219,cell-based format,C=CC(=O)Nc1cc2c(Nc3ccc(F)c(Cl)c3)ncnc2cc1OCCCN1CCOCC1.Cl.Cl,,,CHEMBL1134843,J Med Chem,2001.0,"{'bei': '16.73', 'le': '0.33', 'lle': '3.74', 'sei': '9.18'}",CHEMBL545315,CANERTINIB DIHYDROCHLORIDE,CHEMBL31965,8.13,0.0,http://www.openphacts.org/units/Nanomolar,265491.0,=,1.0,1.0,=,,IC50,nM,,7.4,CHEMBL203,Homo sapiens,Epidermal growth factor receptor,9606.0,,,IC50,nM,UO_0000065,,7.4,8.130768280269024,1.0,332.16100000000006,2.9345,1,6,72.82000000000001,3,3,3,c1ccc(Nc2ncnc3cc(OCCCN4CCOCC4)ccc23)cc1,False,True,False,True
,,111014.0,[],CHEMBL680019,Inhibitory concentration was evaluated against epidermal growth factor receptor (EGFr) tyrosine kinase,B,,,BAO_0000190,BAO_0000357,single protein format,COc1ccc(Nc2ncc3cc(-c4c(Cl)cccc4Cl)c(=O)n(C)c3n2)cn1,,,CHEMBL1131066,J Med Chem,1998.0,"{'bei': '13.74', 'le': '0.28', 'lle': '1.44', 'sei': '7.18'}",CHEMBL111365,,CHEMBL111365,5.89,0.0,http://www.openphacts.org/units/Nanomolar,210169.0,=,1.0,1.0,=,,IC50,nM,,1300.0,CHEMBL203,Homo sapiens,Epidermal growth factor receptor,9606.0,,,IC50,uM,UO_0000065,,1.3,5.886056647693163,0.0,446.9100000000004,4.275600000000003,1,7,68.74000000000001,8,4,3,O=c1[nH]c2nc(Nc3cccnc3)ncc2cc1-c1ccccc1,False,False,False,False
,,111131.0,[],CHEMBL679947,"Inhibition of phosphorylation of phospholipase C gamma1 by Epidermal growth factor receptor, from human A431 carcinoma cell vesicles",F,,,BAO_0000190,BAO_0000019,assay format,CNc1ncc2ncnc(Nc3cccc(C)c3)c2n1,,,CHEMBL1130057,J Med Chem,1997.0,,CHEMBL52591,,CHEMBL52591,8.37,0.0,http://www.openphacts.org/units/Nanomolar,89149.0,=,1.0,1.0,=,,IC50,nM,,4.3,CHEMBL203,Homo sapiens,Epidermal growth factor receptor,9606.0,,,IC50,nM,UO_0000065,,4.3,8.366531544420413,1.0,417.46500000000026,3.8817800000000022,1,7,85.63000000000001,10,3,3,c1ccc(Nc2ncnc3cncnc23)cc1,False,True,False,False
,,111701.0,[],CHEMBL677391,Inhibition of tyrosine phosphorylation activity of the epidermal growth factor receptor (EGFR) tyrosine kinase from human A-431 carcinoma cell-shed membrane vesicles,B,,,BAO_0000190,BAO_0000019,assay format,Cc1ccc2c(C(=O)Nc3ccccc3)c(SSc3c(C(=O)Nc4ccccc4)c4ccc(C)cc4n3C)n(C)c2c1,,,CHEMBL1127560,J Med Chem,1994.0,,CHEMBL64459,,CHEMBL64459,,0.0,http://www.openphacts.org/units/Nanomolar,109037.0,>,1.0,1.0,>,,IC50,nM,,100000.0,CHEMBL203,Homo sapiens,Epidermal growth factor receptor,9606.0,,,IC50,uM,UO_0000065,,100.0,4.0,0.0,363.4630000000001,4.872600000000003,1,4,46.17,4,4,3,O=C(Nc1ccccc1)c1c(SSc2[nH]c3ccccc3c2C(=O)Nc2ccccc2)[nH]c2ccccc12,False,True,False,False
,,111719.0,[],CHEMBL676146,Inhibition of EGF-dependent DNA synthesis in ER 22 cells incubated with [3H]TdR,F,,,BAO_0000190,BAO_0000219,cell-based format,COC(=O)c1cc(/N=C/c2cc(O)ccc2O)ccc1OC,,,CHEMBL1127084,J Med Chem,1993.0,,CHEMBL129989,,CHEMBL129989,,0.0,http://www.openphacts.org/units/Nanomolar,252397.0,>,1.0,1.0,>,,IC50,nM,,100000.0,CHEMBL203,Homo sapiens,Epidermal growth factor receptor,9606.0,,,IC50,uM,UO_0000065,,100.0,4.0,0.0,524.4520000000003,5.910600000000005,1,6,72.28,7,5,4,C(=N\c1ccccc1)/c1ccccc1,False,True,False,False
,,111721.0,[],CHEMBL676146,Inhibition of EGF-dependent DNA synthesis in ER 22 cells incubated with [3H]TdR,F,,,BAO_0000190,BAO_0000219,cell-based format,COC(=O)c1cc(NCc2ccccc2O)ccc1O,,,CHEMBL1127084,J Med Chem,1993.0,,CHEMBL132907,,CHEMBL132907,4.7,0.0,http://www.openphacts.org/units/Nanomolar,252393.0,=,1.0,1.0,=,,IC50,nM,,20000.0,CHEMBL203,Homo sapiens,Epidermal growth factor receptor,9606.0,,,IC50,uM,UO_0000065,,20.0,4.698970004336019,0.0,252.28100000000003,2.0540199999999995,2,6,89.61,2,3,3,c1ccc(CNc2ccccc2)cc1,False,True,False,False
,,111730.0,[],CHEMBL679549,Inhibitory activity against recombinant tyrosine kinase EGF-R (EGF-R ICD),B,,,BAO_0000190,BAO_0000357,single protein format,O=C1NC(=O)c2c1c1c3ccccc3[nH]c1c1[nH]c3ccccc3c21,,,CHEMBL1127678,J Med Chem,1994.0,,CHEMBL268368,STAUROSPORINE AGLYCON,CHEMBL268368,,0.0,http://www.openphacts.org/units/Nanomolar,2998.0,>,1.0,1.0,>,,IC50,nM,,100000.0,CHEMBL203,Homo sapiens,Epidermal growth factor receptor,9606.0,,,IC50,uM,UO_0000065,,100.0,4.0,0.0,622.7719999999999,7.991200000000005,2,6,86.52000000000001,9,6,6,O=C1NC(=O)c2c1c1c3ccccc3[nH]c1c1[nH]c3ccccc3c21,False,False,False,False
,,111935.0,[],CHEMBL673925,Inhibition of phosphorylation of a polyglutamic acid/tyrosine random copolymer by EGFR enzyme (from human A431 carcinoma cell vesicles),B,,,BAO_0000190,BAO_0000357,single protein format,CCOC(=O)/C=C/C(=O)Nc1cc2c(Nc3cccc(Br)c3)ncnc2cn1,,,CHEMBL1134843,J Med Chem,2001.0,"{'bei': '19.95', 'le': '0.43', 'lle': '5.23', 'sei': '8.32'}",CHEMBL422292,,CHEMBL422292,8.82,0.0,http://www.openphacts.org/units/Nanomolar,265461.0,=,1.0,1.0,=,,IC50,nM,,1.5,CHEMBL203,Homo sapiens,Epidermal growth factor receptor,9606.0,,,IC50 app,nM,UO_0000065,,1.5,8.823908740944319,1.0,273.28799999999995,2.4965,3,5,78.79,4,2,2,c1ccc(Nc2ncnc3cnccc23)cc1,False,True,False,True
,,111936.0,[],CHEMBL677216,Inhibition of autophosphorylation of EGFR in A431 cells,B,,,BAO_0000190,BAO_0000219,cell-based format,CCOC(=O)/C=C/C(=O)Nc1cc2c(Nc3cccc(Br)c3)ncnc2cn1,,,CHEMBL1134843,J Med Chem,2001.0,"{'bei': '16.49', 'le': '0.36', 'lle': '3.70', 'sei': '6.87'}",CHEMBL422292,,CHEMBL422292,7.29,0.0,http://www.openphacts.org/units/Nanomolar,265461.0,=,1.0,1.0,=,,IC50,nM,,51.0,CHEMBL203,Homo sapiens,Epidermal growth factor receptor,9606.0,,,IC50,nM,UO_0000065,,51.0,7.292429823902063,1.0,273.244,2.2522,4,5,110.35,3,2,2,c1ccc(Nc2ncnc3cnccc23)cc1,False,True,False,True
,,112448.0,[],CHEMBL680019,Inhibitory concentration was evaluated against epidermal growth factor receptor (EGFr) tyrosine kinase,B,,,BAO_0000190,BAO_0000357,single protein format,Cn1c(=O)c(-c2c(Cl)cccc2Cl)cc2cnc(NCc3cccnc3)nc21,,,CHEMBL1131066,J Med Chem,1998.0,,CHEMBL110034,,CHEMBL110034,,0.0,http://www.openphacts.org/units/Nanomolar,210175.0,>,1.0,1.0,>,,IC50,nM,,5000.0,CHEMBL203,Homo sapiens,Epidermal growth factor receptor,9606.0,,,IC50,uM,UO_0000065,,5.0,5.301029995663981,0.0,558.8690000000005,5.235100000000005,2,7,88.61,9,4,3,O=c1[nH]c2nc(NCc3cccnc3)ncc2cc1-c1ccccc1,False,False,False,False
,,112452.0,[],CHEMBL680019,Inhibitory concentration was evaluated against epidermal growth factor receptor (EGFr) tyrosine kinase,B,,,BAO_0000190,BAO_0000357,single protein format,COc1ccc(Nc2ncc3cc(-c4c(Cl)cccc4Cl)c(=O)n(C)c3n2)cc1C,,,CHEMBL1131066,J Med Chem,1998.0,"{'bei': '14.96', 'le': '0.30', 'lle': '1.24', 'sei': '9.56'}",CHEMBL113023,,CHEMBL113023,6.6,0.0,http://www.openphacts.org/units/Nanomolar,210185.0,=,1.0,1.0,=,,IC50,nM,,250.0,CHEMBL203,Homo sapiens,Epidermal growth factor receptor,9606.0,,,IC50,uM,UO_0000065,,0.25,6.6020599913279625,1.0,558.8690000000005,5.235100000000005,2,7,88.61,9,4,3,O=c1[nH]c2nc(Nc3ccccc3)ncc2cc1-c1ccccc1,False,True,False,False
,,112518.0,[],CHEMBL679947,"Inhibition of phosphorylation of phospholipase C gamma1 by Epidermal growth factor receptor, from human A431 carcinoma cell vesicles",F,,,BAO_0000190,BAO_0000019,assay format,Brc1cccc(Nc2ncnc3cnc(NCCCN4CCOCC4)nc23)c1,,,CHEMBL1130057,J Med Chem,1997.0,,CHEMBL417420,,CHEMBL417420,8.54,0.0,http://www.openphacts.org/units/Nanomolar,89153.0,=,1.0,1.0,=,,IC50,nM,,2.9,CHEMBL203,Homo sapiens,Epidermal growth factor receptor,9606.0,,,IC50,nM,UO_0000065,,2.9,8.537602002101044,1.0,558.8690000000005,5.235100000000005,2,7,88.61,9,4,3,c1ccc(Nc2ncnc3cnc(NCCCN4CCOCC4)nc23)cc1,False,True,False,False
,,113112.0,[],CHEMBL677391,Inhibition of tyrosine phosphorylation activity of the epidermal growth factor receptor (EGFR) tyrosine kinase from human A-431 carcinoma cell-shed membrane vesicles,B,,,BAO_0000190,BAO_0000019,assay format,Cn1c(SSc2c(C(=O)Nc3ccccc3)c3ccccc3n2C)c(C(=O)Nc2ccccc2)c2ccccc21,,,CHEMBL1127560,J Med Chem,1994.0,"{'bei': '8.89', 'le': '0.17', 'lle': '-2.97', 'sei': '7.35'}",CHEMBL304414,,CHEMBL304414,5.0,0.0,http://www.openphacts.org/units/Nanomolar,109028.0,=,1.0,1.0,=,,IC50,nM,,10000.0,CHEMBL203,Homo sapiens,Epidermal growth factor receptor,9606.0,,,IC50,uM,UO_0000065,,10.0,5.0,0.0,428.2790000000001,4.449500000000002,1,6,81.92999999999999,4,4,4,O=C(Nc1ccccc1)c1c(SSc2[nH]c3ccccc3c2C(=O)Nc2ccccc2)[nH]c2ccccc12,False,True,False,False
,,113789.0,[],CHEMBL680019,Inhibitory concentration was evaluated against epidermal growth factor receptor (EGFr) tyrosine kinase,B,,,BAO_0000190,BAO_0000357,single protein format,CN1CCN(CCCCCNc2ncc3cc(-c4c(Cl)cccc4Cl)c(=O)n(C)c3n2)CC1,,,CHEMBL1131066,J Med Chem,1998.0,"{'bei': '10.92', 'le': '0.22', 'lle': '1.22', 'sei': '8.07'}",CHEMBL106232,,CHEMBL106232,5.35,0.0,http://www.openphacts.org/units/Nanomolar,210159.0,=,1.0,1.0,=,,IC50,nM,,4500.0,CHEMBL203,Homo sapiens,Epidermal growth factor receptor,9606.0,,,IC50,uM,UO_0000065,,4.5,5.346787486224656,0.0,484.3870000000001,5.034200000000004,2,6,81.07000000000001,8,4,4,O=c1[nH]c2nc(NCCCCCN3CCNCC3)ncc2cc1-c1ccccc1,False,False,False,False
,,113793.0,[],CHEMBL680019,Inhibitory concentration was evaluated against epidermal growth factor receptor (EGFr) tyrosine kinase,B,,,BAO_0000190,BAO_0000357,single protein format,Cn1c(=O)c(-c2c(Cl)cccc2Cl)cc2cnc(Nc3cccc(CO)c3)nc21,,,CHEMBL1131066,J Med Chem,1998.0,"{'bei': '16.49', 'le': '0.33', 'lle': '2.51', 'sei': '8.80'}",CHEMBL327127,,CHEMBL327127,7.05,0.0,http://www.openphacts.org/units/Nanomolar,210186.0,=,1.0,1.0,=,,IC50,nM,,90.0,CHEMBL203,Homo sapiens,Epidermal growth factor receptor,9606.0,,,IC50,uM,UO_0000065,,0.09,7.045757490560675,1.0,266.308,2.5135200000000006,2,6,75.62,3,3,3,O=c1[nH]c2nc(Nc3ccccc3)ncc2cc1-c1ccccc1,False,True,False,False
,,113901.0,[],CHEMBL679947,"Inhibition of phosphorylation of phospholipase C gamma1 by Epidermal growth factor receptor, from human A431 carcinoma cell vesicles",F,,,BAO_0000190,BAO_0000019,assay format,Brc1cccc(Nc2ncnc3cnc(NCCN4CCOCC4)nc23)c1,,,CHEMBL1130057,J Med Chem,1997.0,,CHEMBL294475,,CHEMBL294475,9.09,0.0,http://www.openphacts.org/units/Nanomolar,89154.0,=,1.0,1.0,=,,IC50,nM,,0.81,CHEMBL203,Homo sapiens,Epidermal growth factor receptor,9606.0,,,IC50,nM,UO_0000065,,0.81,9.09151498112135,1.0,590.7740000000001,8.590840000000002,2,4,68.06,7,6,6,c1ccc(Nc2ncnc3cnc(NCCN4CCOCC4)nc23)cc1,False,True,False,False
,,113902.0,[],CHEMBL680026,Tested for ability to inhibit autophosphorylation of the Epidermal growth factor receptor in human epidermoid carcinoma cells,F,,,BAO_0000190,BAO_0000019,assay format,Brc1cccc(Nc2ncnc3cnc(NCCN4CCOCC4)nc23)c1,,,CHEMBL1130057,J Med Chem,1997.0,,CHEMBL294475,,CHEMBL294475,8.51,0.0,http://www.openphacts.org/units/Nanomolar,89154.0,=,1.0,1.0,=,,IC50,nM,,3.1,CHEMBL203,Homo sapiens,Epidermal growth factor receptor,9606.0,,,IC50,nM,UO_0000065,,3.1,8.508638306165727,1.0,301.29800000000006,2.6436,2,6,88.35000000000001,4,2,2,c1ccc(Nc2ncnc3cnc(NCCN4CCOCC4)nc23)cc1,False,True,False,False
,,114492.0,[],CHEMBL679549,Inhibitory activity against recombinant tyrosine kinase EGF-R (EGF-R ICD),B,,,BAO_0000190,BAO_0000357,single protein format,O=C1NC(=O)C(c2c[nH]c3ccccc23)=C1c1c[nH]c2ccccc12,,,CHEMBL1127678,J Med Chem,1994.0,,CHEMBL266487,RO-316233,CHEMBL266487,,0.0,http://www.openphacts.org/units/Nanomolar,2997.0,>,1.0,1.0,>,,IC50,nM,,50000.0,CHEMBL203,Homo sapiens,Epidermal growth factor receptor,9606.0,,,IC50,uM,UO_0000065,,50.0,4.301029995663981,0.0,273.28800000000007,2.4965000000000006,3,5,78.79,4,2,2,O=C1NC(=O)C(c2c[nH]c3ccccc23)=C1c1c[nH]c2ccccc12,False,False,False,True
,,114538.0,[],CHEMBL677390,Inhibition of human epidermal growth factor receptor (EGFR),B,,,BAO_0000190,BAO_0000357,single protein format,O=C(CCc1c(SSc2[nH]c3ccccc3c2CCC(=O)NCc2ccccc2)[nH]c2ccccc12)NCc1ccccc1,,,CHEMBL1127560,J Med Chem,1994.0,"{'bei': '9.81', 'le': '0.19', 'lle': '-1.88', 'sei': '6.76'}",CHEMBL293261,,CHEMBL293261,6.07,0.0,http://www.openphacts.org/units/Nanomolar,109061.0,=,1.0,1.0,=,,IC50,nM,,850.0,CHEMBL203,Homo sapiens,Epidermal growth factor receptor,9606.0,,,IC50,uM,UO_0000065,,0.85,6.070581074285707,1.0,325.32700000000006,3.839200000000001,3,2,77.75,0,6,5,O=C(CCc1c(SSc2[nH]c3ccccc3c2CCC(=O)NCc2ccccc2)[nH]c2ccccc12)NCc1ccccc1,False,False,False,False
,,115064.0,[],CHEMBL679947,"Inhibition of phosphorylation of phospholipase C gamma1 by Epidermal growth factor receptor, from human A431 carcinoma cell vesicles",F,,,BAO_0000190,BAO_0000019,assay format,CNc1ncc2ncnc(Nc3ccccc3)c2n1,,,CHEMBL1130057,J Med Chem,1997.0,,CHEMBL53310,,CHEMBL53310,7.89,0.0,http://www.openphacts.org/units/Nanomolar,89141.0,=,1.0,1.0,=,,IC50,nM,,13.0,CHEMBL203,Homo sapiens,Epidermal growth factor receptor,9606.0,,,IC50,nM,UO_0000065,,13.0,7.886056647693163,1.0,442.2730000000001,3.588700000000001,2,7,106.1,6,3,3,c1ccc(Nc2ncnc3cncnc23)cc1,False,True,False,False
,,115581.0,[],CHEMBL679549,Inhibitory activity against recombinant tyrosine kinase EGF-R (EGF-R ICD),B,,,BAO_0000190,BAO_0000357,single protein format,O=C1NC(=O)c2cc(Nc3ccc(O)cc3)c(Nc3ccc(O)cc3)cc21,,,CHEMBL1127678,J Med Chem,1994.0,"{'bei': '15.50', 'le': '0.28', 'lle': '2.13', 'sei': '5.06'}",CHEMBL267019,,CHEMBL267019,5.6,0.0,http://www.openphacts.org/units/Nanomolar,2993.0,=,1.0,1.0,=,,IC50,nM,,2500.0,CHEMBL203,Homo sapiens,Epidermal growth factor receptor,9606.0,,,IC50,uM,UO_0000065,,2.5,5.6020599913279625,0.0,442.2730000000001,3.588700000000001,2,7,106.1,6,3,3,O=C1NC(=O)c2cc(Nc3ccccc3)c(Nc3ccccc3)cc21,False,True,False,False
,,115911.0,[],CHEMBL673925,Inhibition of phosphorylation of a polyglutamic acid/tyrosine random copolymer by EGFR enzyme (from human A431 carcinoma cell vesicles),B,,,BAO_0000190,BAO_0000357,single protein format,C=CC(=O)Nc1ccc2ncnc(Nc3cccc(Br)c3)c2c1,,,CHEMBL1134843,J Med Chem,2001.0,"{'bei': '24.80', 'le': '0.54', 'lle': '4.89', 'sei': '13.68'}",CHEMBL285063,,CHEMBL285063,9.15,1.0,http://www.openphacts.org/units/Nanomolar,265487.0,=,1.0,1.0,=,,IC50,nM,,0.7,CHEMBL203,Homo sapiens,Epidermal growth factor receptor,9606.0,,,IC50 app,nM,UO_0000065,,0.7,9.154901959985745,1.0,320.17900000000003,3.6107200000000015,0,3,47.78,1,3,3,c1ccc(Nc2ncnc3ccccc23)cc1,False,True,False,True
,,115912.0,[],CHEMBL677216,Inhibition of autophosphorylation of EGFR in A431 cells,B,,,BAO_0000190,BAO_0000219,cell-based format,C=CC(=O)Nc1ccc2ncnc(Nc3cccc(Br)c3)c2c1,,,CHEMBL1134843,J Med Chem,2001.0,"{'bei': '23.21', 'le': '0.51', 'lle': '4.31', 'sei': '12.81'}",CHEMBL285063,,CHEMBL285063,8.57,1.0,http://www.openphacts.org/units/Nanomolar,265487.0,=,1.0,1.0,=,,IC50,nM,,2.7,CHEMBL203,Homo sapiens,Epidermal growth factor receptor,9606.0,,,IC50,nM,UO_0000065,,2.7,8.568636235841012,1.0,412.28000000000014,4.309400000000003,1,5,72.7,4,4,4,c1ccc(Nc2ncnc3ccccc23)cc1,False,True,False,True
,,115914.0,[],CHEMBL673925,Inhibition of phosphorylation of a polyglutamic acid/tyrosine random copolymer by EGFR enzyme (from human A431 carcinoma cell vesicles),B,,,BAO_0000190,BAO_0000357,single protein format,C/C=C/C(=O)Nc1cc2c(Nc3cccc(Br)c3)ncnc2cn1,,,CHEMBL1134843,J Med Chem,2001.0,"{'bei': '24.21', 'le': '0.53', 'lle': '5.25', 'sei': '11.66'}",CHEMBL136404,,CHEMBL136404,9.3,0.0,http://www.openphacts.org/units/Nanomolar,265486.0,=,1.0,1.0,=,,IC50,nM,,0.5,CHEMBL203,Homo sapiens,Epidermal growth factor receptor,9606.0,,,IC50 app,nM,UO_0000065,,0.5,9.30102999566398,1.0,441.31800000000015,5.362920000000004,1,5,69.03999999999999,4,4,4,c1ccc(Nc2ncnc3cnccc23)cc1,False,True,False,True
,,115915.0,[],CHEMBL677216,Inhibition of autophosphorylation of EGFR in A431 cells,B,,,BAO_0000190,BAO_0000219,cell-based format,C/C=C/C(=O)Nc1cc2c(Nc3cccc(Br)c3)ncnc2cn1,,,CHEMBL1134843,J Med Chem,2001.0,"{'bei': '21.12', 'le': '0.46', 'lle': '4.06', 'sei': '10.17'}",CHEMBL136404,,CHEMBL136404,8.11,0.0,http://www.openphacts.org/units/Nanomolar,265486.0,=,1.0,1.0,=,,IC50,nM,,7.7,CHEMBL203,Homo sapiens,Epidermal growth factor receptor,9606.0,,,IC50,nM,UO_0000065,,7.7,8.113509274827518,1.0,444.3370000000004,3.0601000000000003,2,8,88.09,7,4,3,c1ccc(Nc2ncnc3cnccc23)cc1,False,True,False,True
,,116316.0,[],CHEMBL680019,Inhibitory concentration was evaluated against epidermal growth factor receptor (EGFr) tyrosine kinase,B,,,BAO_0000190,BAO_0000357,single protein format,Cn1c(=O)c(-c2c(Cl)cccc2Cl)cc2cnc(NCc3ccccc3)nc21,,,CHEMBL1131066,J Med Chem,1998.0,,CHEMBL113356,,CHEMBL113356,,0.0,http://www.openphacts.org/units/Nanomolar,210165.0,>,1.0,1.0,>,,IC50,nM,,50000.0,CHEMBL203,Homo sapiens,Epidermal growth factor receptor,9606.0,,,IC50,uM,UO_0000065,,50.0,4.301029995663981,0.0,562.7200000000003,7.974000000000005,2,4,68.06,7,6,6,O=c1[nH]c2nc(NCc3ccccc3)ncc2cc1-c1ccccc1,False,False,False,False
,,116920.0,[],CHEMBL677391,Inhibition of tyrosine phosphorylation activity of the epidermal growth factor receptor (EGFR) tyrosine kinase from human A-431 carcinoma cell-shed membrane vesicles,B,,,BAO_0000190,BAO_0000019,assay format,Cn1c(SSc2c(C(=O)Nc3ccccc3)c3cc(C#N)ccc3n2C)c(C(=O)Nc2ccccc2)c2cc(C#N)ccc21,,,CHEMBL1127560,J Med Chem,1994.0,"{'bei': '6.96', 'le': '0.13', 'lle': '-3.45', 'sei': '3.69'}",CHEMBL291979,,CHEMBL291979,4.27,0.0,http://www.openphacts.org/units/Nanomolar,109040.0,=,1.0,1.0,=,,IC50,nM,,54100.0,CHEMBL203,Homo sapiens,Epidermal growth factor receptor,9606.0,,,IC50,uM,UO_0000065,,54.1,4.266802734893431,0.0,489.4510000000003,4.131900000000003,1,6,66.28999999999999,8,4,3,O=C(Nc1ccccc1)c1c(SSc2[nH]c3ccccc3c2C(=O)Nc2ccccc2)[nH]c2ccccc12,False,True,False,False
,,116922.0,[],CHEMBL677391,Inhibition of tyrosine phosphorylation activity of the epidermal growth factor receptor (EGFR) tyrosine kinase from human A-431 carcinoma cell-shed membrane vesicles,B,,,BAO_0000190,BAO_0000019,assay format,Cn1c(SSc2c(C(=O)Nc3ccccc3)c3cccc(O)c3n2C)c(C(=O)Nc2ccccc2)c2cccc(O)c21,,,CHEMBL1127560,J Med Chem,1994.0,"{'bei': '6.73', 'le': '0.13', 'lle': '-3.39', 'sei': '3.69'}",CHEMBL62843,,CHEMBL62843,4.0,0.0,http://www.openphacts.org/units/Nanomolar,109047.0,=,1.0,1.0,=,,IC50,nM,,100000.0,CHEMBL203,Homo sapiens,Epidermal growth factor receptor,9606.0,,,IC50,uM,UO_0000065,,100.0,4.0,0.0,427.29100000000017,4.538200000000003,2,5,80.04,4,4,4,O=C(Nc1ccccc1)c1c(SSc2[nH]c3ccccc3c2C(=O)Nc2ccccc2)[nH]c2ccccc12,False,True,False,False
,,116924.0,[],CHEMBL677391,Inhibition of tyrosine phosphorylation activity of the epidermal growth factor receptor (EGFR) tyrosine kinase from human A-431 carcinoma cell-shed membrane vesicles,B,,,BAO_0000190,BAO_0000019,assay format,CN1C(=S)C(C)(C(=O)Nc2ccccc2)c2ccccc21,,,CHEMBL1127560,J Med Chem,1994.0,,CHEMBL63009,,CHEMBL63009,,0.0,http://www.openphacts.org/units/Nanomolar,109042.0,>,1.0,1.0,>,,IC50,nM,,100000.0,CHEMBL203,Homo sapiens,Epidermal growth factor receptor,9606.0,,,IC50,uM,UO_0000065,,100.0,4.0,0.0,430.31000000000034,2.67,2,8,88.09,6,4,3,O=C(Nc1ccccc1)C1C(=S)Nc2ccccc21,False,True,False,False
,,117058.0,[],CHEMBL679549,Inhibitory activity against recombinant tyrosine kinase EGF-R (EGF-R ICD),B,,,BAO_0000190,BAO_0000357,single protein format,CN(c1ccccc1)c1cc2c(cc1N(C)c1ccccc1)C(=O)NC2=O,,,CHEMBL1127678,J Med Chem,1994.0,,CHEMBL267941,,CHEMBL267941,,0.0,http://www.openphacts.org/units/Nanomolar,3005.0,>,1.0,1.0,>,,IC50,nM,,50000.0,CHEMBL203,Homo sapiens,Epidermal growth factor receptor,9606.0,,,IC50,uM,UO_0000065,,50.0,4.301029995663981,0.0,430.31000000000034,2.67,2,8,88.09,6,4,3,O=C1NC(=O)c2cc(Nc3ccccc3)c(Nc3ccccc3)cc21,False,True,False,False
,,117213.0,[],CHEMBL673925,Inhibition of phosphorylation of a polyglutamic acid/tyrosine random copolymer by EGFR enzyme (from human A431 carcinoma cell vesicles),B,,,BAO_0000190,BAO_0000357,single protein format,C=CC(=O)N(C)c1cc2c(Nc3cccc(Br)c3)ncnc2cn1,,,CHEMBL1134843,J Med Chem,2001.0,"{'bei': '25.43', 'le': '0.56', 'lle': '6.09', 'sei': '13.76'}",CHEMBL334697,,CHEMBL334697,9.77,0.0,http://www.openphacts.org/units/Nanomolar,265488.0,=,1.0,1.0,=,,IC50,nM,,0.17,CHEMBL203,Homo sapiens,Epidermal growth factor receptor,9606.0,,,IC50 app,nM,UO_0000065,,0.17,9.769551078621726,1.0,327.3430000000001,3.216400000000001,3,2,77.75,2,5,4,c1ccc(Nc2ncnc3cnccc23)cc1,False,True,False,True
,,117214.0,[],CHEMBL677217,Inhibition of autophosphorylation of EGFR in A431 cells,F,,,BAO_0000190,BAO_0000219,cell-based format,C=CC(=O)N(C)c1cc2c(Nc3cccc(Br)c3)ncnc2cn1,,,CHEMBL1134843,J Med Chem,2001.0,,CHEMBL334697,,CHEMBL334697,7.89,0.0,http://www.openphacts.org/units/Nanomolar,265488.0,=,1.0,1.0,=,,IC50,nM,,13.0,CHEMBL203,Homo sapiens,Epidermal growth factor receptor,9606.0,,,IC50,nM,UO_0000065,,13.0,7.886056647693163,1.0,618.8280000000002,7.946600000000007,4,4,89.78,13,6,6,c1ccc(Nc2ncnc3cnccc23)cc1,False,True,False,True
,,117228.0,[],CHEMBL673925,Inhibition of phosphorylation of a polyglutamic acid/tyrosine random copolymer by EGFR enzyme (from human A431 carcinoma cell vesicles),B,,,BAO_0000190,BAO_0000357,single protein format,CCN(CC)CCCNC(=O)/C=C/C(=O)Nc1cc2c(Nc3cccc(Br)c3)ncnc2cn1,,,CHEMBL1134843,J Med Chem,2001.0,"{'bei': '17.36', 'le': '0.37', 'lle': '5.27', 'sei': '8.15'}",CHEMBL434827,,CHEMBL434827,9.14,0.0,http://www.openphacts.org/units/Nanomolar,265479.0,=,1.0,1.0,=,,IC50,nM,,0.73,CHEMBL203,Homo sapiens,Epidermal growth factor receptor,9606.0,,,IC50 app,nM,UO_0000065,,0.73,9.136677139879543,1.0,413.2640000000001,4.751500000000003,2,5,80.04,3,4,4,c1ccc(Nc2ncnc3cnccc23)cc1,False,True,False,True
,,117229.0,[],CHEMBL677216,Inhibition of autophosphorylation of EGFR in A431 cells,B,,,BAO_0000190,BAO_0000219,cell-based format,CCN(CC)CCCNC(=O)/C=C/C(=O)Nc1cc2c(Nc3cccc(Br)c3)ncnc2cn1,,,CHEMBL1134843,J Med Chem,2001.0,"{'bei': '14.58', 'le': '0.31', 'lle': '3.81', 'sei': '6.85'}",CHEMBL434827,,CHEMBL434827,7.68,0.0,http://www.openphacts.org/units/Nanomolar,265479.0,=,1.0,1.0,=,,IC50,nM,,21.0,CHEMBL203,Homo sapiens,Epidermal growth factor receptor,9606.0,,,IC50,nM,UO_0000065,,21.0,7.67778070526608,1.0,456.33300000000025,4.383400000000002,2,6,95.06,6,4,4,c1ccc(Nc2ncnc3cnccc23)cc1,False,True,False,True
,,117231.0,[],CHEMBL679948,Inhibition of EGF-stimulated autophosphorylation of EGFR in A431 cells,B,,,BAO_0000190,BAO_0000219,cell-based format,CCN(CC)CCCNC(=O)/C=C/C(=O)Nc1cc2c(Nc3cccc(Br)c3)ncnc2cn1,,,CHEMBL1134843,J Med Chem,2001.0,"{'bei': '14.58', 'le': '0.31', 'lle': '3.81', 'sei': '6.85'}",CHEMBL434827,,CHEMBL434827,7.68,0.0,http://www.openphacts.org/units/Nanomolar,265479.0,=,1.0,1.0,=,,IC50,nM,,21.0,CHEMBL203,Homo sapiens,Epidermal growth factor receptor,9606.0,,,IC50,nM,UO_0000065,,21.0,7.67778070526608,1.0,252.28100000000003,2.2051,2,6,75.62,3,3,3,c1ccc(Nc2ncnc3cnccc23)cc1,False,True,False,True
,,118165.0,[],CHEMBL677391,Inhibition of tyrosine phosphorylation activity of the epidermal growth factor receptor (EGFR) tyrosine kinase from human A-431 carcinoma cell-shed membrane vesicles,B,,,BAO_0000190,BAO_0000019,assay format,Cc1cccc2c1c(C(=O)Nc1ccccc1)c(SSc1c(C(=O)Nc3ccccc3)c3c(C)cccc3n1C)n2C,,,CHEMBL1127560,J Med Chem,1994.0,,CHEMBL292287,,CHEMBL292287,,0.0,http://www.openphacts.org/units/Nanomolar,109059.0,>,1.0,1.0,>,,IC50,nM,,100000.0,CHEMBL203,Homo sapiens,Epidermal growth factor receptor,9606.0,,,IC50,uM,UO_0000065,,100.0,4.0,0.0,361.3570000000001,3.4686000000000003,5,6,110.69,4,4,3,O=C(Nc1ccccc1)c1c(SSc2[nH]c3ccccc3c2C(=O)Nc2ccccc2)[nH]c2ccccc12,False,True,False,False
,,118168.0,[],CHEMBL677391,Inhibition of tyrosine phosphorylation activity of the epidermal growth factor receptor (EGFR) tyrosine kinase from human A-431 carcinoma cell-shed membrane vesicles,B,,,BAO_0000190,BAO_0000019,assay format,Cn1c(SSc2c(C(=O)Nc3ccccc3)c3cc([N+](=O)[O-])ccc3n2C)c(C(=O)Nc2ccccc2)c2cc([N+](=O)[O-])ccc21,,,CHEMBL1127560,J Med Chem,1994.0,"{'bei': '8.12', 'le': '0.16', 'lle': '-2.49', 'sei': '3.43'}",CHEMBL64430,,CHEMBL64430,5.3,0.0,http://www.openphacts.org/units/Nanomolar,109039.0,=,1.0,1.0,=,,IC50,nM,,5000.0,CHEMBL203,Homo sapiens,Epidermal growth factor receptor,9606.0,,,IC50,uM,UO_0000065,,5.0,5.301029995663981,0.0,369.222,4.260400000000002,2,4,66.91,4,3,3,O=C(Nc1ccccc1)c1c(SSc2[nH]c3ccccc3c2C(=O)Nc2ccccc2)[nH]c2ccccc12,False,True,False,False
,,118170.0,[],CHEMBL677391,Inhibition of tyrosine phosphorylation activity of the epidermal growth factor receptor (EGFR) tyrosine kinase from human A-431 carcinoma cell-shed membrane vesicles,B,,,BAO_0000190,BAO_0000019,assay format,CC(=O)Oc1ccc2c(C(=O)Nc3ccccc3)c(SSc3c(C(=O)Nc4ccccc4)c4ccc(OC(C)=O)cc4n3C)n(C)c2c1,,,CHEMBL1127560,J Med Chem,1994.0,,CHEMBL64068,,CHEMBL64068,,0.0,http://www.openphacts.org/units/Nanomolar,109035.0,>,1.0,1.0,>,,IC50,nM,,100000.0,CHEMBL203,Homo sapiens,Epidermal growth factor receptor,9606.0,,,IC50,uM,UO_0000065,,100.0,4.0,0.0,369.222,4.260400000000002,2,4,66.91,4,3,3,O=C(Nc1ccccc1)c1c(SSc2[nH]c3ccccc3c2C(=O)Nc2ccccc2)[nH]c2ccccc12,False,True,False,False
,,118172.0,[],CHEMBL677391,Inhibition of tyrosine phosphorylation activity of the epidermal growth factor receptor (EGFR) tyrosine kinase from human A-431 carcinoma cell-shed membrane vesicles,B,,,BAO_0000190,BAO_0000019,assay format,CN1C(=S)C(C(=O)Nc2ccccc2)c2cc(Cl)ccc21,,,CHEMBL1127560,J Med Chem,1994.0,,CHEMBL62067,,CHEMBL62067,,0.0,http://www.openphacts.org/units/Nanomolar,109044.0,>,1.0,1.0,>,,IC50,nM,,100000.0,CHEMBL203,Homo sapiens,Epidermal growth factor receptor,9606.0,,,IC50,uM,UO_0000065,,100.0,4.0,0.0,384.2370000000001,4.045500000000002,2,5,79.8,4,3,3,O=C(Nc1ccccc1)C1C(=S)Nc2ccccc21,False,True,False,False
,,118174.0,[],CHEMBL677391,Inhibition of tyrosine phosphorylation activity of the epidermal growth factor receptor (EGFR) tyrosine kinase from human A-431 carcinoma cell-shed membrane vesicles,B,,,BAO_0000190,BAO_0000019,assay format,CSc1c(C(=O)Nc2ccccc2)c2ccccc2n1C,,,CHEMBL1127560,J Med Chem,1994.0,,CHEMBL64814,,CHEMBL64814,,0.0,http://www.openphacts.org/units/Nanomolar,109052.0,>,1.0,1.0,>,,IC50,nM,,100000.0,CHEMBL203,Homo sapiens,Epidermal growth factor receptor,9606.0,,,IC50,uM,UO_0000065,,100.0,4.0,0.0,384.2370000000001,4.045500000000002,2,5,79.8,4,3,3,O=C(Nc1ccccc1)c1c[nH]c2ccccc12,False,True,False,False
,,118461.0,[],CHEMBL673925,Inhibition of phosphorylation of a polyglutamic acid/tyrosine random copolymer by EGFR enzyme (from human A431 carcinoma cell vesicles),B,,,BAO_0000190,BAO_0000357,single protein format,C=CC(=O)N(CCCN1CCOCC1)c1cc2c(Nc3cccc(Br)c3)ncnc2cn1,,,CHEMBL1134843,J Med Chem,2001.0,"{'bei': '17.23', 'le': '0.37', 'lle': '4.80', 'sei': '10.26'}",CHEMBL137082,,CHEMBL137082,8.57,0.0,http://www.openphacts.org/units/Nanomolar,265484.0,=,1.0,1.0,=,,IC50,nM,,2.7,CHEMBL203,Homo sapiens,Epidermal growth factor receptor,9606.0,,,IC50 app,nM,UO_0000065,,2.7,8.568636235841012,1.0,411.29200000000014,4.914400000000003,1,4,59.81,4,4,4,c1ccc(Nc2ncnc3cnc(NCCCN4CCOCC4)cc23)cc1,False,True,False,True
,,118462.0,[],CHEMBL677216,Inhibition of autophosphorylation of EGFR in A431 cells,B,,,BAO_0000190,BAO_0000219,cell-based format,C=CC(=O)N(CCCN1CCOCC1)c1cc2c(Nc3cccc(Br)c3)ncnc2cn1,,,CHEMBL1134843,J Med Chem,2001.0,"{'bei': '13.68', 'le': '0.29', 'lle': '3.04', 'sei': '8.15'}",CHEMBL137082,,CHEMBL137082,6.81,0.0,http://www.openphacts.org/units/Nanomolar,265484.0,=,1.0,1.0,=,,IC50,nM,,156.0,CHEMBL203,Homo sapiens,Epidermal growth factor receptor,9606.0,,,IC50,nM,UO_0000065,,156.0,6.806875401645538,1.0,612.7400000000001,7.717360000000005,2,6,115.64,7,6,6,c1ccc(Nc2ncnc3cnc(NCCCN4CCOCC4)cc23)cc1,False,True,False,True
,,118831.0,[],CHEMBL680019,Inhibitory concentration was evaluated against epidermal growth factor receptor (EGFr) tyrosine kinase,B,,,BAO_0000190,BAO_0000357,single protein format,CN(C)c1ncc2cc(-c3c(Cl)cccc3Cl)c(=O)n(C)c2n1,,,CHEMBL1131066,J Med Chem,1998.0,,CHEMBL299347,,CHEMBL299347,,1.0,http://www.openphacts.org/units/Nanomolar,210164.0,>,1.0,1.0,>,,IC50,nM,,50000.0,CHEMBL203,Homo sapiens,Epidermal growth factor receptor,9606.0,,,IC50,uM,UO_0000065,,50.0,4.301029995663981,0.0,594.7180000000003,7.385200000000005,4,6,108.52,7,6,6,O=c1[nH]c2ncncc2cc1-c1ccccc1,False,False,False,False
,,118835.0,[],CHEMBL680019,Inhibitory concentration was evaluated against epidermal growth factor receptor (EGFr) tyrosine kinase,B,,,BAO_0000190,BAO_0000357,single protein format,COc1cc(Nc2ncc3cc(-c4c(Cl)cccc4Cl)c(=O)n(C)c3n2)cc(OC)c1,,,CHEMBL1131066,J Med Chem,1998.0,"{'bei': '14.17', 'le': '0.29', 'lle': '1.42', 'sei': '8.28'}",CHEMBL324926,,CHEMBL324926,6.48,0.0,http://www.openphacts.org/units/Nanomolar,210184.0,=,1.0,1.0,=,,IC50,nM,,330.0,CHEMBL203,Homo sapiens,Epidermal growth factor receptor,9606.0,,,IC50,uM,UO_0000065,,0.33,6.481486060122113,1.0,296.39500000000004,3.3602000000000016,1,2,32.34,2,3,2,O=c1[nH]c2nc(Nc3ccccc3)ncc2cc1-c1ccccc1,False,True,False,False
,,118874.0,[],CHEMBL679947,"Inhibition of phosphorylation of phospholipase C gamma1 by Epidermal growth factor receptor, from human A431 carcinoma cell vesicles",F,,,BAO_0000190,BAO_0000019,assay format,Clc1ncc2ncnc(Nc3cccc(Br)c3)c2n1,,,CHEMBL1130057,J Med Chem,1997.0,,CHEMBL53311,,CHEMBL53311,7.09,0.0,http://www.openphacts.org/units/Nanomolar,89142.0,=,1.0,1.0,=,,IC50,nM,,82.0,CHEMBL203,Homo sapiens,Epidermal growth factor receptor,9606.0,,,IC50,nM,UO_0000065,,82.0,7.086186147616283,1.0,357.41300000000007,4.106000000000003,1,4,52.65,4,4,3,c1ccc(Nc2ncnc3cncnc23)cc1,False,True,False,False
,,119381.0,[],CHEMBL677391,Inhibition of tyrosine phosphorylation activity of the epidermal growth factor receptor (EGFR) tyrosine kinase from human A-431 carcinoma cell-shed membrane vesicles,B,,,BAO_0000190,BAO_0000019,assay format,CN1C(=S)C(C(=O)Nc2ccccc2)c2ccccc21,,,CHEMBL1127560,J Med Chem,1994.0,"{'bei': '21.25', 'le': '0.41', 'lle': '2.81', 'sei': '18.55'}",CHEMBL62176,,CHEMBL62176,6.0,0.0,http://www.openphacts.org/units/Nanomolar,109045.0,=,1.0,1.0,=,,IC50,nM,,1000.0,CHEMBL203,Homo sapiens,Epidermal growth factor receptor,9606.0,,,IC50,uM,UO_0000065,,1.0,6.0,1.0,384.2370000000001,3.679700000000002,1,5,71.01,4,3,3,O=C(Nc1ccccc1)C1C(=S)Nc2ccccc21,False,True,False,False
,,119394.0,[],CHEMBL676146,Inhibition of EGF-dependent DNA synthesis in ER 22 cells incubated with [3H]TdR,F,,,BAO_0000190,BAO_0000219,cell-based format,O=C(O)c1cc(/N=C/c2ccccc2O)ccc1O,,,CHEMBL1127084,J Med Chem,1993.0,,CHEMBL130694,,CHEMBL130694,,0.0,http://www.openphacts.org/units/Nanomolar,252386.0,>,1.0,1.0,>,,IC50,nM,,20000.0,CHEMBL203,Homo sapiens,Epidermal growth factor receptor,9606.0,,,IC50,uM,UO_0000065,,20.0,4.698970004336019,0.0,384.2370000000001,3.679700000000002,1,5,71.01,4,3,3,C(=N\c1ccccc1)/c1ccccc1,False,True,False,False
,,119396.0,[],CHEMBL676146,Inhibition of EGF-dependent DNA synthesis in ER 22 cells incubated with [3H]TdR,F,,,BAO_0000190,BAO_0000219,cell-based format,COC(=O)c1cc(NCc2cccc(O)c2)ccc1O,,,CHEMBL1127084,J Med Chem,1993.0,,CHEMBL423159,,CHEMBL423159,4.68,0.0,http://www.openphacts.org/units/Nanomolar,252392.0,=,1.0,1.0,=,,IC50,nM,,21000.0,CHEMBL203,Homo sapiens,Epidermal growth factor receptor,9606.0,,,IC50,uM,UO_0000065,,21.0,4.6777807052660805,0.0,526.4390000000001,3.873700000000001,3,7,112.14,11,3,3,c1ccc(CNc2ccccc2)cc1,False,True,False,False
,,119922.0,[],CHEMBL680019,Inhibitory concentration was evaluated against epidermal growth factor receptor (EGFr) tyrosine kinase,B,,,BAO_0000190,BAO_0000357,single protein format,CC(C)Nc1ncc2cc(-c3c(Cl)cccc3Cl)c(=O)n(C)c2n1,,,CHEMBL1131066,J Med Chem,1998.0,,CHEMBL109759,,CHEMBL109759,,0.0,http://www.openphacts.org/units/Nanomolar,210151.0,>,1.0,1.0,>,,IC50,nM,,5000.0,CHEMBL203,Homo sapiens,Epidermal growth factor receptor,9606.0,,,IC50,uM,UO_0000065,,5.0,5.301029995663981,0.0,526.4390000000001,3.873700000000001,3,7,112.14,11,3,3,O=c1[nH]c2ncncc2cc1-c1ccccc1,False,False,False,False
,,119990.0,[],CHEMBL679947,"Inhibition of phosphorylation of phospholipase C gamma1 by Epidermal growth factor receptor, from human A431 carcinoma cell vesicles",F,,,BAO_0000190,BAO_0000019,assay format,CNc1ncc2ncnc(Nc3cccc(Br)c3)c2n1,,,CHEMBL1130057,J Med Chem,1997.0,,CHEMBL299622,,CHEMBL299622,9.12,0.0,http://www.openphacts.org/units/Nanomolar,89169.0,=,1.0,1.0,=,,IC50,nM,,0.76,CHEMBL203,Homo sapiens,Epidermal growth factor receptor,9606.0,,,IC50,nM,UO_0000065,,0.76,9.119186407719209,1.0,526.4390000000001,3.873700000000001,3,7,112.14,11,3,3,c1ccc(Nc2ncnc3cncnc23)cc1,False,True,False,False
,,119991.0,[],CHEMBL680026,Tested for ability to inhibit autophosphorylation of the Epidermal growth factor receptor in human epidermoid carcinoma cells,F,,,BAO_0000190,BAO_0000019,assay format,CNc1ncc2ncnc(Nc3cccc(Br)c3)c2n1,,,CHEMBL1130057,J Med Chem,1997.0,,CHEMBL299622,,CHEMBL299622,7.52,0.0,http://www.openphacts.org/units/Nanomolar,89169.0,=,1.0,1.0,=,,IC50,nM,,30.0,CHEMBL203,Homo sapiens,Epidermal growth factor receptor,9606.0,,,IC50,nM,UO_0000065,,30.0,7.522878745280337,1.0,590.7740000000001,8.590840000000002,2,4,68.06,7,6,6,c1ccc(Nc2ncnc3cncnc23)cc1,False,True,False,False
,,120871.0,[],CHEMBL673925,Inhibition of phosphorylation of a polyglutamic acid/tyrosine random copolymer by EGFR enzyme (from human A431 carcinoma cell vesicles),B,,,BAO_0000190,BAO_0000357,single protein format,C=C(C)C(=O)Nc1cc2c(Nc3cccc(Br)c3)ncnc2cn1,,,CHEMBL1134843,J Med Chem,2001.0,"{'bei': '22.89', 'le': '0.50', 'lle': '4.75', 'sei': '11.02'}",CHEMBL138363,,CHEMBL138363,8.8,0.0,http://www.openphacts.org/units/Nanomolar,265489.0,=,1.0,1.0,=,,IC50,nM,,1.6,CHEMBL203,Homo sapiens,Epidermal growth factor receptor,9606.0,,,IC50 app,nM,UO_0000065,,1.6,8.795880017344075,1.0,652.7140000000003,7.790400000000005,2,8,154.34,9,6,6,c1ccc(Nc2ncnc3cnccc23)cc1,False,True,False,True
,,120872.0,[],CHEMBL677216,Inhibition of autophosphorylation of EGFR in A431 cells,B,,,BAO_0000190,BAO_0000219,cell-based format,C=C(C)C(=O)Nc1cc2c(Nc3cccc(Br)c3)ncnc2cn1,,,CHEMBL1134843,J Med Chem,2001.0,"{'bei': '19.15', 'le': '0.42', 'lle': '3.31', 'sei': '9.22'}",CHEMBL138363,,CHEMBL138363,7.36,0.0,http://www.openphacts.org/units/Nanomolar,265489.0,=,1.0,1.0,=,,IC50,nM,,44.0,CHEMBL203,Homo sapiens,Epidermal growth factor receptor,9606.0,,,IC50,nM,UO_0000065,,44.0,7.356547323513812,1.0,678.7919999999999,7.824600000000005,2,8,120.66000000000004,9,6,6,c1ccc(Nc2ncnc3cnccc23)cc1,False,True,False,True
,,120874.0,[],CHEMBL673925,Inhibition of phosphorylation of a polyglutamic acid/tyrosine random copolymer by EGFR enzyme (from human A431 carcinoma cell vesicles),B,,,BAO_0000190,BAO_0000357,single protein format,C/C=C/C(=O)Nc1ccc2ncnc(Nc3cccc(Br)c3)c2c1,,,CHEMBL1134843,J Med Chem,2001.0,"{'bei': '24.16', 'le': '0.53', 'lle': '4.61', 'sei': '13.84'}",CHEMBL93464,,CHEMBL93464,9.26,0.0,http://www.openphacts.org/units/Nanomolar,265460.0,=,1.0,1.0,=,,IC50,nM,,0.55,CHEMBL203,Homo sapiens,Epidermal growth factor receptor,9606.0,,,IC50 app,nM,UO_0000065,,0.55,9.259637310505756,1.0,316.81300000000005,3.839500000000002,1,2,32.34,2,3,2,c1ccc(Nc2ncnc3ccccc23)cc1,False,True,False,True
,,120875.0,[],CHEMBL677216,Inhibition of autophosphorylation of EGFR in A431 cells,B,,,BAO_0000190,BAO_0000219,cell-based format,C/C=C/C(=O)Nc1ccc2ncnc(Nc3cccc(Br)c3)c2c1,,,CHEMBL1134843,J Med Chem,2001.0,"{'bei': '21.03', 'le': '0.46', 'lle': '3.41', 'sei': '12.05'}",CHEMBL93464,,CHEMBL93464,8.06,0.0,http://www.openphacts.org/units/Nanomolar,265460.0,=,1.0,1.0,=,,IC50,nM,,8.7,CHEMBL203,Homo sapiens,Epidermal growth factor receptor,9606.0,,,IC50,nM,UO_0000065,,8.7,8.060480747381382,1.0,296.3950000000001,4.1525000000000025,1,2,34.03,3,3,3,c1ccc(Nc2ncnc3ccccc23)cc1,False,True,False,True
,,121309.0,[],CHEMBL679947,"Inhibition of phosphorylation of phospholipase C gamma1 by Epidermal growth factor receptor, from human A431 carcinoma cell vesicles",F,,,BAO_0000190,BAO_0000019,assay format,Nc1ncc2ncnc(Nc3cccc(Br)c3)c2n1,,,CHEMBL1130057,J Med Chem,1997.0,,CHEMBL53831,,CHEMBL53831,8.82,0.0,http://www.openphacts.org/units/Nanomolar,89143.0,=,1.0,1.0,=,,IC50,nM,,1.5,CHEMBL203,Homo sapiens,Epidermal growth factor receptor,9606.0,,,IC50,nM,UO_0000065,,1.5,8.823908740944319,1.0,497.3970000000001,3.7722000000000016,1,7,83.48,8,4,3,c1ccc(Nc2ncnc3cncnc23)cc1,False,True,False,False
,,121310.0,[],CHEMBL679947,"Inhibition of phosphorylation of phospholipase C gamma1 by Epidermal growth factor receptor, from human A431 carcinoma cell vesicles",F,,,BAO_0000190,BAO_0000019,assay format,Cc1cccc(Nc2ncnc3cnc(NCCN4CCOCC4)nc23)c1,,,CHEMBL1130057,J Med Chem,1997.0,,CHEMBL299881,,CHEMBL299881,8.64,0.0,http://www.openphacts.org/units/Nanomolar,89147.0,=,1.0,1.0,=,,IC50,nM,,2.3,CHEMBL203,Homo sapiens,Epidermal growth factor receptor,9606.0,,,IC50,nM,UO_0000065,,2.3,8.638272163982407,1.0,497.3970000000001,3.7722000000000016,1,7,83.48,8,4,3,c1ccc(Nc2ncnc3cnc(NCCN4CCOCC4)nc23)cc1,False,True,False,False
,,121311.0,[],CHEMBL679947,"Inhibition of phosphorylation of phospholipase C gamma1 by Epidermal growth factor receptor, from human A431 carcinoma cell vesicles",F,,,BAO_0000190,BAO_0000019,assay format,Clc1ncc2ncnc(Nc3ccccc3)c2n1,,,CHEMBL1130057,J Med Chem,1997.0,,CHEMBL50027,,CHEMBL50027,5.59,0.0,http://www.openphacts.org/units/Nanomolar,89163.0,=,1.0,1.0,=,,IC50,nM,,2550.0,CHEMBL203,Homo sapiens,Epidermal growth factor receptor,9606.0,,,IC50,nM,UO_0000065,,2550.0,5.5934598195660445,0.0,349.22100000000006,3.3683000000000023,0,4,51.02,2,3,3,c1ccc(Nc2ncnc3cncnc23)cc1,False,True,False,False
,,121735.0,[],CHEMBL683041,Inhibition of Epidermal Growth Factor Receptor (EGFR) autophosphorylation,B,,,BAO_0000190,BAO_0000357,single protein format,C=CC(=O)Nc1cc2c(Nc3ccc(F)c(Cl)c3)ncnc2cc1OCCCN1CCOCC1,,,CHEMBL1135208,Bioorg Med Chem Lett,2002.0,"{'bei': '14.67', 'le': '0.29', 'lle': '2.74', 'sei': '8.05'}",CHEMBL31965,CANERTINIB,CHEMBL31965,7.13,0.0,http://www.openphacts.org/units/Nanomolar,182229.0,=,1.0,1.0,=,,IC50,nM,,74.0,CHEMBL203,Homo sapiens,Epidermal growth factor receptor,9606.0,,,IC50,uM,UO_0000065,,0.074,7.130768280269024,1.0,457.3170000000002,5.063100000000004,1,6,78.27,5,4,4,c1ccc(Nc2ncnc3cc(OCCCN4CCOCC4)ccc23)cc1,False,True,False,True
,,122056.0,[],CHEMBL673925,Inhibition of phosphorylation of a polyglutamic acid/tyrosine random copolymer by EGFR enzyme (from human A431 carcinoma cell vesicles),B,,,BAO_0000190,BAO_0000357,single protein format,CCOC(=O)/C=C/C(=O)Nc1ccc2ncnc(Nc3cccc(Br)c3)c2c1,,,CHEMBL1134843,J Med Chem,2001.0,"{'bei': '19.42', 'le': '0.42', 'lle': '4.38', 'sei': '9.19'}",CHEMBL344486,,CHEMBL344486,8.57,0.0,http://www.openphacts.org/units/Nanomolar,265462.0,=,1.0,1.0,=,,IC50,nM,,2.7,CHEMBL203,Homo sapiens,Epidermal growth factor receptor,9606.0,,,IC50 app,nM,UO_0000065,,2.7,8.568636235841012,1.0,336.58000000000004,3.579300000000001,1,5,63.59,2,3,3,c1ccc(Nc2ncnc3ccccc23)cc1,False,True,False,True
,,122057.0,[],CHEMBL677216,Inhibition of autophosphorylation of EGFR in A431 cells,B,,,BAO_0000190,BAO_0000219,cell-based format,CCOC(=O)/C=C/C(=O)Nc1ccc2ncnc(Nc3cccc(Br)c3)c2c1,,,CHEMBL1134843,J Med Chem,2001.0,"{'bei': '16.30', 'le': '0.35', 'lle': '3.00', 'sei': '7.72'}",CHEMBL344486,,CHEMBL344486,7.19,0.0,http://www.openphacts.org/units/Nanomolar,265462.0,=,1.0,1.0,=,,IC50,nM,,64.0,CHEMBL203,Homo sapiens,Epidermal growth factor receptor,9606.0,,,IC50,nM,UO_0000065,,64.0,7.1938200260161125,1.0,282.36800000000005,3.186100000000001,1,2,32.34,2,3,2,c1ccc(Nc2ncnc3ccccc23)cc1,False,True,False,True
,,122059.0,[],CHEMBL673925,Inhibition of phosphorylation of a polyglutamic acid/tyrosine random copolymer by EGFR enzyme (from human A431 carcinoma cell vesicles),B,,,BAO_0000190,BAO_0000357,single protein format,O=C(/C=C/C(=O)Nc1cc2c(Nc3ccc(F)c(Cl)c3)ncnc2cn1)NCCCN1CCOCC1,,,CHEMBL1134843,J Med Chem,2001.0,"{'bei': '17.93', 'le': '0.35', 'lle': '6.32', 'sei': '7.59'}",CHEMBL138940,,CHEMBL138940,9.21,0.0,http://www.openphacts.org/units/Nanomolar,265475.0,=,1.0,1.0,=,,IC50,nM,,0.61,CHEMBL203,Homo sapiens,Epidermal growth factor receptor,9606.0,,,IC50 app,nM,UO_0000065,,0.61,9.214670164989233,1.0,257.245,2.546600000000001,3,4,90.12,3,2,2,O=C(/C=C/C(=O)Nc1cc2c(Nc3ccccc3)ncnc2cn1)NCCCN1CCOCC1,False,True,False,True
,,122060.0,[],CHEMBL677216,Inhibition of autophosphorylation of EGFR in A431 cells,B,,,BAO_0000190,BAO_0000219,cell-based format,O=C(/C=C/C(=O)Nc1cc2c(Nc3ccc(F)c(Cl)c3)ncnc2cn1)NCCCN1CCOCC1,,,CHEMBL1134843,J Med Chem,2001.0,"{'bei': '15.28', 'le': '0.30', 'lle': '4.96', 'sei': '6.47'}",CHEMBL138940,,CHEMBL138940,7.85,0.0,http://www.openphacts.org/units/Nanomolar,265475.0,=,1.0,1.0,=,,IC50,nM,,14.0,CHEMBL203,Homo sapiens,Epidermal growth factor receptor,9606.0,,,IC50,nM,UO_0000065,,14.0,7.853871964321762,1.0,273.28800000000007,2.4965000000000006,3,5,78.79,4,2,2,O=C(/C=C/C(=O)Nc1cc2c(Nc3ccccc3)ncnc2cn1)NCCCN1CCOCC1,False,True,False,True
,,122062.0,[],CHEMBL677213,Inhibition of EGF-stimulated autophosphorylation of EGFR in A431 cells,B,,,BAO_0000190,BAO_0000219,cell-based format,O=C(/C=C/C(=O)Nc1cc2c(Nc3ccc(F)c(Cl)c3)ncnc2cn1)NCCCN1CCOCC1,,,CHEMBL1134843,J Med Chem,2001.0,"{'bei': '15.28', 'le': '0.30', 'lle': '4.96', 'sei': '6.47'}",CHEMBL138940,,CHEMBL138940,7.85,0.0,http://www.openphacts.org/units/Nanomolar,265475.0,=,1.0,1.0,=,,IC50,nM,,14.0,CHEMBL203,Homo sapiens,Epidermal growth factor receptor,9606.0,,,IC50,nM,UO_0000065,,14.0,7.853871964321762,1.0,363.2480000000001,4.122600000000003,1,4,59.81,3,3,3,O=C(/C=C/C(=O)Nc1cc2c(Nc3ccccc3)ncnc2cn1)NCCCN1CCOCC1,False,True,False,True
,,122509.0,[],CHEMBL680019,Inhibitory concentration was evaluated against epidermal growth factor receptor (EGFr) tyrosine kinase,B,,,BAO_0000190,BAO_0000357,single protein format,Cn1c(=O)c(-c2c(Cl)cccc2Cl)cc2cnc(Nc3cccc(O)c3)nc21,,,CHEMBL1131066,J Med Chem,1998.0,"{'bei': '16.51', 'le': '0.33', 'lle': '2.07', 'sei': '8.53'}",CHEMBL321193,,CHEMBL321193,6.82,0.0,http://www.openphacts.org/units/Nanomolar,210188.0,=,1.0,1.0,=,,IC50,nM,,150.0,CHEMBL203,Homo sapiens,Epidermal growth factor receptor,9606.0,,,IC50,uM,UO_0000065,,0.15,6.823908740944319,1.0,331.177,2.967600000000001,2,6,75.62,3,3,3,O=c1[nH]c2nc(Nc3ccccc3)ncc2cc1-c1ccccc1,False,True,False,False
,,122513.0,[],CHEMBL680019,Inhibitory concentration was evaluated against epidermal growth factor receptor (EGFr) tyrosine kinase,B,,,BAO_0000190,BAO_0000357,single protein format,CCOC(=O)CCCc1ccc(Nc2ncc3cc(-c4c(Cl)cccc4Cl)c(=O)n(C)c3n2)cc1,,,CHEMBL1131066,J Med Chem,1998.0,"{'bei': '12.04', 'le': '0.24', 'lle': '0.22', 'sei': '7.15'}",CHEMBL419022,,CHEMBL419022,6.16,0.0,http://www.openphacts.org/units/Nanomolar,210181.0,=,1.0,1.0,=,,IC50,nM,,700.0,CHEMBL203,Homo sapiens,Epidermal growth factor receptor,9606.0,,,IC50,uM,UO_0000065,,0.7,6.154901959985743,1.0,331.177,2.967600000000001,2,6,75.62,3,3,3,O=c1[nH]c2nc(Nc3ccccc3)ncc2cc1-c1ccccc1,False,True,False,False
,,122535.0,[],CHEMBL679947,"Inhibition of phosphorylation of phospholipase C gamma1 by Epidermal growth factor receptor, from human A431 carcinoma cell vesicles",F,,,BAO_0000190,BAO_0000019,assay format,Brc1cccc(Nc2ncnc3cnc(NCCc4c[nH]cn4)nc23)c1,,,CHEMBL1130057,J Med Chem,1997.0,,CHEMBL53426,,CHEMBL53426,9.6,0.0,http://www.openphacts.org/units/Nanomolar,89140.0,=,1.0,1.0,=,,IC50,nM,,0.25,CHEMBL203,Homo sapiens,Epidermal growth factor receptor,9606.0,,,IC50,nM,UO_0000065,,0.25,9.602059991327964,1.0,384.2370000000001,4.045500000000002,2,5,79.8,4,3,3,c1ccc(Nc2ncnc3cnc(NCCc4c[nH]cn4)nc23)cc1,False,True,False,False
,,122536.0,[],CHEMBL680026,Tested for ability to inhibit autophosphorylation of the Epidermal growth factor receptor in human epidermoid carcinoma cells,F,,,BAO_0000190,BAO_0000019,assay format,Brc1cccc(Nc2ncnc3cnc(NCCc4c[nH]cn4)nc23)c1,,,CHEMBL1130057,J Med Chem,1997.0,,CHEMBL53426,,CHEMBL53426,8.29,0.0,http://www.openphacts.org/units/Nanomolar,89140.0,=,1.0,1.0,=,,IC50,nM,,5.1,CHEMBL203,Homo sapiens,Epidermal growth factor receptor,9606.0,,,IC50,nM,UO_0000065,,5.1,8.292429823902063,1.0,384.2370000000001,4.045500000000002,2,5,79.8,4,3,3,c1ccc(Nc2ncnc3cnc(NCCc4c[nH]cn4)nc23)cc1,False,True,False,False
,,122537.0,[],CHEMBL680030,Tested for inhibition of PLC gamma-derived substrate in Epidermal growth factor receptor stimulated A431 cells,F,,,BAO_0000190,BAO_0000219,cell-based format,CN(C)c1cc2c(Nc3cccc(Br)c3)ncnc2cn1,,,CHEMBL1130057,J Med Chem,1997.0,,CHEMBL53711,,CHEMBL53711,8.59,0.0,http://www.openphacts.org/units/Nanomolar,89164.0,=,1.0,1.0,=,,IC50,nM,,2.6,CHEMBL203,Homo sapiens,Epidermal growth factor receptor,9606.0,,,IC50,nM,UO_0000065,,2.6,8.585026652029182,1.0,383.2490000000001,4.650500000000003,2,4,66.91,4,3,3,c1ccc(Nc2ncnc3cnccc23)cc1,False,True,False,False
,,122538.0,[],CHEMBL680031,Tested for inhibition of autophosphorylation in Epidermal growth factor receptor stimulated A431 cells,F,,,BAO_0000190,BAO_0000219,cell-based format,CN(C)c1cc2c(Nc3cccc(Br)c3)ncnc2cn1,,,CHEMBL1130057,J Med Chem,1997.0,,CHEMBL53711,,CHEMBL53711,7.92,0.0,http://www.openphacts.org/units/Nanomolar,89164.0,=,1.0,1.0,=,,IC50,nM,,12.0,CHEMBL203,Homo sapiens,Epidermal growth factor receptor,9606.0,,,IC50,nM,UO_0000065,,12.0,7.920818753952375,1.0,383.2490000000001,4.650500000000003,2,4,66.91,4,3,3,c1ccc(Nc2ncnc3cnccc23)cc1,False,True,False,False
,,123349.0,[],CHEMBL673925,Inhibition of phosphorylation of a polyglutamic acid/tyrosine random copolymer by EGFR enzyme (from human A431 carcinoma cell vesicles),B,,,BAO_0000190,BAO_0000357,single protein format,O=C(/C=C/Cl)Nc1cc2c(Nc3cccc(Br)c3)ncnc2cn1,,,CHEMBL1134843,J Med Chem,2001.0,"{'bei': '22.64', 'le': '0.52', 'lle': '4.94', 'sei': '11.48'}",CHEMBL344177,,CHEMBL344177,9.16,0.0,http://www.openphacts.org/units/Nanomolar,265469.0,=,1.0,1.0,=,,IC50,nM,,0.69,CHEMBL203,Homo sapiens,Epidermal growth factor receptor,9606.0,,,IC50 app,nM,UO_0000065,,0.69,9.161150909262744,1.0,484.3870000000001,4.986300000000004,1,6,72.28,7,4,4,c1ccc(Nc2ncnc3cnccc23)cc1,False,True,False,True
,,123350.0,[],CHEMBL677216,Inhibition of autophosphorylation of EGFR in A431 cells,B,,,BAO_0000190,BAO_0000219,cell-based format,O=C(/C=C/Cl)Nc1cc2c(Nc3cccc(Br)c3)ncnc2cn1,,,CHEMBL1134843,J Med Chem,2001.0,"{'bei': '19.03', 'le': '0.44', 'lle': '3.48', 'sei': '9.65'}",CHEMBL344177,,CHEMBL344177,7.7,0.0,http://www.openphacts.org/units/Nanomolar,265469.0,=,1.0,1.0,=,,IC50,nM,,20.0,CHEMBL203,Homo sapiens,Epidermal growth factor receptor,9606.0,,,IC50,nM,UO_0000065,,20.0,7.698970004336019,1.0,317.15000000000003,2.5081000000000007,2,6,89.61,2,3,3,c1ccc(Nc2ncnc3cnccc23)cc1,False,True,False,True
,,123352.0,[],CHEMBL673925,Inhibition of phosphorylation of a polyglutamic acid/tyrosine random copolymer by EGFR enzyme (from human A431 carcinoma cell vesicles),B,,,BAO_0000190,BAO_0000357,single protein format,CC(=O)/C=C/C(=O)Nc1ccc2ncnc(Nc3cccc(Br)c3)c2c1,,,CHEMBL1134843,J Med Chem,2001.0,"{'bei': '21.69', 'le': '0.47', 'lle': '4.70', 'sei': '10.62'}",CHEMBL136178,,CHEMBL136178,8.92,0.0,http://www.openphacts.org/units/Nanomolar,265464.0,=,1.0,1.0,=,,IC50,nM,,1.2,CHEMBL203,Homo sapiens,Epidermal growth factor receptor,9606.0,,,IC50 app,nM,UO_0000065,,1.2,8.920818753952375,1.0,365.44100000000026,2.21592,2,8,88.09,6,4,3,c1ccc(Nc2ncnc3ccccc23)cc1,False,True,False,True
,,123353.0,[],CHEMBL677216,Inhibition of autophosphorylation of EGFR in A431 cells,B,,,BAO_0000190,BAO_0000219,cell-based format,CC(=O)/C=C/C(=O)Nc1ccc2ncnc(Nc3cccc(Br)c3)c2c1,,,CHEMBL1134843,J Med Chem,2001.0,"{'bei': '14.55', 'le': '0.31', 'lle': '1.76', 'sei': '7.12'}",CHEMBL136178,,CHEMBL136178,5.98,0.0,http://www.openphacts.org/units/Nanomolar,265464.0,=,1.0,1.0,=,,IC50,nM,,1039.0,CHEMBL203,Homo sapiens,Epidermal growth factor receptor,9606.0,,,IC50,nM,UO_0000065,,1039.0,5.983384452442823,0.0,257.684,2.8168000000000006,1,5,63.59,2,3,3,c1ccc(Nc2ncnc3ccccc23)cc1,False,True,False,True
,,123355.0,[],CHEMBL673925,Inhibition of phosphorylation of a polyglutamic acid/tyrosine random copolymer by EGFR enzyme (from human A431 carcinoma cell vesicles),B,,,BAO_0000190,BAO_0000357,single protein format,C=CS(=O)(=O)Nc1ccc2ncnc(Nc3cccc(Br)c3)c2c1,,,CHEMBL1134843,J Med Chem,2001.0,"{'bei': '21.85', 'le': '0.50', 'lle': '4.83', 'sei': '10.54'}",CHEMBL136511,,CHEMBL136511,8.85,0.0,http://www.openphacts.org/units/Nanomolar,265473.0,=,1.0,1.0,=,,IC50,nM,,1.4,CHEMBL203,Homo sapiens,Epidermal growth factor receptor,9606.0,,,IC50 app,nM,UO_0000065,,1.4,8.853871964321762,1.0,485.9470000000004,4.391500000000003,2,7,88.61,9,4,3,c1ccc(Nc2ncnc3ccccc23)cc1,False,True,False,False
,,123356.0,[],CHEMBL677216,Inhibition of autophosphorylation of EGFR in A431 cells,B,,,BAO_0000190,BAO_0000219,cell-based format,C=CS(=O)(=O)Nc1ccc2ncnc(Nc3cccc(Br)c3)c2c1,,,CHEMBL1134843,J Med Chem,2001.0,"{'bei': '21.14', 'le': '0.49', 'lle': '4.55', 'sei': '10.20'}",CHEMBL136511,,CHEMBL136511,8.57,0.0,http://www.openphacts.org/units/Nanomolar,265473.0,=,1.0,1.0,=,,IC50,nM,,2.7,CHEMBL203,Homo sapiens,Epidermal growth factor receptor,9606.0,,,IC50,nM,UO_0000065,,2.7,8.568636235841012,1.0,441.2850000000001,4.193700000000002,2,6,93.21,6,3,3,c1ccc(Nc2ncnc3ccccc23)cc1,False,True,False,False
,,123785.0,[],CHEMBL679947,"Inhibition of phosphorylation of phospholipase C gamma1 by Epidermal growth factor receptor, from human A431 carcinoma cell vesicles",F,,,BAO_0000190,BAO_0000019,assay format,Cc1cccc(Nc2ncnc3cnc(NCCc4c[nH]cn4)nc23)c1,,,CHEMBL1130057,J Med Chem,1997.0,,CHEMBL416307,,CHEMBL416307,8.52,0.0,http://www.openphacts.org/units/Nanomolar,89151.0,=,1.0,1.0,=,,IC50,nM,,3.0,CHEMBL203,Homo sapiens,Epidermal growth factor receptor,9606.0,,,IC50,nM,UO_0000065,,3.0,8.522878745280337,1.0,441.2850000000001,4.193700000000002,2,6,93.21,6,3,3,c1ccc(Nc2ncnc3cnc(NCCc4c[nH]cn4)nc23)cc1,False,True,False,False
,,124275.0,[],CHEMBL677391,Inhibition of tyrosine phosphorylation activity of the epidermal growth factor receptor (EGFR) tyrosine kinase from human A-431 carcinoma cell-shed membrane vesicles,B,,,BAO_0000190,BAO_0000019,assay format,Cc1cccc2c(C(=O)Nc3ccccc3)c(SSc3c(C(=O)Nc4ccccc4)c4cccc(C)c4n3C)n(C)c12,,,CHEMBL1127560,J Med Chem,1994.0,,CHEMBL64165,,CHEMBL64165,,0.0,http://www.openphacts.org/units/Nanomolar,109050.0,>,1.0,1.0,>,,IC50,nM,,100000.0,CHEMBL203,Homo sapiens,Epidermal growth factor receptor,9606.0,,,IC50,uM,UO_0000065,,100.0,4.0,0.0,513.9610000000004,2.894100000000001,3,8,121.37,9,4,3,O=C(Nc1ccccc1)c1c(SSc2[nH]c3ccccc3c2C(=O)Nc2ccccc2)[nH]c2ccccc12,False,True,False,False
,,124308.0,[],CHEMBL676146,Inhibition of EGF-dependent DNA synthesis in ER 22 cells incubated with [3H]TdR,F,,,BAO_0000190,BAO_0000219,cell-based format,O=C(O)c1cccc(/N=C/c2cc(O)ccc2O)c1,,,CHEMBL1127084,J Med Chem,1993.0,,CHEMBL130116,,CHEMBL130116,,0.0,http://www.openphacts.org/units/Nanomolar,252405.0,>,1.0,1.0,>,,IC50,nM,,20000.0,CHEMBL203,Homo sapiens,Epidermal growth factor receptor,9606.0,,,IC50,uM,UO_0000065,,20.0,4.698970004336019,0.0,513.9610000000004,2.894100000000001,3,8,121.37,9,4,3,C(=N\c1ccccc1)/c1ccccc1,False,True,False,False
,,124325.0,[],CHEMBL679549,Inhibitory activity against recombinant tyrosine kinase EGF-R (EGF-R ICD),B,,,BAO_0000190,BAO_0000357,single protein format,O=c1c(-c2ccc(O)cc2)coc2cc(O)cc(O)c12,,,CHEMBL1127678,J Med Chem,1994.0,"{'bei': '22.20', 'le': '0.41', 'lle': '3.42', 'sei': '6.60'}",CHEMBL44,GENISTEIN,CHEMBL44,6.0,0.0,http://www.openphacts.org/units/Nanomolar,2996.0,=,1.0,1.0,=,,IC50,nM,,1000.0,CHEMBL203,Homo sapiens,Epidermal growth factor receptor,9606.0,,,IC50,uM,UO_0000065,,1.0,6.0,1.0,513.9610000000004,2.894100000000001,3,8,121.37,9,4,3,O=c1c(-c2ccccc2)coc2ccccc12,False,False,False,False
,,124595.0,[],CHEMBL673925,Inhibition of phosphorylation of a polyglutamic acid/tyrosine random copolymer by EGFR enzyme (from human A431 carcinoma cell vesicles),B,,,BAO_0000190,BAO_0000357,single protein format,CN(C)CCCNC(=O)/C=C/C(=O)N(C)c1cc2c(Nc3cccc(Br)c3)ncnc2cn1,,,CHEMBL1134843,J Med Chem,2001.0,"{'bei': '17.25', 'le': '0.37', 'lle': '5.72', 'sei': '8.55'}",CHEMBL136102,,CHEMBL136102,8.84,0.0,http://www.openphacts.org/units/Nanomolar,265476.0,=,1.0,1.0,=,,IC50,nM,,1.45,CHEMBL203,Homo sapiens,Epidermal growth factor receptor,9606.0,,,IC50 app,nM,UO_0000065,,1.45,8.838631997765026,1.0,509.4410000000002,4.793300000000004,1,6,66.28999999999999,5,5,4,c1ccc(Nc2ncnc3cnccc23)cc1,False,True,False,True
,,124596.0,[],CHEMBL677216,Inhibition of autophosphorylation of EGFR in A431 cells,B,,,BAO_0000190,BAO_0000219,cell-based format,CN(C)CCCNC(=O)/C=C/C(=O)N(C)c1cc2c(Nc3cccc(Br)c3)ncnc2cn1,,,CHEMBL1134843,J Med Chem,2001.0,"{'bei': '13.10', 'le': '0.28', 'lle': '3.59', 'sei': '6.50'}",CHEMBL136102,,CHEMBL136102,6.71,0.0,http://www.openphacts.org/units/Nanomolar,265476.0,=,1.0,1.0,=,,IC50,nM,,193.0,CHEMBL203,Homo sapiens,Epidermal growth factor receptor,9606.0,,,IC50,nM,UO_0000065,,193.0,6.714442690992226,1.0,413.2640000000001,4.751500000000003,2,5,80.04,3,4,4,c1ccc(Nc2ncnc3cnccc23)cc1,False,True,False,True
,,124598.0,[],CHEMBL673925,Inhibition of phosphorylation of a polyglutamic acid/tyrosine random copolymer by EGFR enzyme (from human A431 carcinoma cell vesicles),B,,,BAO_0000190,BAO_0000357,single protein format,C=CS(=O)(=O)c1cc2c(Nc3cccc(Br)c3)ncnc2cn1,,,CHEMBL1134843,J Med Chem,2001.0,"{'bei': '23.94', 'le': '0.56', 'lle': '5.92', 'sei': '11.04'}",CHEMBL336264,,CHEMBL336264,9.37,0.0,http://www.openphacts.org/units/Nanomolar,265471.0,=,1.0,1.0,=,,IC50,nM,,0.43,CHEMBL203,Homo sapiens,Epidermal growth factor receptor,9606.0,,,IC50 app,nM,UO_0000065,,0.43,9.366531544420411,1.0,511.4090000000003,5.931700000000005,1,6,86.11,8,4,4,c1ccc(Nc2ncnc3cnccc23)cc1,False,True,False,False
,,124599.0,[],CHEMBL677216,Inhibition of autophosphorylation of EGFR in A431 cells,B,,,BAO_0000190,BAO_0000219,cell-based format,C=CS(=O)(=O)c1cc2c(Nc3cccc(Br)c3)ncnc2cn1,,,CHEMBL1134843,J Med Chem,2001.0,,CHEMBL336264,,CHEMBL336264,,0.0,http://www.openphacts.org/units/Nanomolar,265471.0,>,1.0,1.0,>,,IC50,nM,,500.0,CHEMBL203,Homo sapiens,Epidermal growth factor receptor,9606.0,,,IC50,nM,UO_0000065,,500.0,6.301029995663981,1.0,411.26700000000017,3.3035999999999994,3,7,104.3,6,4,4,c1ccc(Nc2ncnc3cnccc23)cc1,False,True,False,False
,,125063.0,[],CHEMBL680019,Inhibitory concentration was evaluated against epidermal growth factor receptor (EGFr) tyrosine kinase,B,,,BAO_0000190,BAO_0000357,single protein format,COc1ccc(Nc2ncc3cc(-c4c(Cl)cccc4Cl)c(=O)n(C)c3n2)cc1,,,CHEMBL1131066,J Med Chem,1998.0,"{'bei': '15.58', 'le': '0.31', 'lle': '1.61', 'sei': '9.64'}",CHEMBL104153,,CHEMBL104153,6.66,0.0,http://www.openphacts.org/units/Nanomolar,210189.0,=,1.0,1.0,=,,IC50,nM,,220.0,CHEMBL203,Homo sapiens,Epidermal growth factor receptor,9606.0,,,IC50,uM,UO_0000065,,0.22,6.657577319177793,1.0,411.26700000000017,3.3035999999999994,3,7,104.3,6,4,4,O=c1[nH]c2nc(Nc3ccccc3)ncc2cc1-c1ccccc1,False,True,False,False
,,125108.0,[],CHEMBL680030,Tested for inhibition of PLC gamma-derived substrate in Epidermal growth factor receptor stimulated A431 cells,F,,,BAO_0000190,BAO_0000219,cell-based format,CNc1ccc2ncnc(Nc3cccc(Br)c3)c2n1,,,CHEMBL1130057,J Med Chem,1997.0,,CHEMBL53156,,CHEMBL53156,8.51,1.0,http://www.openphacts.org/units/Nanomolar,89157.0,=,1.0,1.0,=,,IC50,nM,,3.1,CHEMBL203,Homo sapiens,Epidermal growth factor receptor,9606.0,,,IC50,nM,UO_0000065,,3.1,8.508638306165727,1.0,344.216,3.596900000000001,1,5,53.94,3,3,3,c1ccc(Nc2ncnc3cccnc23)cc1,False,True,False,False
,,125109.0,[],CHEMBL680031,Tested for inhibition of autophosphorylation in Epidermal growth factor receptor stimulated A431 cells,F,,,BAO_0000190,BAO_0000219,cell-based format,CNc1ccc2ncnc(Nc3cccc(Br)c3)c2n1,,,CHEMBL1130057,J Med Chem,1997.0,,CHEMBL53156,,CHEMBL53156,7.7,1.0,http://www.openphacts.org/units/Nanomolar,89157.0,=,1.0,1.0,=,,IC50,nM,,20.0,CHEMBL203,Homo sapiens,Epidermal growth factor receptor,9606.0,,,IC50,nM,UO_0000065,,20.0,7.698970004336019,1.0,344.216,3.596900000000001,1,5,53.94,3,3,3,c1ccc(Nc2ncnc3cccnc23)cc1,False,True,False,False
,,125565.0,[],CHEMBL683041,Inhibition of Epidermal Growth Factor Receptor (EGFR) autophosphorylation,B,,,BAO_0000190,BAO_0000357,single protein format,C=CC(=O)Nc1cc2c(Nc3ccc(F)c(Cl)c3)c(C#N)cnc2cc1OCCCN1CCOCC1,,,CHEMBL1135208,Bioorg Med Chem Lett,2002.0,"{'bei': '13.92', 'le': '0.27', 'lle': '2.23', 'sei': '7.13'}",CHEMBL95774,,CHEMBL95774,7.1,0.0,http://www.openphacts.org/units/Nanomolar,182225.0,=,1.0,1.0,=,,IC50,nM,,80.0,CHEMBL203,Homo sapiens,Epidermal growth factor receptor,9606.0,,,IC50,uM,UO_0000065,,0.08,7.096910013008056,1.0,404.6550000000001,4.2219000000000015,2,5,79.8,4,3,3,c1ccc(Nc2ccnc3cc(OCCCN4CCOCC4)ccc23)cc1,False,True,False,True
,,125659.0,[],CHEMBL676146,Inhibition of EGF-dependent DNA synthesis in ER 22 cells incubated with [3H]TdR,F,,,BAO_0000190,BAO_0000219,cell-based format,COC(=O)c1ccc(/N=C/c2cc(O)ccc2O)cc1O,,,CHEMBL1127084,J Med Chem,1993.0,,CHEMBL130893,,CHEMBL130893,,0.0,http://www.openphacts.org/units/Nanomolar,252387.0,>,1.0,1.0,>,,IC50,nM,,10000.0,CHEMBL203,Homo sapiens,Epidermal growth factor receptor,9606.0,,,IC50,uM,UO_0000065,,10.0,5.0,0.0,404.6550000000001,4.2219000000000015,2,5,79.8,4,3,3,C(=N\c1ccccc1)/c1ccccc1,False,True,False,False
,,125663.0,[],CHEMBL676146,Inhibition of EGF-dependent DNA synthesis in ER 22 cells incubated with [3H]TdR,F,,,BAO_0000190,BAO_0000219,cell-based format,O=C(O)c1cccc(NCc2cc(O)ccc2O)c1,,,CHEMBL1127084,J Med Chem,1993.0,,CHEMBL129907,,CHEMBL129907,,0.0,http://www.openphacts.org/units/Nanomolar,252389.0,>,1.0,1.0,>,,IC50,nM,,20000.0,CHEMBL203,Homo sapiens,Epidermal growth factor receptor,9606.0,,,IC50,uM,UO_0000065,,20.0,4.698970004336019,0.0,411.25900000000007,4.2196000000000025,2,5,83.98,5,3,3,c1ccc(CNc2ccccc2)cc1,False,True,False,False
,,125665.0,[],CHEMBL676146,Inhibition of EGF-dependent DNA synthesis in ER 22 cells incubated with [3H]TdR,F,,,BAO_0000190,BAO_0000219,cell-based format,COC(=O)c1cc(NCc2cc(O)ccc2O)ccc1O,,,CHEMBL1127084,J Med Chem,1993.0,,CHEMBL131653,,CHEMBL131653,5.05,0.0,http://www.openphacts.org/units/Nanomolar,252399.0,=,1.0,1.0,=,,IC50,nM,,9000.0,CHEMBL203,Homo sapiens,Epidermal growth factor receptor,9606.0,,,IC50,uM,UO_0000065,,9.0,5.045757490560675,0.0,411.25900000000007,4.2196000000000025,2,5,83.98,5,3,3,c1ccc(CNc2ccccc2)cc1,False,True,False,False
,,125676.0,[],CHEMBL679549,Inhibitory activity against recombinant tyrosine kinase EGF-R (EGF-R ICD),B,,,BAO_0000190,BAO_0000357,single protein format,O=C1NC(=O)c2cc(Nc3ccccc3)c(Nc3ccccc3)cc21,,,CHEMBL1127678,J Med Chem,1994.0,"{'bei': '19.80', 'le': '0.36', 'lle': '2.46', 'sei': '9.29'}",CHEMBL268868,DAPH,CHEMBL268868,6.52,0.0,http://www.openphacts.org/units/Nanomolar,2988.0,=,1.0,1.0,=,,IC50,nM,,300.0,CHEMBL203,Homo sapiens,Epidermal growth factor receptor,9606.0,,,IC50,uM,UO_0000065,,0.3,6.522878745280337,1.0,405.2770000000001,4.0211000000000015,2,5,83.98,5,3,3,O=C1NC(=O)c2cc(Nc3ccccc3)c(Nc3ccccc3)cc21,False,True,False,False
,,125682.0,[],CHEMBL621149,Inhibition of EGF-dependent autophosphorylation of EGF-R in human A431 cells,F,,,BAO_0000190,BAO_0000219,cell-based format,O=C1NC(=O)c2cc(Nc3ccccc3)c(Nc3ccccc3)cc21,,,CHEMBL1127678,J Med Chem,1994.0,,CHEMBL268868,DAPH,CHEMBL268868,,0.0,http://www.openphacts.org/units/Nanomolar,2988.0,>,1.0,1.0,>,,IC50,nM,,4500.0,CHEMBL203,Homo sapiens,Epidermal growth factor receptor,9606.0,,,IC50,uM,UO_0000065,,4.5,5.346787486224656,0.0,405.2770000000001,4.0211000000000015,2,5,83.98,5,3,3,O=C1NC(=O)c2cc(Nc3ccccc3)c(Nc3ccccc3)cc21,False,True,False,False
,,125685.0,[],CHEMBL679549,Inhibitory activity against recombinant tyrosine kinase EGF-R (EGF-R ICD),B,,,BAO_0000190,BAO_0000357,single protein format,COc1ccc(Nc2cc3c(cc2Nc2ccc(OC)cc2)C(=O)NC3=O)cc1,,,CHEMBL1127678,J Med Chem,1994.0,,CHEMBL7352,,CHEMBL7352,,0.0,http://www.openphacts.org/units/Nanomolar,2990.0,>,1.0,1.0,>,,IC50,nM,,50000.0,CHEMBL203,Homo sapiens,Epidermal growth factor receptor,9606.0,,,IC50,uM,UO_0000065,,50.0,4.301029995663981,0.0,528.4400000000003,5.779100000000005,1,6,92.1,9,4,4,O=C1NC(=O)c2cc(Nc3ccccc3)c(Nc3ccccc3)cc21,False,True,False,False
,,125689.0,[],CHEMBL621149,Inhibition of EGF-dependent autophosphorylation of EGF-R in human A431 cells,F,,,BAO_0000190,BAO_0000219,cell-based format,COc1ccc(Nc2cc3c(cc2Nc2ccc(OC)cc2)C(=O)NC3=O)cc1,,,CHEMBL1127678,J Med Chem,1994.0,,CHEMBL7352,,CHEMBL7352,,0.0,http://www.openphacts.org/units/Nanomolar,2990.0,>,1.0,1.0,>,,IC50,nM,,100000.0,CHEMBL203,Homo sapiens,Epidermal growth factor receptor,9606.0,,,IC50,uM,UO_0000065,,100.0,4.0,0.0,346.398,2.84952,3,7,104.3,6,4,4,O=C1NC(=O)c2cc(Nc3ccccc3)c(Nc3ccccc3)cc21,False,True,False,False
,,125800.0,[],CHEMBL679549,Inhibitory activity against recombinant tyrosine kinase EGF-R (EGF-R ICD),B,,,BAO_0000190,BAO_0000357,single protein format,CN(c1ccccc1)c1cc2c(cc1Nc1ccccc1)C(=O)NC2=O,,,CHEMBL1127678,J Med Chem,1994.0,"{'bei': '14.74', 'le': '0.27', 'lle': '0.98', 'sei': '8.24'}",CHEMBL7775,,CHEMBL7775,5.06,0.0,http://www.openphacts.org/units/Nanomolar,3010.0,=,1.0,1.0,=,,IC50,nM,,8700.0,CHEMBL203,Homo sapiens,Epidermal growth factor receptor,9606.0,,,IC50,uM,UO_0000065,,8.7,5.060480747381382,0.0,590.774,8.590840000000002,2,4,68.06,7,6,6,O=C1NC(=O)c2cc(Nc3ccccc3)c(Nc3ccccc3)cc21,False,True,False,False
,,125805.0,[],CHEMBL621149,Inhibition of EGF-dependent autophosphorylation of EGF-R in human A431 cells,F,,,BAO_0000190,BAO_0000219,cell-based format,CN(c1ccccc1)c1cc2c(cc1Nc1ccccc1)C(=O)NC2=O,,,CHEMBL1127678,J Med Chem,1994.0,,CHEMBL7775,,CHEMBL7775,,0.0,http://www.openphacts.org/units/Nanomolar,3010.0,>,1.0,1.0,>,,IC50,nM,,100000.0,CHEMBL203,Homo sapiens,Epidermal growth factor receptor,9606.0,,,IC50,uM,UO_0000065,,100.0,4.0,0.0,257.245,2.5466,3,4,90.12,3,2,2,O=C1NC(=O)c2cc(Nc3ccccc3)c(Nc3ccccc3)cc21,False,True,False,False
,,125815.0,[],CHEMBL679549,Inhibitory activity against recombinant tyrosine kinase EGF-R (EGF-R ICD),B,,,BAO_0000190,BAO_0000357,single protein format,COC(=O)c1cc(Nc2ccccc2)c(Nc2ccccc2)cc1C(=O)OC,,,CHEMBL1127678,J Med Chem,1994.0,,CHEMBL8222,,CHEMBL8222,,0.0,http://www.openphacts.org/units/Nanomolar,3009.0,>,1.0,1.0,>,,IC50,nM,,100000.0,CHEMBL203,Homo sapiens,Epidermal growth factor receptor,9606.0,,,IC50,uM,UO_0000065,,100.0,4.0,0.0,270.24,2.576800000000001,3,5,90.9,1,3,3,c1ccc(Nc2ccccc2Nc2ccccc2)cc1,False,True,False,False
,,126489.0,[],CHEMBL680030,Tested for inhibition of PLC gamma-derived substrate in Epidermal growth factor receptor stimulated A431 cells,F,,,BAO_0000190,BAO_0000219,cell-based format,CN(C)c1cc2c(Nc3cccc(Br)c3)ncnc2cn1,Outside typical range,"Values for this activity type are unusually large/small, so may not be accurate",CHEMBL1130057,J Med Chem,1997.0,,CHEMBL53711,,CHEMBL53711,,1.0,http://www.openphacts.org/units/Nanomolar,89165.0,=,1.0,1.0,=,,IC50,nM,,0.006,CHEMBL203,Homo sapiens,Epidermal growth factor receptor,9606.0,,,IC50,nM,UO_0000065,,0.006,11.221848749616356,1.0,512.412,3.117800000000001,2,7,103.35,9,3,3,c1ccc(Nc2ncnc3cnccc23)cc1,False,True,False,False
,,126490.0,[],CHEMBL680031,Tested for inhibition of autophosphorylation in Epidermal growth factor receptor stimulated A431 cells,F,,,BAO_0000190,BAO_0000219,cell-based format,CN(C)c1cc2c(Nc3cccc(Br)c3)ncnc2cn1,,,CHEMBL1130057,J Med Chem,1997.0,,CHEMBL53711,,CHEMBL53711,7.68,1.0,http://www.openphacts.org/units/Nanomolar,89165.0,=,1.0,1.0,=,,IC50,nM,,21.0,CHEMBL203,Homo sapiens,Epidermal growth factor receptor,9606.0,,,IC50,nM,UO_0000065,,21.0,7.67778070526608,1.0,512.412,3.117800000000001,2,7,103.35,9,3,3,c1ccc(Nc2ncnc3cnccc23)cc1,False,True,False,False
,,127172.0,[],CHEMBL677391,Inhibition of tyrosine phosphorylation activity of the epidermal growth factor receptor (EGFR) tyrosine kinase from human A-431 carcinoma cell-shed membrane vesicles,B,,,BAO_0000190,BAO_0000019,assay format,Cc1ccc2c(c1)c(C(=O)Nc1ccccc1)c(SSc1c(C(=O)Nc3ccccc3)c3cc(C)ccc3n1C)n2C,,,CHEMBL1127560,J Med Chem,1994.0,,CHEMBL60200,,CHEMBL60200,,0.0,http://www.openphacts.org/units/Nanomolar,109054.0,>,1.0,1.0,>,,IC50,nM,,100000.0,CHEMBL203,Homo sapiens,Epidermal growth factor receptor,9606.0,,,IC50,uM,UO_0000065,,100.0,4.0,0.0,391.25000000000006,3.448100000000002,1,6,84.84,4,3,3,O=C(Nc1ccccc1)c1c(SSc2[nH]c3ccccc3c2C(=O)Nc2ccccc2)[nH]c2ccccc12,False,True,False,False
,,127175.0,[],CHEMBL677391,Inhibition of tyrosine phosphorylation activity of the epidermal growth factor receptor (EGFR) tyrosine kinase from human A-431 carcinoma cell-shed membrane vesicles,B,,,BAO_0000190,BAO_0000019,assay format,CC(=O)Oc1ccc2c(c1)c(C(=O)Nc1ccccc1)c(SSc1c(C(=O)Nc3ccccc3)c3cc(OC(C)=O)ccc3n1C)n2C,,,CHEMBL1127560,J Med Chem,1994.0,"{'bei': '7.77', 'le': '0.15', 'lle': '-2.54', 'sei': '4.37'}",CHEMBL61119,,CHEMBL61119,5.28,0.0,http://www.openphacts.org/units/Nanomolar,109053.0,=,1.0,1.0,=,,IC50,nM,,5300.0,CHEMBL203,Homo sapiens,Epidermal growth factor receptor,9606.0,,,IC50,uM,UO_0000065,,5.3,5.275724130399211,0.0,391.25000000000006,3.448100000000002,1,6,84.84,4,3,3,O=C(Nc1ccccc1)c1c(SSc2[nH]c3ccccc3c2C(=O)Nc2ccccc2)[nH]c2ccccc12,False,True,False,False
,,127318.0,[],CHEMBL677391,Inhibition of tyrosine phosphorylation activity of the epidermal growth factor receptor (EGFR) tyrosine kinase from human A-431 carcinoma cell-shed membrane vesicles,B,,,BAO_0000190,BAO_0000019,assay format,Cn1c(SSCc2ccccc2)c(C(=O)Nc2ccccc2)c2ccccc21,,,CHEMBL1127560,J Med Chem,1994.0,,CHEMBL64231,,CHEMBL64231,,0.0,http://www.openphacts.org/units/Nanomolar,109060.0,>,1.0,1.0,>,,IC50,nM,,100000.0,CHEMBL203,Homo sapiens,Epidermal growth factor receptor,9606.0,,,IC50,uM,UO_0000065,,100.0,4.0,0.0,427.2910000000001,5.054500000000003,1,5,69.03999999999999,4,4,4,O=C(Nc1ccccc1)c1c(SSCc2ccccc2)[nH]c2ccccc12,False,True,False,False
,,127421.0,[],CHEMBL673925,Inhibition of phosphorylation of a polyglutamic acid/tyrosine random copolymer by EGFR enzyme (from human A431 carcinoma cell vesicles),B,,,BAO_0000190,BAO_0000357,single protein format,O=S(=O)(CCO)c1cc2c(Nc3cccc(Br)c3)ncnc2cn1,,,CHEMBL1134843,J Med Chem,2001.0,"{'bei': '17.18', 'le': '0.40', 'lle': '4.73', 'sei': '6.69'}",CHEMBL335440,,CHEMBL335440,7.03,0.0,http://www.openphacts.org/units/Nanomolar,265472.0,=,1.0,1.0,=,,IC50,nM,,93.5,CHEMBL203,Homo sapiens,Epidermal growth factor receptor,9606.0,,,IC50 app,nM,UO_0000065,,93.5,7.029188389127482,1.0,330.1890000000001,3.5726000000000013,2,5,62.73,3,3,3,c1ccc(Nc2ncnc3cnccc23)cc1,False,True,False,False
,,127736.0,[],CHEMBL680019,Inhibitory concentration was evaluated against epidermal growth factor receptor (EGFr) tyrosine kinase,B,,,BAO_0000190,BAO_0000357,single protein format,Cn1c(=O)c(-c2c(Cl)cccc2Cl)cc2cnc(Nc3ccc(CC(=O)O)cc3)nc21,,,CHEMBL1131066,J Med Chem,1998.0,"{'bei': '14.62', 'le': '0.29', 'lle': '1.99', 'sei': '6.86'}",CHEMBL50647,,CHEMBL50647,6.66,0.0,http://www.openphacts.org/units/Nanomolar,210158.0,=,1.0,1.0,=,,IC50,nM,,220.0,CHEMBL203,Homo sapiens,Epidermal growth factor receptor,9606.0,,,IC50,uM,UO_0000065,,0.22,6.657577319177793,1.0,330.1890000000001,3.5726000000000013,2,5,62.73,3,3,3,O=c1[nH]c2nc(Nc3ccccc3)ncc2cc1-c1ccccc1,False,True,False,False
,,127740.0,[],CHEMBL680019,Inhibitory concentration was evaluated against epidermal growth factor receptor (EGFr) tyrosine kinase,B,,,BAO_0000190,BAO_0000357,single protein format,COc1ccccc1Nc1ncc2cc(-c3c(Cl)cccc3Cl)c(=O)n(C)c2n1,,,CHEMBL1131066,J Med Chem,1998.0,"{'bei': '16.80', 'le': '0.34', 'lle': '2.13', 'sei': '10.40'}",CHEMBL320705,,CHEMBL320705,7.18,0.0,http://www.openphacts.org/units/Nanomolar,210191.0,=,1.0,1.0,=,,IC50,nM,,66.0,CHEMBL203,Homo sapiens,Epidermal growth factor receptor,9606.0,,,IC50,uM,UO_0000065,,0.066,7.180456064458132,1.0,509.9690000000005,4.868180000000005,2,7,99.51,9,4,3,O=c1[nH]c2nc(Nc3ccccc3)ncc2cc1-c1ccccc1,False,True,False,False
,,127787.0,[],CHEMBL679947,"Inhibition of phosphorylation of phospholipase C gamma1 by Epidermal growth factor receptor, from human A431 carcinoma cell vesicles",F,,,BAO_0000190,BAO_0000019,assay format,Brc1cccc(Nc2ncnc3cnc(NCCCn4ccnc4)nc23)c1,,,CHEMBL1130057,J Med Chem,1997.0,,CHEMBL51228,,CHEMBL51228,8.64,0.0,http://www.openphacts.org/units/Nanomolar,89152.0,=,1.0,1.0,=,,IC50,nM,,2.3,CHEMBL203,Homo sapiens,Epidermal growth factor receptor,9606.0,,,IC50,nM,UO_0000065,,2.3,8.638272163982407,1.0,287.271,2.3406000000000007,3,6,99.35,3,2,2,c1ccc(Nc2ncnc3cnc(NCCCn4ccnc4)nc23)cc1,False,True,False,False
,,128253.0,[],CHEMBL676147,Inhibition of EGF-dependent DNA synthesis in EGF-receptor expressing ER22 cells,F,,,BAO_0000190,BAO_0000219,cell-based format,COC(=O)c1cc(/N=C/c2ccc(O)cc2)ccc1O,,,CHEMBL1127084,J Med Chem,1993.0,,CHEMBL130117,,CHEMBL130117,,0.0,http://www.openphacts.org/units/Nanomolar,252406.0,>,1.0,1.0,>,,IC50,nM,,10000.0,CHEMBL203,Homo sapiens,Epidermal growth factor receptor,9606.0,,,IC50,uM,UO_0000065,,10.0,5.0,0.0,259.261,2.4081,4,4,89.79,4,2,2,C(=N\c1ccccc1)/c1ccccc1,False,True,False,False
,,128255.0,[],CHEMBL676146,Inhibition of EGF-dependent DNA synthesis in ER 22 cells incubated with [3H]TdR,F,,,BAO_0000190,BAO_0000219,cell-based format,COC(=O)c1cc(NCc2cc(O)ccc2O)ccc1OC,,,CHEMBL1127084,J Med Chem,1993.0,,CHEMBL129930,,CHEMBL129930,5.02,0.0,http://www.openphacts.org/units/Nanomolar,252403.0,=,1.0,1.0,=,,IC50,nM,,9500.0,CHEMBL203,Homo sapiens,Epidermal growth factor receptor,9606.0,,,IC50,uM,UO_0000065,,9.5,5.022276394711152,0.0,289.28700000000003,2.2021,4,6,99.02,4,2,2,c1ccc(CNc2ccccc2)cc1,False,True,False,False
,,128843.0,[],CHEMBL680019,Inhibitory concentration was evaluated against epidermal growth factor receptor (EGFr) tyrosine kinase,B,,,BAO_0000190,BAO_0000357,single protein format,Cn1c(=O)c(-c2c(Cl)cccc2Cl)cc2cnc(NCCCN3CCOCC3)nc21,,,CHEMBL1131066,J Med Chem,1998.0,,CHEMBL48172,,CHEMBL48172,,0.0,http://www.openphacts.org/units/Nanomolar,210162.0,>,1.0,1.0,>,,IC50,nM,,5000.0,CHEMBL203,Homo sapiens,Epidermal growth factor receptor,9606.0,,,IC50,uM,UO_0000065,,5.0,5.301029995663981,0.0,329.35900000000004,4.057400000000001,3,4,70.23,4,4,3,O=c1[nH]c2nc(NCCCN3CCOCC3)ncc2cc1-c1ccccc1,False,False,False,False
,,128847.0,[],CHEMBL680019,Inhibitory concentration was evaluated against epidermal growth factor receptor (EGFr) tyrosine kinase,B,,,BAO_0000190,BAO_0000357,single protein format,Cn1c(=O)c(-c2c(Cl)cccc2Cl)cc2cnc(NCCCCCC(=O)O)nc21,,,CHEMBL1131066,J Med Chem,1998.0,"{'bei': '13.78', 'le': '0.28', 'lle': '1.64', 'sei': '6.18'}",CHEMBL113863,,CHEMBL113863,6.0,0.0,http://www.openphacts.org/units/Nanomolar,210173.0,=,1.0,1.0,=,,IC50,nM,,1000.0,CHEMBL203,Homo sapiens,Epidermal growth factor receptor,9606.0,,,IC50,uM,UO_0000065,,1.0,6.0,1.0,329.35900000000004,4.057400000000001,3,4,70.23,4,4,3,O=c1[nH]c2ncncc2cc1-c1ccccc1,False,False,False,False
,,129395.0,[],CHEMBL683041,Inhibition of Epidermal Growth Factor Receptor (EGFR) autophosphorylation,B,,,BAO_0000190,BAO_0000357,single protein format,C#Cc1cccc(Nc2ncnc3cc(OCCOC)c(OCCOC)cc23)c1,,,CHEMBL1135208,Bioorg Med Chem Lett,2002.0,"{'bei': '14.84', 'le': '0.27', 'lle': '2.43', 'sei': '7.81'}",CHEMBL553,ERLOTINIB,CHEMBL553,5.84,0.0,http://www.openphacts.org/units/Nanomolar,182228.0,=,1.0,1.0,=,,IC50,nM,,1450.0,CHEMBL203,Homo sapiens,Epidermal growth factor receptor,9606.0,,,IC50,uM,UO_0000065,,1.45,5.838631997765025,0.0,389.4110000000001,4.074600000000001,3,6,88.69,6,4,3,c1ccc(Nc2ncnc3ccccc23)cc1,False,True,False,False
,,129504.0,[],CHEMBL677391,Inhibition of tyrosine phosphorylation activity of the epidermal growth factor receptor (EGFR) tyrosine kinase from human A-431 carcinoma cell-shed membrane vesicles,B,,,BAO_0000190,BAO_0000019,assay format,CN1C(=S)C(C(=O)Nc2ccccc2)c2cccnc21,,,CHEMBL1127560,J Med Chem,1994.0,,CHEMBL62699,,CHEMBL62699,,0.0,http://www.openphacts.org/units/Nanomolar,109043.0,>,1.0,1.0,>,,IC50,nM,,100000.0,CHEMBL203,Homo sapiens,Epidermal growth factor receptor,9606.0,,,IC50,uM,UO_0000065,,100.0,4.0,0.0,389.4110000000001,4.074600000000001,3,6,88.69,6,4,3,O=C(Nc1ccccc1)C1C(=S)Nc2ncccc21,False,True,False,False
,,129764.0,[],CHEMBL673925,Inhibition of phosphorylation of a polyglutamic acid/tyrosine random copolymer by EGFR enzyme (from human A431 carcinoma cell vesicles),B,,,BAO_0000190,BAO_0000357,single protein format,C=C(C)C(=O)Nc1ccc2ncnc(Nc3cccc(Br)c3)c2c1,,,CHEMBL1134843,J Med Chem,2001.0,"{'bei': '23.28', 'le': '0.51', 'lle': '4.27', 'sei': '13.33'}",CHEMBL92086,,CHEMBL92086,8.92,0.0,http://www.openphacts.org/units/Nanomolar,265490.0,=,1.0,1.0,=,,IC50,nM,,1.2,CHEMBL203,Homo sapiens,Epidermal growth factor receptor,9606.0,,,IC50 app,nM,UO_0000065,,1.2,8.920818753952375,1.0,343.3860000000001,4.081700000000002,2,4,61.440000000000005,4,4,3,c1ccc(Nc2ncnc3ccccc23)cc1,False,True,False,True
,,129765.0,[],CHEMBL677216,Inhibition of autophosphorylation of EGFR in A431 cells,B,,,BAO_0000190,BAO_0000219,cell-based format,C=C(C)C(=O)Nc1ccc2ncnc(Nc3cccc(Br)c3)c2c1,,,CHEMBL1134843,J Med Chem,2001.0,"{'bei': '20.34', 'le': '0.44', 'lle': '3.15', 'sei': '11.65'}",CHEMBL92086,,CHEMBL92086,7.8,0.0,http://www.openphacts.org/units/Nanomolar,265490.0,=,1.0,1.0,=,,IC50,nM,,16.0,CHEMBL203,Homo sapiens,Epidermal growth factor receptor,9606.0,,,IC50,nM,UO_0000065,,16.0,7.795880017344075,1.0,343.3860000000001,4.081700000000002,2,4,61.440000000000005,4,4,3,c1ccc(Nc2ncnc3ccccc23)cc1,False,True,False,True
,,130156.0,[],CHEMBL680019,Inhibitory concentration was evaluated against epidermal growth factor receptor (EGFr) tyrosine kinase,B,,,BAO_0000190,BAO_0000357,single protein format,Cn1c(=O)c(-c2c(Cl)cccc2Cl)cc2cnc(Nc3cccc(C(=O)O)c3)nc21,,,CHEMBL1131066,J Med Chem,1998.0,"{'bei': '15.23', 'le': '0.31', 'lle': '1.98', 'sei': '6.92'}",CHEMBL109631,,CHEMBL109631,6.72,0.0,http://www.openphacts.org/units/Nanomolar,210148.0,=,1.0,1.0,=,,IC50,nM,,190.0,CHEMBL203,Homo sapiens,Epidermal growth factor receptor,9606.0,,,IC50,uM,UO_0000065,,0.19,6.721246399047171,1.0,376.41200000000015,4.747000000000003,2,6,76.66000000000001,6,3,3,O=c1[nH]c2nc(Nc3ccccc3)ncc2cc1-c1ccccc1,False,True,False,False
,,130236.0,[],CHEMBL680030,Tested for inhibition of PLC gamma-derived substrate in Epidermal growth factor receptor stimulated A431 cells,F,,,BAO_0000190,BAO_0000219,cell-based format,CN(C)c1ccc2ncnc(Nc3cccc(Br)c3)c2c1,,,CHEMBL1130057,J Med Chem,1997.0,,CHEMBL52015,,CHEMBL52015,7.08,1.0,http://www.openphacts.org/units/Nanomolar,89159.0,=,1.0,1.0,=,,IC50,nM,,84.0,CHEMBL203,Homo sapiens,Epidermal growth factor receptor,9606.0,,,IC50,nM,UO_0000065,,84.0,7.075720713938118,1.0,344.216,3.596900000000001,1,5,53.94,3,3,3,c1ccc(Nc2ncnc3ccccc23)cc1,False,True,False,False
,,130237.0,[],CHEMBL680030,Tested for inhibition of PLC gamma-derived substrate in Epidermal growth factor receptor stimulated A431 cells,F,,,BAO_0000190,BAO_0000219,cell-based format,CN(C)c1ccc2ncnc(Nc3cccc(Br)c3)c2n1,,,CHEMBL1130057,J Med Chem,1997.0,,CHEMBL53796,,CHEMBL53796,8.02,1.0,http://www.openphacts.org/units/Nanomolar,89156.0,=,1.0,1.0,=,,IC50,nM,,9.6,CHEMBL203,Homo sapiens,Epidermal growth factor receptor,9606.0,,,IC50,nM,UO_0000065,,9.6,8.017728766960431,1.0,344.216,3.596900000000001,1,5,53.94,3,3,3,c1ccc(Nc2ncnc3cccnc23)cc1,False,True,False,False
,,130238.0,[],CHEMBL680031,Tested for inhibition of autophosphorylation in Epidermal growth factor receptor stimulated A431 cells,F,,,BAO_0000190,BAO_0000219,cell-based format,CN(C)c1ccc2ncnc(Nc3cccc(Br)c3)c2n1,,,CHEMBL1130057,J Med Chem,1997.0,,CHEMBL53796,,CHEMBL53796,7.5,1.0,http://www.openphacts.org/units/Nanomolar,89156.0,=,1.0,1.0,=,,IC50,nM,,32.0,CHEMBL203,Homo sapiens,Epidermal growth factor receptor,9606.0,,,IC50,nM,UO_0000065,,32.0,7.494850021680094,1.0,590.7740000000001,8.590840000000002,2,4,68.06,7,6,6,c1ccc(Nc2ncnc3cccnc23)cc1,False,True,False,False
,,130239.0,[],CHEMBL680030,Tested for inhibition of PLC gamma-derived substrate in Epidermal growth factor receptor stimulated A431 cells,F,,,BAO_0000190,BAO_0000219,cell-based format,Nc1cc2c(Nc3cccc(Br)c3)ncnc2cn1,,,CHEMBL1130057,J Med Chem,1997.0,,CHEMBL51853,,CHEMBL51853,9.89,1.0,http://www.openphacts.org/units/Nanomolar,89167.0,=,1.0,1.0,=,,IC50,nM,,0.13,CHEMBL203,Homo sapiens,Epidermal growth factor receptor,9606.0,,,IC50,nM,UO_0000065,,0.13,9.886056647693165,1.0,678.792,7.824600000000006,2,8,120.66000000000004,9,6,6,c1ccc(Nc2ncnc3cnccc23)cc1,False,True,False,False
,,130240.0,[],CHEMBL680031,Tested for inhibition of autophosphorylation in Epidermal growth factor receptor stimulated A431 cells,F,,,BAO_0000190,BAO_0000219,cell-based format,Nc1cc2c(Nc3cccc(Br)c3)ncnc2cn1,,,CHEMBL1130057,J Med Chem,1997.0,,CHEMBL51853,,CHEMBL51853,7.8,1.0,http://www.openphacts.org/units/Nanomolar,89167.0,=,1.0,1.0,=,,IC50,nM,,16.0,CHEMBL203,Homo sapiens,Epidermal growth factor receptor,9606.0,,,IC50,nM,UO_0000065,,16.0,7.795880017344075,1.0,404.5600000000002,6.371100000000004,1,3,34.03,6,4,4,c1ccc(Nc2ncnc3cnccc23)cc1,False,True,False,False
,,130896.0,[],CHEMBL677391,Inhibition of tyrosine phosphorylation activity of the epidermal growth factor receptor (EGFR) tyrosine kinase from human A-431 carcinoma cell-shed membrane vesicles,B,,,BAO_0000190,BAO_0000019,assay format,COc1cccc2c1c(C(=O)Nc1ccccc1)c(SSc1c(C(=O)Nc3ccccc3)c3c(OC)cccc3n1C)n2C,,,CHEMBL1127560,J Med Chem,1994.0,,CHEMBL294205,,CHEMBL294205,,0.0,http://www.openphacts.org/units/Nanomolar,109058.0,>,1.0,1.0,>,,IC50,nM,,100000.0,CHEMBL203,Homo sapiens,Epidermal growth factor receptor,9606.0,,,IC50,uM,UO_0000065,,100.0,4.0,0.0,409.2650000000001,2.2969,2,7,105.07,5,3,3,O=C(Nc1ccccc1)c1c(SSc2[nH]c3ccccc3c2C(=O)Nc2ccccc2)[nH]c2ccccc12,False,True,False,False
,,130899.0,[],CHEMBL677391,Inhibition of tyrosine phosphorylation activity of the epidermal growth factor receptor (EGFR) tyrosine kinase from human A-431 carcinoma cell-shed membrane vesicles,B,,,BAO_0000190,BAO_0000019,assay format,Cn1c(SSc2c(C(=O)Nc3ccccc3)c3ccc(O)cc3n2C)c(C(=O)Nc2ccccc2)c2ccc(O)cc21,,,CHEMBL1127560,J Med Chem,1994.0,"{'bei': '7.33', 'le': '0.14', 'lle': '-3.03', 'sei': '4.01'}",CHEMBL293913,,CHEMBL293913,4.36,0.0,http://www.openphacts.org/units/Nanomolar,109034.0,=,1.0,1.0,=,,IC50,nM,,44000.0,CHEMBL203,Homo sapiens,Epidermal growth factor receptor,9606.0,,,IC50,uM,UO_0000065,,44.0,4.356547323513812,0.0,455.3010000000002,4.673000000000004,2,5,97.11,5,4,4,O=C(Nc1ccccc1)c1c(SSc2[nH]c3ccccc3c2C(=O)Nc2ccccc2)[nH]c2ccccc12,False,True,False,False
,,130926.0,[],CHEMBL676146,Inhibition of EGF-dependent DNA synthesis in ER 22 cells incubated with [3H]TdR,F,,,BAO_0000190,BAO_0000219,cell-based format,COC(=O)c1ccc(NCc2cc(O)ccc2O)cc1O,,,CHEMBL1127084,J Med Chem,1993.0,,CHEMBL133283,,CHEMBL133283,5.0,0.0,http://www.openphacts.org/units/Nanomolar,252390.0,=,1.0,1.0,=,,IC50,nM,,10000.0,CHEMBL203,Homo sapiens,Epidermal growth factor receptor,9606.0,,,IC50,uM,UO_0000065,,10.0,5.0,0.0,427.2910000000001,5.054500000000003,1,5,69.03999999999999,4,4,4,c1ccc(CNc2ccccc2)cc1,False,True,False,False
,,130930.0,[],CHEMBL679549,Inhibitory activity against recombinant tyrosine kinase EGF-R (EGF-R ICD),B,,,BAO_0000190,BAO_0000357,single protein format,Cc1ccc(Nc2cc3c(cc2Nc2ccc(C)cc2)C(=O)NC3=O)cc1,,,CHEMBL1127678,J Med Chem,1994.0,"{'bei': '15.67', 'le': '0.28', 'lle': '0.93', 'sei': '7.98'}",CHEMBL7914,,CHEMBL7914,5.6,0.0,http://www.openphacts.org/units/Nanomolar,2994.0,=,1.0,1.0,=,,IC50,nM,,2500.0,CHEMBL203,Homo sapiens,Epidermal growth factor receptor,9606.0,,,IC50,uM,UO_0000065,,2.5,5.6020599913279625,0.0,425.2940000000002,3.6246,2,7,93.44,7,4,4,O=C1NC(=O)c2cc(Nc3ccccc3)c(Nc3ccccc3)cc21,False,True,False,False
,,130935.0,[],CHEMBL621149,Inhibition of EGF-dependent autophosphorylation of EGF-R in human A431 cells,F,,,BAO_0000190,BAO_0000219,cell-based format,Cc1ccc(Nc2cc3c(cc2Nc2ccc(C)cc2)C(=O)NC3=O)cc1,,,CHEMBL1127678,J Med Chem,1994.0,,CHEMBL7914,,CHEMBL7914,5.35,0.0,http://www.openphacts.org/units/Nanomolar,2994.0,=,1.0,1.0,=,,IC50,nM,,4500.0,CHEMBL203,Homo sapiens,Epidermal growth factor receptor,9606.0,,,IC50,uM,UO_0000065,,4.5,5.346787486224656,0.0,271.272,2.635000000000001,2,5,79.12,3,2,2,O=C1NC(=O)c2cc(Nc3ccccc3)c(Nc3ccccc3)cc21,False,True,False,False
,,130938.0,[],CHEMBL679549,Inhibitory activity against recombinant tyrosine kinase EGF-R (EGF-R ICD),B,,,BAO_0000190,BAO_0000357,single protein format,O=C1NC(=O)c2cc(Nc3ccc(-c4ccccc4)cc3)c(Nc3ccc(-c4ccccc4)cc3)cc21,,,CHEMBL1127678,J Med Chem,1994.0,,CHEMBL7929,,CHEMBL7929,,0.0,http://www.openphacts.org/units/Nanomolar,3003.0,>,1.0,1.0,>,,IC50,nM,,50000.0,CHEMBL203,Homo sapiens,Epidermal growth factor receptor,9606.0,,,IC50,uM,UO_0000065,,50.0,4.301029995663981,0.0,303.3140000000001,2.5051000000000005,3,6,88.02000000000001,5,2,2,O=C1NC(=O)c2cc(Nc3ccc(-c4ccccc4)cc3)c(Nc3ccc(-c4ccccc4)cc3)cc21,False,True,False,False
,,130941.0,[],CHEMBL621149,Inhibition of EGF-dependent autophosphorylation of EGF-R in human A431 cells,F,,,BAO_0000190,BAO_0000219,cell-based format,O=C1NC(=O)c2cc(Nc3ccc(-c4ccccc4)cc3)c(Nc3ccc(-c4ccccc4)cc3)cc21,,,CHEMBL1127678,J Med Chem,1994.0,,CHEMBL7929,,CHEMBL7929,,0.0,http://www.openphacts.org/units/Nanomolar,3003.0,>,1.0,1.0,>,,IC50,nM,,100000.0,CHEMBL203,Homo sapiens,Epidermal growth factor receptor,9606.0,,,IC50,uM,UO_0000065,,100.0,4.0,0.0,448.3540000000004,3.436500000000001,1,6,72.28,6,4,3,O=C1NC(=O)c2cc(Nc3ccc(-c4ccccc4)cc3)c(Nc3ccc(-c4ccccc4)cc3)cc21,False,True,False,False
,,131068.0,[],CHEMBL673925,Inhibition of phosphorylation of a polyglutamic acid/tyrosine random copolymer by EGFR enzyme (from human A431 carcinoma cell vesicles),B,,,BAO_0000190,BAO_0000357,single protein format,CN(C)CCCNC(=O)/C=C/C(=O)Nc1cc2c(Nc3cccc(Br)c3)ncnc2cn1,,,CHEMBL1134843,J Med Chem,2001.0,"{'bei': '17.98', 'le': '0.38', 'lle': '5.87', 'sei': '7.99'}",CHEMBL334801,,CHEMBL334801,8.96,0.0,http://www.openphacts.org/units/Nanomolar,265480.0,=,1.0,1.0,=,,IC50,nM,,1.1,CHEMBL203,Homo sapiens,Epidermal growth factor receptor,9606.0,,,IC50 app,nM,UO_0000065,,1.1,8.958607314841775,1.0,435.3110000000003,4.359200000000002,2,5,97.11,8,3,3,c1ccc(Nc2ncnc3cnccc23)cc1,False,True,False,True
,,131069.0,[],CHEMBL677216,Inhibition of autophosphorylation of EGFR in A431 cells,B,,,BAO_0000190,BAO_0000219,cell-based format,CN(C)CCCNC(=O)/C=C/C(=O)Nc1cc2c(Nc3cccc(Br)c3)ncnc2cn1,,,CHEMBL1134843,J Med Chem,2001.0,"{'bei': '14.54', 'le': '0.31', 'lle': '4.15', 'sei': '6.46'}",CHEMBL334801,,CHEMBL334801,7.24,0.0,http://www.openphacts.org/units/Nanomolar,265480.0,=,1.0,1.0,=,,IC50,nM,,57.0,CHEMBL203,Homo sapiens,Epidermal growth factor receptor,9606.0,,,IC50,nM,UO_0000065,,57.0,7.244125144327507,1.0,393.4430000000002,3.405100000000002,1,7,74.73000000000002,10,3,3,c1ccc(Nc2ncnc3cnccc23)cc1,False,True,False,True
,,131071.0,[],CHEMBL679948,Inhibition of EGF-stimulated autophosphorylation of EGFR in A431 cells,B,,,BAO_0000190,BAO_0000219,cell-based format,CN(C)CCCNC(=O)/C=C/C(=O)Nc1cc2c(Nc3cccc(Br)c3)ncnc2cn1,,,CHEMBL1134843,J Med Chem,2001.0,"{'bei': '14.54', 'le': '0.31', 'lle': '4.15', 'sei': '6.46'}",CHEMBL334801,,CHEMBL334801,7.24,0.0,http://www.openphacts.org/units/Nanomolar,265480.0,=,1.0,1.0,=,,IC50,nM,,57.0,CHEMBL203,Homo sapiens,Epidermal growth factor receptor,9606.0,,,IC50,nM,UO_0000065,,57.0,7.244125144327507,1.0,283.35600000000005,2.581100000000001,1,3,45.23,2,3,2,c1ccc(Nc2ncnc3cnccc23)cc1,False,True,False,True
,,131441.0,[],CHEMBL680019,Inhibitory concentration was evaluated against epidermal growth factor receptor (EGFr) tyrosine kinase,B,,,BAO_0000190,BAO_0000357,single protein format,Cn1c(=O)c(-c2c(Cl)cccc2Cl)cc2cnc(NCCO)nc21,,,CHEMBL1131066,J Med Chem,1998.0,,CHEMBL111618,,CHEMBL111618,,0.0,http://www.openphacts.org/units/Nanomolar,210166.0,>,1.0,1.0,>,,IC50,nM,,5000.0,CHEMBL203,Homo sapiens,Epidermal growth factor receptor,9606.0,,,IC50,uM,UO_0000065,,5.0,5.301029995663981,0.0,383.249,4.650500000000003,2,4,66.91,4,3,3,O=c1[nH]c2ncncc2cc1-c1ccccc1,False,False,False,False
,,131445.0,[],CHEMBL680019,Inhibitory concentration was evaluated against epidermal growth factor receptor (EGFr) tyrosine kinase,B,,,BAO_0000190,BAO_0000357,single protein format,Cn1c(=O)c(-c2c(Cl)cccc2Cl)cc2cnc(Nc3cccnc3)nc21,,,CHEMBL1131066,J Med Chem,1998.0,"{'bei': '15.80', 'le': '0.32', 'lle': '1.85', 'sei': '8.66'}",CHEMBL325589,,CHEMBL325589,6.29,0.0,http://www.openphacts.org/units/Nanomolar,210170.0,=,1.0,1.0,=,,IC50,nM,,510.0,CHEMBL203,Homo sapiens,Epidermal growth factor receptor,9606.0,,,IC50,uM,UO_0000065,,0.51,6.292429823902063,1.0,383.249,4.650500000000003,2,4,66.91,4,3,3,O=c1[nH]c2nc(Nc3cccnc3)ncc2cc1-c1ccccc1,False,False,False,False
,,132037.0,[],CHEMBL683041,Inhibition of Epidermal Growth Factor Receptor (EGFR) autophosphorylation,B,,,BAO_0000190,BAO_0000357,single protein format,COc1cc2ncc(C#N)c(Nc3ccc(F)c(Cl)c3)c2cc1OCCCN1CCOCC1,,,CHEMBL1135208,Bioorg Med Chem Lett,2002.0,"{'bei': '12.70', 'le': '0.25', 'lle': '1.23', 'sei': '7.51'}",CHEMBL99024,,CHEMBL99024,5.98,0.0,http://www.openphacts.org/units/Nanomolar,182224.0,=,1.0,1.0,=,,IC50,nM,,1040.0,CHEMBL203,Homo sapiens,Epidermal growth factor receptor,9606.0,,,IC50,uM,UO_0000065,,1.04,5.982966660701219,0.0,441.27400000000017,4.744100000000002,2,5,97.11,4,4,4,c1ccc(Nc2ccnc3ccc(OCCCN4CCOCC4)cc23)cc1,False,True,False,False
,,132094.0,[],CHEMBL677391,Inhibition of tyrosine phosphorylation activity of the epidermal growth factor receptor (EGFR) tyrosine kinase from human A-431 carcinoma cell-shed membrane vesicles,B,,,BAO_0000190,BAO_0000019,assay format,CC(=O)Oc1cccc2c1c(C(=O)Nc1ccccc1)c(SSc1c(C(=O)Nc3ccccc3)c3c(OC(C)=O)cccc3n1C)n2C,,,CHEMBL1127560,J Med Chem,1994.0,"{'bei': '6.92', 'le': '0.13', 'lle': '-3.12', 'sei': '3.89'}",CHEMBL59812,,CHEMBL59812,4.7,0.0,http://www.openphacts.org/units/Nanomolar,109056.0,=,1.0,1.0,=,,IC50,nM,,20000.0,CHEMBL203,Homo sapiens,Epidermal growth factor receptor,9606.0,,,IC50,uM,UO_0000065,,20.0,4.698970004336019,0.0,343.228,4.201900000000003,1,4,41.05,3,3,3,O=C(Nc1ccccc1)c1c(SSc2[nH]c3ccccc3c2C(=O)Nc2ccccc2)[nH]c2ccccc12,False,True,False,False
,,132136.0,[],CHEMBL676146,Inhibition of EGF-dependent DNA synthesis in ER 22 cells incubated with [3H]TdR,F,,,BAO_0000190,BAO_0000219,cell-based format,COC(=O)c1cc(NCc2ccc(O)cc2)ccc1O,,,CHEMBL1127084,J Med Chem,1993.0,,CHEMBL130337,,CHEMBL130337,,0.0,http://www.openphacts.org/units/Nanomolar,252391.0,>,1.0,1.0,>,,IC50,nM,,10000.0,CHEMBL203,Homo sapiens,Epidermal growth factor receptor,9606.0,,,IC50,uM,UO_0000065,,10.0,5.0,0.0,344.216,3.596900000000001,1,5,53.940000000000005,3,3,3,c1ccc(CNc2ccccc2)cc1,False,True,False,False
,,132358.0,[],CHEMBL673925,Inhibition of phosphorylation of a polyglutamic acid/tyrosine random copolymer by EGFR enzyme (from human A431 carcinoma cell vesicles),B,,,BAO_0000190,BAO_0000357,single protein format,O=C(/C=C/c1ccccc1)Nc1cc2c(Nc3cccc(Br)c3)ncnc2cn1,,,CHEMBL1134843,J Med Chem,2001.0,"{'bei': '18.02', 'le': '0.38', 'lle': '2.86', 'sei': '10.08'}",CHEMBL434828,,CHEMBL434828,8.04,0.0,http://www.openphacts.org/units/Nanomolar,265465.0,=,1.0,1.0,=,,IC50,nM,,9.1,CHEMBL203,Homo sapiens,Epidermal growth factor receptor,9606.0,,,IC50 app,nM,UO_0000065,,9.1,8.040958607678906,1.0,344.216,3.596900000000001,1,5,53.940000000000005,3,3,3,O=C(/C=C/c1ccccc1)Nc1cc2c(Nc3ccccc3)ncnc2cn1,False,True,False,True
,,132359.0,[],CHEMBL677216,Inhibition of autophosphorylation of EGFR in A431 cells,B,,,BAO_0000190,BAO_0000219,cell-based format,O=C(/C=C/c1ccccc1)Nc1cc2c(Nc3cccc(Br)c3)ncnc2cn1,,,CHEMBL1134843,J Med Chem,2001.0,"{'bei': '15.94', 'le': '0.34', 'lle': '1.93', 'sei': '8.91'}",CHEMBL434828,,CHEMBL434828,7.11,0.0,http://www.openphacts.org/units/Nanomolar,265465.0,=,1.0,1.0,=,,IC50,nM,,77.0,CHEMBL203,Homo sapiens,Epidermal growth factor receptor,9606.0,,,IC50,nM,UO_0000065,,77.0,7.113509274827518,1.0,316.16200000000003,3.113100000000001,2,5,76.72,2,3,3,O=C(/C=C/c1ccccc1)Nc1cc2c(Nc3ccccc3)ncnc2cn1,False,True,False,True
,,132779.0,[],CHEMBL680019,Inhibitory concentration was evaluated against epidermal growth factor receptor (EGFr) tyrosine kinase,B,,,BAO_0000190,BAO_0000357,single protein format,Cn1c(=O)c(-c2c(Cl)cccc2Cl)cc2cnc(N)nc21,,,CHEMBL1131066,J Med Chem,1998.0,"{'bei': '16.35', 'le': '0.34', 'lle': '2.37', 'sei': '7.12'}",CHEMBL49596,,CHEMBL49596,5.25,1.0,http://www.openphacts.org/units/Nanomolar,210157.0,=,1.0,1.0,=,,IC50,nM,,5600.0,CHEMBL203,Homo sapiens,Epidermal growth factor receptor,9606.0,,,IC50,uM,UO_0000065,,5.6,5.251811972993799,0.0,316.16200000000003,3.113100000000001,2,5,76.72,2,3,3,O=c1[nH]c2ncncc2cc1-c1ccccc1,False,False,False,False
,,132844.0,[],CHEMBL680030,Tested for inhibition of PLC gamma-derived substrate in Epidermal growth factor receptor stimulated A431 cells,F,,,BAO_0000190,BAO_0000219,cell-based format,COc1ccc2ncnc(Nc3cccc(Br)c3)c2n1,,,CHEMBL1130057,J Med Chem,1997.0,,CHEMBL50519,,CHEMBL50519,8.37,1.0,http://www.openphacts.org/units/Nanomolar,89155.0,=,1.0,1.0,=,,IC50,nM,,4.3,CHEMBL203,Homo sapiens,Epidermal growth factor receptor,9606.0,,,IC50,nM,UO_0000065,,4.3,8.366531544420413,1.0,622.772,7.991200000000004,2,6,86.52000000000001,9,6,6,c1ccc(Nc2ncnc3cccnc23)cc1,False,True,False,False
,,133312.0,[],CHEMBL677391,Inhibition of tyrosine phosphorylation activity of the epidermal growth factor receptor (EGFR) tyrosine kinase from human A-431 carcinoma cell-shed membrane vesicles,B,,,BAO_0000190,BAO_0000019,assay format,Cn1c(SSc2c(C(=O)Nc3ccccc3)c3cc(F)ccc3n2C)c(C(=O)Nc2ccccc2)c2cc(F)ccc21,,,CHEMBL1127560,J Med Chem,1994.0,,CHEMBL63455,,CHEMBL63455,,0.0,http://www.openphacts.org/units/Nanomolar,109029.0,>,1.0,1.0,>,,IC50,nM,,100000.0,CHEMBL203,Homo sapiens,Epidermal growth factor receptor,9606.0,,,IC50,uM,UO_0000065,,100.0,4.0,0.0,594.7180000000003,7.385200000000005,4,6,108.52,7,6,6,O=C(Nc1ccccc1)c1c(SSc2[nH]c3ccccc3c2C(=O)Nc2ccccc2)[nH]c2ccccc12,False,True,False,False
,,133314.0,[],CHEMBL677391,Inhibition of tyrosine phosphorylation activity of the epidermal growth factor receptor (EGFR) tyrosine kinase from human A-431 carcinoma cell-shed membrane vesicles,B,,,BAO_0000190,BAO_0000019,assay format,Cn1c(SSc2c(C(=O)Nc3ccccc3)c3cc(O)ccc3n2C)c(C(=O)Nc2ccccc2)c2cc(O)ccc21,,,CHEMBL1127560,J Med Chem,1994.0,"{'bei': '7.39', 'le': '0.14', 'lle': '-3.00', 'sei': '4.05'}",CHEMBL293250,,CHEMBL293250,4.39,0.0,http://www.openphacts.org/units/Nanomolar,109032.0,=,1.0,1.0,=,,IC50,nM,,40500.0,CHEMBL203,Homo sapiens,Epidermal growth factor receptor,9606.0,,,IC50,uM,UO_0000065,,40.5,4.392544976785332,0.0,289.28700000000003,2.2021,4,6,99.02,4,2,2,O=C(Nc1ccccc1)c1c(SSc2[nH]c3ccccc3c2C(=O)Nc2ccccc2)[nH]c2ccccc12,False,True,False,False
,,133316.0,[],CHEMBL677391,Inhibition of tyrosine phosphorylation activity of the epidermal growth factor receptor (EGFR) tyrosine kinase from human A-431 carcinoma cell-shed membrane vesicles,B,,,BAO_0000190,BAO_0000019,assay format,Cn1c(SSc2c(C(=O)Nc3ccccc3)c3cccnc3n2C)c(C(=O)Nc2ccccc2)c2cccnc21,,,CHEMBL1127560,J Med Chem,1994.0,"{'bei': '8.24', 'le': '0.16', 'lle': '-2.11', 'sei': '4.96'}",CHEMBL62701,,CHEMBL62701,4.65,0.0,http://www.openphacts.org/units/Nanomolar,109046.0,=,1.0,1.0,=,,IC50,nM,,22300.0,CHEMBL203,Homo sapiens,Epidermal growth factor receptor,9606.0,,,IC50,uM,UO_0000065,,22.3,4.651695136951839,0.0,357.4130000000001,4.674240000000003,3,4,70.22999999999999,4,4,3,O=C(Nc1ccccc1)c1c(SSc2[nH]c3ncccc3c2C(=O)Nc2ccccc2)[nH]c2ncccc12,False,True,False,False
,,133541.0,[],CHEMBL673925,Inhibition of phosphorylation of a polyglutamic acid/tyrosine random copolymer by EGFR enzyme (from human A431 carcinoma cell vesicles),B,,,BAO_0000190,BAO_0000357,single protein format,C=CC(=O)Nc1cc2c(Nc3cccc(Br)c3)ncnc2cn1,,,CHEMBL1134843,J Med Chem,2001.0,"{'bei': '24.42', 'le': '0.54', 'lle': '5.38', 'sei': '11.33'}",CHEMBL51659,,CHEMBL51659,9.04,1.0,http://www.openphacts.org/units/Nanomolar,265459.0,=,1.0,1.0,=,,IC50,nM,,0.91,CHEMBL203,Homo sapiens,Epidermal growth factor receptor,9606.0,,,IC50 app,nM,UO_0000065,,0.91,9.040958607678906,1.0,357.4130000000001,4.674240000000003,3,4,70.22999999999999,4,4,3,c1ccc(Nc2ncnc3cnccc23)cc1,False,True,False,True
,,133542.0,[],CHEMBL677216,Inhibition of autophosphorylation of EGFR in A431 cells,B,,,BAO_0000190,BAO_0000219,cell-based format,C=CC(=O)Nc1cc2c(Nc3cccc(Br)c3)ncnc2cn1,,,CHEMBL1134843,J Med Chem,2001.0,"{'bei': '22.87', 'le': '0.50', 'lle': '4.81', 'sei': '10.61'}",CHEMBL51659,,CHEMBL51659,8.47,1.0,http://www.openphacts.org/units/Nanomolar,265459.0,=,1.0,1.0,=,,IC50,nM,,3.4,CHEMBL203,Homo sapiens,Epidermal growth factor receptor,9606.0,,,IC50,nM,UO_0000065,,3.4,8.468521082957745,1.0,481.5550000000002,7.391400000000005,3,4,70.23,6,6,5,c1ccc(Nc2ncnc3cnccc23)cc1,False,True,False,True
,,133544.0,[],CHEMBL673925,Inhibition of phosphorylation of a polyglutamic acid/tyrosine random copolymer by EGFR enzyme (from human A431 carcinoma cell vesicles),B,,,BAO_0000190,BAO_0000357,single protein format,O=C(/C=C/C(F)(F)F)Nc1ccc2ncnc(Nc3cccc(Br)c3)c2c1,,,CHEMBL1134843,J Med Chem,2001.0,"{'bei': '20.03', 'le': '0.44', 'lle': '3.57', 'sei': '13.09'}",CHEMBL135142,,CHEMBL135142,8.76,0.0,http://www.openphacts.org/units/Nanomolar,265468.0,=,1.0,1.0,=,,IC50,nM,,1.75,CHEMBL203,Homo sapiens,Epidermal growth factor receptor,9606.0,,,IC50 app,nM,UO_0000065,,1.75,8.756961951313706,1.0,481.5550000000002,7.391400000000005,3,4,70.23,6,6,5,c1ccc(Nc2ncnc3ccccc23)cc1,False,True,False,True
,,133545.0,[],CHEMBL677216,Inhibition of autophosphorylation of EGFR in A431 cells,B,,,BAO_0000190,BAO_0000219,cell-based format,O=C(/C=C/C(F)(F)F)Nc1ccc2ncnc(Nc3cccc(Br)c3)c2c1,,,CHEMBL1134843,J Med Chem,2001.0,"{'bei': '17.05', 'le': '0.38', 'lle': '2.27', 'sei': '11.14'}",CHEMBL135142,,CHEMBL135142,7.46,0.0,http://www.openphacts.org/units/Nanomolar,265468.0,=,1.0,1.0,=,,IC50,nM,,35.0,CHEMBL203,Homo sapiens,Epidermal growth factor receptor,9606.0,,,IC50,nM,UO_0000065,,35.0,7.455931955649724,1.0,498.3850000000001,3.0935000000000006,3,7,112.14,9,3,3,c1ccc(Nc2ncnc3ccccc23)cc1,False,True,False,True
,,133547.0,[],CHEMBL673925,Inhibition of phosphorylation of a polyglutamic acid/tyrosine random copolymer by EGFR enzyme (from human A431 carcinoma cell vesicles),B,,,BAO_0000190,BAO_0000357,single protein format,C=C=CC(=O)Nc1ccc2ncnc(Nc3cccc(Br)c3)c2c1,,,CHEMBL1134843,J Med Chem,2001.0,"{'bei': '23.07', 'le': '0.50', 'lle': '4.38', 'sei': '13.15'}",CHEMBL343722,,CHEMBL343722,8.8,0.0,http://www.openphacts.org/units/Nanomolar,265466.0,=,1.0,1.0,=,,IC50,nM,,1.6,CHEMBL203,Homo sapiens,Epidermal growth factor receptor,9606.0,,,IC50 app,nM,UO_0000065,,1.6,8.795880017344075,1.0,498.3850000000001,3.0935000000000006,3,7,112.14,9,3,3,c1ccc(Nc2ncnc3ccccc23)cc1,False,True,False,True
,,133548.0,[],CHEMBL677216,Inhibition of autophosphorylation of EGFR in A431 cells,B,,,BAO_0000190,BAO_0000219,cell-based format,C=C=CC(=O)Nc1ccc2ncnc(Nc3cccc(Br)c3)c2c1,,,CHEMBL1134843,J Med Chem,2001.0,"{'bei': '18.15', 'le': '0.39', 'lle': '2.50', 'sei': '10.34'}",CHEMBL343722,,CHEMBL343722,6.92,0.0,http://www.openphacts.org/units/Nanomolar,265466.0,=,1.0,1.0,=,,IC50,nM,,120.0,CHEMBL203,Homo sapiens,Epidermal growth factor receptor,9606.0,,,IC50,nM,UO_0000065,,120.0,6.920818753952375,1.0,498.3850000000001,3.0935000000000006,3,7,112.14,9,3,3,c1ccc(Nc2ncnc3ccccc23)cc1,False,True,False,True
,,133984.0,[],CHEMBL680019,Inhibitory concentration was evaluated against epidermal growth factor receptor (EGFr) tyrosine kinase,B,,,BAO_0000190,BAO_0000357,single protein format,CCn1c(=O)c(-c2c(Cl)cccc2Cl)cc2cnc(Nc3ccncc3)nc21,,,CHEMBL1131066,J Med Chem,1998.0,"{'bei': '15.30', 'le': '0.31', 'lle': '1.39', 'sei': '8.68'}",CHEMBL448154,,CHEMBL448154,6.31,0.0,http://www.openphacts.org/units/Nanomolar,210195.0,=,1.0,1.0,=,,IC50,nM,,490.0,CHEMBL203,Homo sapiens,Epidermal growth factor receptor,9606.0,,,IC50,uM,UO_0000065,,0.49,6.309803919971486,1.0,365.22000000000014,2.706500000000001,2,5,80.04,4,3,3,O=c1[nH]c2nc(Nc3ccncc3)ncc2cc1-c1ccccc1,False,False,False,False
,,134564.0,[],CHEMBL677391,Inhibition of tyrosine phosphorylation activity of the epidermal growth factor receptor (EGFR) tyrosine kinase from human A-431 carcinoma cell-shed membrane vesicles,B,,,BAO_0000190,BAO_0000019,assay format,Cn1c(SSc2c(C(=O)Nc3ccccc3)c3ccc(Cl)cc3n2C)c(C(=O)Nc2ccccc2)c2ccc(Cl)cc21,,,CHEMBL1127560,J Med Chem,1994.0,,CHEMBL303127,,CHEMBL303127,,0.0,http://www.openphacts.org/units/Nanomolar,109038.0,>,1.0,1.0,>,,IC50,nM,,100000.0,CHEMBL203,Homo sapiens,Epidermal growth factor receptor,9606.0,,,IC50,uM,UO_0000065,,100.0,4.0,0.0,398.2530000000001,4.440900000000003,1,5,72.7,3,4,4,O=C(Nc1ccccc1)c1c(SSc2[nH]c3ccccc3c2C(=O)Nc2ccccc2)[nH]c2ccccc12,False,True,False,False
,,135131.0,[],CHEMBL680019,Inhibitory concentration was evaluated against epidermal growth factor receptor (EGFr) tyrosine kinase,B,,,BAO_0000190,BAO_0000357,single protein format,CCN(CC)CCCNc1ncc2cc(-c3c(Cl)cccc3Cl)c(=O)n(C)c2n1,,,CHEMBL1131066,J Med Chem,1998.0,"{'bei': '13.48', 'le': '0.28', 'lle': '1.40', 'sei': '9.28'}",CHEMBL50470,,CHEMBL50470,5.85,1.0,http://www.openphacts.org/units/Nanomolar,210163.0,=,1.0,1.0,=,,IC50,nM,,1400.0,CHEMBL203,Homo sapiens,Epidermal growth factor receptor,9606.0,,,IC50,uM,UO_0000065,,1.4,5.853871964321762,0.0,470.9320000000004,4.752280000000004,1,7,79.64,8,4,3,O=c1[nH]c2ncncc2cc1-c1ccccc1,False,False,False,False
,,135135.0,[],CHEMBL680019,Inhibitory concentration was evaluated against epidermal growth factor receptor (EGFr) tyrosine kinase,B,,,BAO_0000190,BAO_0000357,single protein format,CN1CCN(CCCCNc2ncc3cc(-c4c(Cl)cccc4Cl)c(=O)n(C)c3n2)CC1,,,CHEMBL1131066,J Med Chem,1998.0,"{'bei': '14.05', 'le': '0.29', 'lle': '2.94', 'sei': '10.07'}",CHEMBL104244,,CHEMBL104244,6.68,0.0,http://www.openphacts.org/units/Nanomolar,210160.0,=,1.0,1.0,=,,IC50,nM,,210.0,CHEMBL203,Homo sapiens,Epidermal growth factor receptor,9606.0,,,IC50,uM,UO_0000065,,0.21,6.6777807052660805,1.0,678.792,7.824600000000006,2,8,120.66000000000004,9,6,6,O=c1[nH]c2nc(NCCCCN3CCNCC3)ncc2cc1-c1ccccc1,False,False,False,False
,,135211.0,[],CHEMBL679947,"Inhibition of phosphorylation of phospholipase C gamma1 by Epidermal growth factor receptor, from human A431 carcinoma cell vesicles",F,,,BAO_0000190,BAO_0000019,assay format,CN(C)c1ncc2ncnc(Nc3cccc(Br)c3)c2n1,,,CHEMBL1130057,J Med Chem,1997.0,,CHEMBL53777,,CHEMBL53777,9.02,0.0,http://www.openphacts.org/units/Nanomolar,89144.0,=,1.0,1.0,=,,IC50,nM,,0.95,CHEMBL203,Homo sapiens,Epidermal growth factor receptor,9606.0,,,IC50,nM,UO_0000065,,0.95,9.022276394711152,1.0,273.28800000000007,2.4965000000000006,3,5,78.79,4,2,2,c1ccc(Nc2ncnc3cncnc23)cc1,False,True,False,False
,,135212.0,[],CHEMBL680026,Tested for ability to inhibit autophosphorylation of the Epidermal growth factor receptor in human epidermoid carcinoma cells,F,,,BAO_0000190,BAO_0000019,assay format,CN(C)c1ncc2ncnc(Nc3cccc(Br)c3)c2n1,,,CHEMBL1130057,J Med Chem,1997.0,,CHEMBL53777,,CHEMBL53777,7.66,0.0,http://www.openphacts.org/units/Nanomolar,89144.0,=,1.0,1.0,=,,IC50,nM,,22.0,CHEMBL203,Homo sapiens,Epidermal growth factor receptor,9606.0,,,IC50,nM,UO_0000065,,22.0,7.657577319177793,1.0,446.3080000000001,5.182800000000003,2,5,79.8,5,4,4,c1ccc(Nc2ncnc3cncnc23)cc1,False,True,False,False
,,135765.0,[],CHEMBL677391,Inhibition of tyrosine phosphorylation activity of the epidermal growth factor receptor (EGFR) tyrosine kinase from human A-431 carcinoma cell-shed membrane vesicles,B,,,BAO_0000190,BAO_0000019,assay format,Cn1c(SSc2c(C(=O)Nc3ccccc3)c3cc(Cl)ccc3n2C)c(C(=O)Nc2ccccc2)c2cc(Cl)ccc21,,,CHEMBL1127560,J Med Chem,1994.0,"{'bei': '8.50', 'le': '0.17', 'lle': '-3.91', 'sei': '7.89'}",CHEMBL293889,,CHEMBL293889,5.37,0.0,http://www.openphacts.org/units/Nanomolar,109055.0,=,1.0,1.0,=,,IC50,nM,,4300.0,CHEMBL203,Homo sapiens,Epidermal growth factor receptor,9606.0,,,IC50,uM,UO_0000065,,4.3,5.366531544420414,0.0,446.3080000000001,5.182800000000003,2,5,79.8,5,4,4,O=C(Nc1ccccc1)c1c(SSc2[nH]c3ccccc3c2C(=O)Nc2ccccc2)[nH]c2ccccc12,False,True,False,False
,,135767.0,[],CHEMBL677391,Inhibition of tyrosine phosphorylation activity of the epidermal growth factor receptor (EGFR) tyrosine kinase from human A-431 carcinoma cell-shed membrane vesicles,B,,,BAO_0000190,BAO_0000019,assay format,Cn1c(SSc2c(C(=O)Nc3ccccc3)c3cc(C(F)(F)F)ccc3n2C)c(C(=O)Nc2ccccc2)c2cc(C(F)(F)F)ccc21,,,CHEMBL1127560,J Med Chem,1994.0,,CHEMBL61278,,CHEMBL61278,,0.0,http://www.openphacts.org/units/Nanomolar,109041.0,>,1.0,1.0,>,,IC50,nM,,100000.0,CHEMBL203,Homo sapiens,Epidermal growth factor receptor,9606.0,,,IC50,uM,UO_0000065,,100.0,4.0,0.0,321.1670000000001,2.8845,1,4,73.8,1,3,3,O=C(Nc1ccccc1)c1c(SSc2[nH]c3ccccc3c2C(=O)Nc2ccccc2)[nH]c2ccccc12,False,True,False,False
,,135801.0,[],CHEMBL679549,Inhibitory activity against recombinant tyrosine kinase EGF-R (EGF-R ICD),B,,,BAO_0000190,BAO_0000357,single protein format,N#Cc1ccc(Nc2cc3c(cc2Nc2ccc(C#N)cc2)C(=O)NC3=O)cc1,,,CHEMBL1127678,J Med Chem,1994.0,,CHEMBL267869,,CHEMBL267869,,0.0,http://www.openphacts.org/units/Nanomolar,2995.0,>,1.0,1.0,>,,IC50,nM,,100000.0,CHEMBL203,Homo sapiens,Epidermal growth factor receptor,9606.0,,,IC50,uM,UO_0000065,,100.0,4.0,0.0,331.17300000000006,3.539500000000002,1,5,59.93000000000001,3,3,3,O=C1NC(=O)c2cc(Nc3ccccc3)c(Nc3ccccc3)cc21,False,True,False,False
,,136079.0,[],CHEMBL673925,Inhibition of phosphorylation of a polyglutamic acid/tyrosine random copolymer by EGFR enzyme (from human A431 carcinoma cell vesicles),B,,,BAO_0000190,BAO_0000357,single protein format,CN(C)CCCOC(=O)/C=C/C(=O)Nc1ccc2ncnc(Nc3cccc(Br)c3)c2c1,,,CHEMBL1134843,J Med Chem,2001.0,"{'bei': '17.30', 'le': '0.37', 'lle': '4.49', 'sei': '8.94'}",CHEMBL140561,,CHEMBL140561,8.62,0.0,http://www.openphacts.org/units/Nanomolar,265482.0,=,1.0,1.0,=,,IC50,nM,,2.4,CHEMBL203,Homo sapiens,Epidermal growth factor receptor,9606.0,,,IC50 app,nM,UO_0000065,,2.4,8.619788758288394,1.0,598.7000000000003,8.252200000000002,2,4,68.06,7,6,6,c1ccc(Nc2ncnc3ccccc23)cc1,False,True,False,True
,,136080.0,[],CHEMBL677216,Inhibition of autophosphorylation of EGFR in A431 cells,B,,,BAO_0000190,BAO_0000219,cell-based format,CN(C)CCCOC(=O)/C=C/C(=O)Nc1ccc2ncnc(Nc3cccc(Br)c3)c2c1,,,CHEMBL1134843,J Med Chem,2001.0,"{'bei': '13.98', 'le': '0.30', 'lle': '2.84', 'sei': '7.22'}",CHEMBL140561,,CHEMBL140561,6.97,0.0,http://www.openphacts.org/units/Nanomolar,265482.0,=,1.0,1.0,=,,IC50,nM,,108.0,CHEMBL203,Homo sapiens,Epidermal growth factor receptor,9606.0,,,IC50,nM,UO_0000065,,108.0,6.966576244513051,1.0,594.7180000000003,7.385200000000005,4,6,108.52,7,6,6,c1ccc(Nc2ncnc3ccccc23)cc1,False,True,False,True
,,136082.0,[],CHEMBL679948,Inhibition of EGF-stimulated autophosphorylation of EGFR in A431 cells,B,,,BAO_0000190,BAO_0000219,cell-based format,CN(C)CCCOC(=O)/C=C/C(=O)Nc1ccc2ncnc(Nc3cccc(Br)c3)c2c1,,,CHEMBL1134843,J Med Chem,2001.0,"{'bei': '13.98', 'le': '0.30', 'lle': '2.84', 'sei': '7.22'}",CHEMBL140561,,CHEMBL140561,6.97,0.0,http://www.openphacts.org/units/Nanomolar,265482.0,=,1.0,1.0,=,,IC50,nM,,108.0,CHEMBL203,Homo sapiens,Epidermal growth factor receptor,9606.0,,,IC50,nM,UO_0000065,,108.0,6.966576244513051,1.0,564.6960000000003,6.764000000000005,2,6,93.84,7,6,6,c1ccc(Nc2ncnc3ccccc23)cc1,False,True,False,True
,,136084.0,[],CHEMBL673925,Inhibition of phosphorylation of a polyglutamic acid/tyrosine random copolymer by EGFR enzyme (from human A431 carcinoma cell vesicles),B,,,BAO_0000190,BAO_0000357,single protein format,C=C[S+]([O-])c1cc2c(Nc3cccc(Br)c3)ncnc2cn1,,,CHEMBL1134843,J Med Chem,2001.0,"{'bei': '22.22', 'le': '0.52', 'lle': '4.56', 'sei': '11.30'}",CHEMBL345077,,CHEMBL345077,8.34,0.0,http://www.openphacts.org/units/Nanomolar,265470.0,=,1.0,1.0,=,,IC50,nM,,4.6,CHEMBL203,Homo sapiens,Epidermal growth factor receptor,9606.0,,,IC50 app,nM,UO_0000065,,4.6,8.337242168318426,1.0,370.21,3.655400000000002,2,5,79.8,4,3,3,c1ccc(Nc2ncnc3cnccc23)cc1,False,True,False,False
,,136085.0,[],CHEMBL677216,Inhibition of autophosphorylation of EGFR in A431 cells,B,,,BAO_0000190,BAO_0000219,cell-based format,C=C[S+]([O-])c1cc2c(Nc3cccc(Br)c3)ncnc2cn1,,,CHEMBL1134843,J Med Chem,2001.0,"{'bei': '17.24', 'le': '0.40', 'lle': '2.69', 'sei': '8.77'}",CHEMBL345077,,CHEMBL345077,6.47,0.0,http://www.openphacts.org/units/Nanomolar,265470.0,=,1.0,1.0,=,,IC50,nM,,340.0,CHEMBL203,Homo sapiens,Epidermal growth factor receptor,9606.0,,,IC50,nM,UO_0000065,,340.0,6.468521082957745,1.0,370.21,3.655400000000002,2,5,79.8,4,3,3,c1ccc(Nc2ncnc3cnccc23)cc1,False,True,False,False
,,136425.0,[],CHEMBL680019,Inhibitory concentration was evaluated against epidermal growth factor receptor (EGFr) tyrosine kinase,B,,,BAO_0000190,BAO_0000357,single protein format,CNc1ncc2cc(-c3c(Cl)cccc3Cl)c(=O)n(C)c2n1,,,CHEMBL1131066,J Med Chem,1998.0,"{'bei': '15.29', 'le': '0.32', 'lle': '1.78', 'sei': '8.57'}",CHEMBL107472,,CHEMBL107472,5.12,0.0,http://www.openphacts.org/units/Nanomolar,210153.0,=,1.0,1.0,=,,IC50,nM,,7500.0,CHEMBL203,Homo sapiens,Epidermal growth factor receptor,9606.0,,,IC50,uM,UO_0000065,,7.5,5.1249387366083,0.0,437.21900000000016,5.192900000000002,2,4,66.91,4,3,3,O=c1[nH]c2ncncc2cc1-c1ccccc1,False,False,False,False
,,136429.0,[],CHEMBL680019,Inhibitory concentration was evaluated against epidermal growth factor receptor (EGFr) tyrosine kinase,B,,,BAO_0000190,BAO_0000357,single protein format,Cn1c(=O)c(-c2c(Cl)cccc2Cl)cc2cnc(NCc3ccccn3)nc21,,,CHEMBL1131066,J Med Chem,1998.0,,CHEMBL326041,,CHEMBL326041,,0.0,http://www.openphacts.org/units/Nanomolar,210176.0,>,1.0,1.0,>,,IC50,nM,,5000.0,CHEMBL203,Homo sapiens,Epidermal growth factor receptor,9606.0,,,IC50,uM,UO_0000065,,5.0,5.301029995663981,0.0,437.21900000000016,5.192900000000002,2,4,66.91,4,3,3,O=c1[nH]c2nc(NCc3ccccn3)ncc2cc1-c1ccccc1,False,False,False,False
,,136433.0,[],CHEMBL680019,Inhibitory concentration was evaluated against epidermal growth factor receptor (EGFr) tyrosine kinase,B,,,BAO_0000190,BAO_0000357,single protein format,Cn1c(=O)c(-c2c(Cl)cccc2Cl)cc2cnc(Nc3ccc(Cl)cc3)nc21,,,CHEMBL1131066,J Med Chem,1998.0,,CHEMBL111247,,CHEMBL111247,,0.0,http://www.openphacts.org/units/Nanomolar,210194.0,>,1.0,1.0,>,,IC50,nM,,5000.0,CHEMBL203,Homo sapiens,Epidermal growth factor receptor,9606.0,,,IC50,uM,UO_0000065,,5.0,5.301029995663981,0.0,381.23300000000006,4.415500000000002,2,4,66.91,4,3,3,O=c1[nH]c2nc(Nc3ccccc3)ncc2cc1-c1ccccc1,False,True,False,False
,,137102.0,[],CHEMBL673925,Inhibition of phosphorylation of a polyglutamic acid/tyrosine random copolymer by EGFR enzyme (from human A431 carcinoma cell vesicles),B,,,BAO_0000190,BAO_0000357,single protein format,C=C/C=C/C(=O)Nc1cc2c(Nc3cccc(Br)c3)ncnc2cn1,,,CHEMBL1134843,J Med Chem,2001.0,"{'bei': '22.61', 'le': '0.49', 'lle': '4.75', 'sei': '11.23'}",CHEMBL139044,,CHEMBL139044,8.96,0.0,http://www.openphacts.org/units/Nanomolar,265467.0,=,1.0,1.0,=,,IC50,nM,,1.1,CHEMBL203,Homo sapiens,Epidermal growth factor receptor,9606.0,,,IC50 app,nM,UO_0000065,,1.1,8.958607314841775,1.0,381.23300000000006,4.415500000000002,2,4,66.91,4,3,3,c1ccc(Nc2ncnc3cnccc23)cc1,False,True,False,True
,,137103.0,[],CHEMBL677216,Inhibition of autophosphorylation of EGFR in A431 cells,B,,,BAO_0000190,BAO_0000219,cell-based format,C=C/C=C/C(=O)Nc1cc2c(Nc3cccc(Br)c3)ncnc2cn1,,,CHEMBL1134843,J Med Chem,2001.0,"{'bei': '19.10', 'le': '0.41', 'lle': '3.36', 'sei': '9.48'}",CHEMBL139044,,CHEMBL139044,7.57,0.0,http://www.openphacts.org/units/Nanomolar,265467.0,=,1.0,1.0,=,,IC50,nM,,27.0,CHEMBL203,Homo sapiens,Epidermal growth factor receptor,9606.0,,,IC50,nM,UO_0000065,,27.0,7.568636235841013,1.0,412.2800000000001,4.923800000000003,1,5,72.7,4,4,4,c1ccc(Nc2ncnc3cnccc23)cc1,False,True,False,True
,,137105.0,[],CHEMBL673925,Inhibition of phosphorylation of a polyglutamic acid/tyrosine random copolymer by EGFR enzyme (from human A431 carcinoma cell vesicles),B,,,BAO_0000190,BAO_0000357,single protein format,C=CS(=O)(=O)Nc1cc2c(Nc3cccc(Br)c3)ncnc2cn1,,,CHEMBL1134843,J Med Chem,2001.0,"{'bei': '22.45', 'le': '0.52', 'lle': '5.70', 'sei': '9.41'}",CHEMBL139095,,CHEMBL139095,9.12,0.0,http://www.openphacts.org/units/Nanomolar,265474.0,=,1.0,1.0,=,,IC50,nM,,0.76,CHEMBL203,Homo sapiens,Epidermal growth factor receptor,9606.0,,,IC50 app,nM,UO_0000065,,0.76,9.119186407719209,1.0,631.6100000000001,9.280799999999996,2,4,68.06,7,6,6,c1ccc(Nc2ncnc3cnccc23)cc1,False,True,False,False
,,137106.0,[],CHEMBL677216,Inhibition of autophosphorylation of EGFR in A431 cells,B,,,BAO_0000190,BAO_0000219,cell-based format,C=CS(=O)(=O)Nc1cc2c(Nc3cccc(Br)c3)ncnc2cn1,,,CHEMBL1134843,J Med Chem,2001.0,"{'bei': '21.22', 'le': '0.49', 'lle': '5.20', 'sei': '8.90'}",CHEMBL139095,,CHEMBL139095,8.62,0.0,http://www.openphacts.org/units/Nanomolar,265474.0,=,1.0,1.0,=,,IC50,nM,,2.4,CHEMBL203,Homo sapiens,Epidermal growth factor receptor,9606.0,,,IC50,nM,UO_0000065,,2.4,8.619788758288394,1.0,434.37100000000015,4.446100000000003,1,5,63.05,8,3,3,c1ccc(Nc2ncnc3cnccc23)cc1,False,True,False,False
,,137444.0,[],CHEMBL680019,Inhibitory concentration was evaluated against epidermal growth factor receptor (EGFr) tyrosine kinase,B,,,BAO_0000190,BAO_0000357,single protein format,Cn1c(=O)c(-c2c(Cl)cccc2Cl)cc2cnc(Nc3ccc(CCCC(=O)O)cc3)nc21,,,CHEMBL1131066,J Med Chem,1998.0,"{'bei': '14.68', 'le': '0.29', 'lle': '1.65', 'sei': '7.31'}",CHEMBL113070,,CHEMBL113070,7.1,0.0,http://www.openphacts.org/units/Nanomolar,210149.0,=,1.0,1.0,=,,IC50,nM,,80.0,CHEMBL203,Homo sapiens,Epidermal growth factor receptor,9606.0,,,IC50,uM,UO_0000065,,0.08,7.096910013008056,1.0,475.42400000000026,3.741800000000001,1,6,66.28999999999999,7,4,3,O=c1[nH]c2nc(Nc3ccccc3)ncc2cc1-c1ccccc1,False,True,False,False
,,137455.0,[],CHEMBL680019,Inhibitory concentration was evaluated against epidermal growth factor receptor (EGFr) tyrosine kinase,B,,,BAO_0000190,BAO_0000357,single protein format,Cn1c(=O)c(-c2c(Cl)cccc2Cl)cc2cnc(Nc3ccncc3)nc21,,,CHEMBL1131066,J Med Chem,1998.0,"{'bei': '15.17', 'le': '0.31', 'lle': '1.60', 'sei': '8.31'}",CHEMBL104779,,CHEMBL104779,6.04,0.0,http://www.openphacts.org/units/Nanomolar,210168.0,=,1.0,1.0,=,,IC50,nM,,910.0,CHEMBL203,Homo sapiens,Epidermal growth factor receptor,9606.0,,,IC50,uM,UO_0000065,,0.91,6.040958607678906,1.0,345.20400000000006,2.9919,1,6,66.83000000000001,3,3,3,O=c1[nH]c2nc(Nc3ccncc3)ncc2cc1-c1ccccc1,False,False,False,False
,,138225.0,[],CHEMBL677391,Inhibition of tyrosine phosphorylation activity of the epidermal growth factor receptor (EGFR) tyrosine kinase from human A-431 carcinoma cell-shed membrane vesicles,B,,,BAO_0000190,BAO_0000019,assay format,Cn1c(SSc2ccccc2)c(C(=O)Nc2ccccc2)c2ccccc21,,,CHEMBL1127560,J Med Chem,1994.0,,CHEMBL64781,,CHEMBL64781,,0.0,http://www.openphacts.org/units/Nanomolar,109051.0,>,1.0,1.0,>,,IC50,nM,,100000.0,CHEMBL203,Homo sapiens,Epidermal growth factor receptor,9606.0,,,IC50,uM,UO_0000065,,100.0,4.0,0.0,345.20400000000006,2.9919,1,6,66.83000000000001,3,3,3,O=C(Nc1ccccc1)c1c(SSc2ccccc2)[nH]c2ccccc12,False,True,False,False
,,138233.0,[],CHEMBL676146,Inhibition of EGF-dependent DNA synthesis in ER 22 cells incubated with [3H]TdR,F,,,BAO_0000190,BAO_0000219,cell-based format,O=C(O)c1cc(NCc2cc(O)ccc2O)ccc1O,,,CHEMBL1127084,J Med Chem,1993.0,,CHEMBL319620,LAVENDUSTIN C,CHEMBL319620,4.04,0.0,http://www.openphacts.org/units/Nanomolar,252400.0,=,1.0,1.0,=,,IC50,nM,,92000.0,CHEMBL203,Homo sapiens,Epidermal growth factor receptor,9606.0,,,IC50,uM,UO_0000065,,92.0,4.036212172654444,0.0,631.6100000000001,9.280799999999996,2,4,68.06,7,6,6,c1ccc(CNc2ccccc2)cc1,False,True,False,False
,,138375.0,[],CHEMBL679549,Inhibitory activity against recombinant tyrosine kinase EGF-R (EGF-R ICD),B,,,BAO_0000190,BAO_0000357,single protein format,O=C1NC(=O)c2cc3c(cc21)N(c1ccccc1)CCN3c1ccccc1,,,CHEMBL1127678,J Med Chem,1994.0,,CHEMBL266255,,CHEMBL266255,,0.0,http://www.openphacts.org/units/Nanomolar,3004.0,>,1.0,1.0,>,,IC50,nM,,100000.0,CHEMBL203,Homo sapiens,Epidermal growth factor receptor,9606.0,,,IC50,uM,UO_0000065,,100.0,4.0,0.0,698.7140000000003,10.011599999999993,2,4,68.06,7,6,6,O=C1NC(=O)c2cc3c(cc21)N(c1ccccc1)CCN3c1ccccc1,False,True,False,False
,,138492.0,[],CHEMBL673925,Inhibition of phosphorylation of a polyglutamic acid/tyrosine random copolymer by EGFR enzyme (from human A431 carcinoma cell vesicles),B,,,BAO_0000190,BAO_0000357,single protein format,O=C(O)/C=C/C(=O)Nc1ccc2ncnc(Nc3cccc(Br)c3)c2c1,,,CHEMBL1134843,J Med Chem,2001.0,"{'bei': '22.82', 'le': '0.50', 'lle': '5.71', 'sei': '9.05'}",CHEMBL134371,,CHEMBL134371,9.43,0.0,http://www.openphacts.org/units/Nanomolar,265463.0,=,1.0,1.0,=,,IC50,nM,,0.37,CHEMBL203,Homo sapiens,Epidermal growth factor receptor,9606.0,,,IC50 app,nM,UO_0000065,,0.37,9.431798275933003,1.0,379.3790000000001,3.800760000000002,3,6,117.81,4,4,3,c1ccc(Nc2ncnc3ccccc23)cc1,False,True,False,True
,,138493.0,[],CHEMBL677216,Inhibition of autophosphorylation of EGFR in A431 cells,B,,,BAO_0000190,BAO_0000219,cell-based format,O=C(O)/C=C/C(=O)Nc1ccc2ncnc(Nc3cccc(Br)c3)c2c1,,,CHEMBL1134843,J Med Chem,2001.0,,CHEMBL134371,,CHEMBL134371,,0.0,http://www.openphacts.org/units/Nanomolar,265463.0,>,1.0,1.0,>,,IC50,nM,,500.0,CHEMBL203,Homo sapiens,Epidermal growth factor receptor,9606.0,,,IC50,nM,UO_0000065,,500.0,6.301029995663981,1.0,498.38100000000014,4.125500000000002,2,7,96.45,9,3,3,c1ccc(Nc2ncnc3ccccc23)cc1,False,True,False,True
,,138953.0,[],CHEMBL680019,Inhibitory concentration was evaluated against epidermal growth factor receptor (EGFr) tyrosine kinase,B,,,BAO_0000190,BAO_0000357,single protein format,Cn1c(=O)c(-c2c(Cl)cccc2Cl)cc2cnc(Nc3ccccc3)nc21,,,CHEMBL1131066,J Med Chem,1998.0,"{'bei': '16.58', 'le': '0.33', 'lle': '1.54', 'sei': '11.01'}",CHEMBL301612,,CHEMBL301612,6.58,0.0,http://www.openphacts.org/units/Nanomolar,210172.0,=,1.0,1.0,=,,IC50,nM,,260.0,CHEMBL203,Homo sapiens,Epidermal growth factor receptor,9606.0,,,IC50,uM,UO_0000065,,0.26,6.585026652029182,1.0,498.38100000000014,4.125500000000002,2,7,96.45,9,3,3,O=c1[nH]c2nc(Nc3ccccc3)ncc2cc1-c1ccccc1,False,True,False,False
,,139013.0,[],CHEMBL680030,Tested for inhibition of PLC gamma-derived substrate in Epidermal growth factor receptor stimulated A431 cells,F,,,BAO_0000190,BAO_0000219,cell-based format,Nc1ccc2ncnc(Nc3cccc(Br)c3)c2c1,,,CHEMBL1130057,J Med Chem,1997.0,,CHEMBL52765,,CHEMBL52765,9.11,1.0,http://www.openphacts.org/units/Nanomolar,89161.0,=,1.0,1.0,=,,IC50,nM,,0.78,CHEMBL203,Homo sapiens,Epidermal growth factor receptor,9606.0,,,IC50,nM,UO_0000065,,0.78,9.10790539730952,1.0,498.38100000000014,4.125500000000002,2,7,96.45,9,3,3,c1ccc(Nc2ncnc3ccccc23)cc1,False,True,False,False
,,139014.0,[],CHEMBL680030,Tested for inhibition of PLC gamma-derived substrate in Epidermal growth factor receptor stimulated A431 cells,F,,,BAO_0000190,BAO_0000219,cell-based format,CNc1ccc2ncnc(Nc3cccc(Br)c3)c2c1,,,CHEMBL1130057,J Med Chem,1997.0,,CHEMBL50344,,CHEMBL50344,7.96,0.0,http://www.openphacts.org/units/Nanomolar,89160.0,=,1.0,1.0,=,,IC50,nM,,11.0,CHEMBL203,Homo sapiens,Epidermal growth factor receptor,9606.0,,,IC50,nM,UO_0000065,,11.0,7.958607314841775,1.0,375.251,3.782000000000002,1,5,73.75999999999999,4,3,3,c1ccc(Nc2ncnc3ccccc23)cc1,False,True,False,False
,,139390.0,[],CHEMBL677391,Inhibition of tyrosine phosphorylation activity of the epidermal growth factor receptor (EGFR) tyrosine kinase from human A-431 carcinoma cell-shed membrane vesicles,B,,,BAO_0000190,BAO_0000019,assay format,Cn1c(SSc2c(C(=O)Nc3ccccc3)c3cc(Br)ccc3n2C)c(C(=O)Nc2ccccc2)c2cc(Br)ccc21,,,CHEMBL1127560,J Med Chem,1994.0,"{'bei': '6.86', 'le': '0.16', 'lle': '-4.56', 'sei': '7.26'}",CHEMBL293251,,CHEMBL293251,4.94,0.0,http://www.openphacts.org/units/Nanomolar,109030.0,=,1.0,1.0,=,,IC50,nM,,11400.0,CHEMBL203,Homo sapiens,Epidermal growth factor receptor,9606.0,,,IC50,uM,UO_0000065,,11.4,4.943095148663527,0.0,375.251,3.782000000000002,1,5,73.75999999999999,4,3,3,O=C(Nc1ccccc1)c1c(SSc2[nH]c3ccccc3c2C(=O)Nc2ccccc2)[nH]c2ccccc12,False,True,False,False
,,139392.0,[],CHEMBL677391,Inhibition of tyrosine phosphorylation activity of the epidermal growth factor receptor (EGFR) tyrosine kinase from human A-431 carcinoma cell-shed membrane vesicles,B,,,BAO_0000190,BAO_0000019,assay format,COc1ccc2c(c1)c(C(=O)Nc1ccccc1)c(SSc1c(C(=O)Nc3ccccc3)c3cc(OC)ccc3n1C)n2C,,,CHEMBL1127560,J Med Chem,1994.0,,CHEMBL294341,,CHEMBL294341,,0.0,http://www.openphacts.org/units/Nanomolar,109031.0,>,1.0,1.0,>,,IC50,nM,,100000.0,CHEMBL203,Homo sapiens,Epidermal growth factor receptor,9606.0,,,IC50,uM,UO_0000065,,100.0,4.0,0.0,335.1940000000001,3.344000000000001,1,4,59.81,2,3,3,O=C(Nc1ccccc1)c1c(SSc2[nH]c3ccccc3c2C(=O)Nc2ccccc2)[nH]c2ccccc12,False,True,False,False
,,139395.0,[],CHEMBL677391,Inhibition of tyrosine phosphorylation activity of the epidermal growth factor receptor (EGFR) tyrosine kinase from human A-431 carcinoma cell-shed membrane vesicles,B,,,BAO_0000190,BAO_0000019,assay format,COc1ccc2c(C(=O)Nc3ccccc3)c(SSc3c(C(=O)Nc4ccccc4)c4ccc(OC)cc4n3C)n(C)c2c1,,,CHEMBL1127560,J Med Chem,1994.0,"{'bei': '8.74', 'le': '0.17', 'lle': '-2.55', 'sei': '6.29'}",CHEMBL60472,,CHEMBL60472,5.44,0.0,http://www.openphacts.org/units/Nanomolar,109036.0,=,1.0,1.0,=,,IC50,nM,,3600.0,CHEMBL203,Homo sapiens,Epidermal growth factor receptor,9606.0,,,IC50,uM,UO_0000065,,3.6,5.443697499232712,0.0,412.28000000000014,4.309400000000003,1,5,72.7,4,4,4,O=C(Nc1ccccc1)c1c(SSc2[nH]c3ccccc3c2C(=O)Nc2ccccc2)[nH]c2ccccc12,False,True,False,False
,,139439.0,[],CHEMBL676146,Inhibition of EGF-dependent DNA synthesis in ER 22 cells incubated with [3H]TdR,F,,,BAO_0000190,BAO_0000219,cell-based format,O=C(O)c1cc(NCc2ccccc2O)ccc1O,,,CHEMBL1127084,J Med Chem,1993.0,,CHEMBL131407,,CHEMBL131407,,0.0,http://www.openphacts.org/units/Nanomolar,252394.0,>,1.0,1.0,>,,IC50,nM,,20000.0,CHEMBL203,Homo sapiens,Epidermal growth factor receptor,9606.0,,,IC50,uM,UO_0000065,,20.0,4.698970004336019,0.0,431.71000000000015,5.699300000000003,1,4,59.81,3,4,4,c1ccc(CNc2ccccc2)cc1,False,True,False,False
,,139593.0,[],CHEMBL673925,Inhibition of phosphorylation of a polyglutamic acid/tyrosine random copolymer by EGFR enzyme (from human A431 carcinoma cell vesicles),B,,,BAO_0000190,BAO_0000357,single protein format,O=C(/C=C/C(=O)Nc1cc2c(Nc3cccc(Br)c3)ncnc2cn1)NCCCn1ccnc1,,,CHEMBL1134843,J Med Chem,2001.0,"{'bei': '17.74', 'le': '0.37', 'lle': '5.82', 'sei': '7.30'}",CHEMBL342828,,CHEMBL342828,9.25,0.0,http://www.openphacts.org/units/Nanomolar,265477.0,=,1.0,1.0,=,,IC50,nM,,0.56,CHEMBL203,Homo sapiens,Epidermal growth factor receptor,9606.0,,,IC50 app,nM,UO_0000065,,0.56,9.2518119729938,1.0,396.2480000000001,4.2116000000000025,2,5,79.8,5,3,3,O=C(/C=C/C(=O)Nc1cc2c(Nc3ccccc3)ncnc2cn1)NCCCn1ccnc1,False,True,False,True
,,139594.0,[],CHEMBL677216,Inhibition of autophosphorylation of EGFR in A431 cells,B,,,BAO_0000190,BAO_0000219,cell-based format,O=C(/C=C/C(=O)Nc1cc2c(Nc3cccc(Br)c3)ncnc2cn1)NCCCn1ccnc1,,,CHEMBL1134843,J Med Chem,2001.0,"{'bei': '15.06', 'le': '0.32', 'lle': '4.42', 'sei': '6.20'}",CHEMBL342828,,CHEMBL342828,7.85,0.0,http://www.openphacts.org/units/Nanomolar,265477.0,=,1.0,1.0,=,,IC50,nM,,14.0,CHEMBL203,Homo sapiens,Epidermal growth factor receptor,9606.0,,,IC50,nM,UO_0000065,,14.0,7.853871964321762,1.0,396.2480000000001,4.2116000000000025,2,5,79.8,5,3,3,O=C(/C=C/C(=O)Nc1cc2c(Nc3ccccc3)ncnc2cn1)NCCCn1ccnc1,False,True,False,True
,,139596.0,[],CHEMBL677213,Inhibition of EGF-stimulated autophosphorylation of EGFR in A431 cells,B,,,BAO_0000190,BAO_0000219,cell-based format,O=C(/C=C/C(=O)Nc1cc2c(Nc3cccc(Br)c3)ncnc2cn1)NCCCn1ccnc1,,,CHEMBL1134843,J Med Chem,2001.0,"{'bei': '15.06', 'le': '0.32', 'lle': '4.42', 'sei': '6.20'}",CHEMBL342828,,CHEMBL342828,7.85,0.0,http://www.openphacts.org/units/Nanomolar,265477.0,=,1.0,1.0,=,,IC50,nM,,14.0,CHEMBL203,Homo sapiens,Epidermal growth factor receptor,9606.0,,,IC50,nM,UO_0000065,,14.0,7.853871964321762,1.0,406.2650000000001,3.416100000000001,2,6,96.87,5,3,3,O=C(/C=C/C(=O)Nc1cc2c(Nc3ccccc3)ncnc2cn1)NCCCn1ccnc1,False,True,False,True
,,139961.0,[],CHEMBL680019,Inhibitory concentration was evaluated against epidermal growth factor receptor (EGFr) tyrosine kinase,B,,,BAO_0000190,BAO_0000357,single protein format,CN1CCN(CCCNc2ncc3cc(-c4c(Cl)cccc4Cl)c(=O)n(C)c3n2)CC1,,,CHEMBL1131066,J Med Chem,1998.0,"{'bei': '10.97', 'le': '0.22', 'lle': '1.71', 'sei': '7.63'}",CHEMBL299194,,CHEMBL299194,5.06,1.0,http://www.openphacts.org/units/Nanomolar,210161.0,=,1.0,1.0,=,,IC50,nM,,8700.0,CHEMBL203,Homo sapiens,Epidermal growth factor receptor,9606.0,,,IC50,uM,UO_0000065,,8.7,5.060480747381382,0.0,406.2650000000001,3.416100000000001,2,6,96.87,5,3,3,O=c1[nH]c2nc(NCCCN3CCNCC3)ncc2cc1-c1ccccc1,False,False,False,False
,,139965.0,[],CHEMBL680019,Inhibitory concentration was evaluated against epidermal growth factor receptor (EGFr) tyrosine kinase,B,,,BAO_0000190,BAO_0000357,single protein format,Cn1c(=O)c(-c2c(Cl)cccc2Cl)cc2cnc(NCCc3ccccn3)nc21,,,CHEMBL1131066,J Med Chem,1998.0,,CHEMBL323699,,CHEMBL323699,,0.0,http://www.openphacts.org/units/Nanomolar,210174.0,>,1.0,1.0,>,,IC50,nM,,5000.0,CHEMBL203,Homo sapiens,Epidermal growth factor receptor,9606.0,,,IC50,uM,UO_0000065,,5.0,5.301029995663981,0.0,654.3800000000003,2.9151000000000007,1,5,69.03999999999999,9,4,4,O=c1[nH]c2nc(NCCc3ccccn3)ncc2cc1-c1ccccc1,False,False,False,False
,,140014.0,[],CHEMBL679947,"Inhibition of phosphorylation of phospholipase C gamma1 by Epidermal growth factor receptor, from human A431 carcinoma cell vesicles",F,,,BAO_0000190,BAO_0000019,assay format,CN(C)CCNc1ncc2ncnc(Nc3cccc(Br)c3)c2n1,,,CHEMBL1130057,J Med Chem,1997.0,,CHEMBL54067,,CHEMBL54067,7.46,0.0,http://www.openphacts.org/units/Nanomolar,89145.0,=,1.0,1.0,=,,IC50,nM,,35.0,CHEMBL203,Homo sapiens,Epidermal growth factor receptor,9606.0,,,IC50,nM,UO_0000065,,35.0,7.455931955649724,1.0,483.3550000000003,5.453200000000004,2,5,97.11,7,4,4,c1ccc(Nc2ncnc3cncnc23)cc1,False,True,False,False
,,140478.0,[],CHEMBL677391,Inhibition of tyrosine phosphorylation activity of the epidermal growth factor receptor (EGFR) tyrosine kinase from human A-431 carcinoma cell-shed membrane vesicles,B,,,BAO_0000190,BAO_0000019,assay format,CC(=O)Oc1cccc2c(C(=O)Nc3ccccc3)c(SSc3c(C(=O)Nc4ccccc4)c4cccc(OC(C)=O)c4n3C)n(C)c12,,,CHEMBL1127560,J Med Chem,1994.0,"{'bei': '7.37', 'le': '0.14', 'lle': '-2.82', 'sei': '4.15'}",CHEMBL291359,,CHEMBL291359,5.0,0.0,http://www.openphacts.org/units/Nanomolar,109048.0,=,1.0,1.0,=,,IC50,nM,,9900.0,CHEMBL203,Homo sapiens,Epidermal growth factor receptor,9606.0,,,IC50,uM,UO_0000065,,9.9,5.00436480540245,0.0,322.15100000000007,3.0079000000000016,1,4,68.01,1,3,3,O=C(Nc1ccccc1)c1c(SSc2[nH]c3ccccc3c2C(=O)Nc2ccccc2)[nH]c2ccccc12,False,True,False,False
,,140517.0,[],CHEMBL676146,Inhibition of EGF-dependent DNA synthesis in ER 22 cells incubated with [3H]TdR,F,,,BAO_0000190,BAO_0000219,cell-based format,COC(=O)c1cc(/N=C/c2ccccc2O)ccc1O,,,CHEMBL1127084,J Med Chem,1993.0,,CHEMBL335074,,CHEMBL335074,,0.0,http://www.openphacts.org/units/Nanomolar,252407.0,>,1.0,1.0,>,,IC50,nM,,10000.0,CHEMBL203,Homo sapiens,Epidermal growth factor receptor,9606.0,,,IC50,uM,UO_0000065,,10.0,5.0,0.0,398.2530000000001,4.440900000000003,1,5,72.7,3,4,4,C(=N\c1ccccc1)/c1ccccc1,False,True,False,False
,,141071.0,[],CHEMBL680019,Inhibitory concentration was evaluated against epidermal growth factor receptor (EGFr) tyrosine kinase,B,,,BAO_0000190,BAO_0000357,single protein format,CCNc1ncc2cc(-c3c(Cl)cccc3Cl)c(=O)n(C)c2n1,,,CHEMBL1131066,J Med Chem,1998.0,"{'bei': '15.31', 'le': '0.32', 'lle': '1.62', 'sei': '8.94'}",CHEMBL109296,,CHEMBL109296,5.35,0.0,http://www.openphacts.org/units/Nanomolar,210152.0,=,1.0,1.0,=,,IC50,nM,,4500.0,CHEMBL203,Homo sapiens,Epidermal growth factor receptor,9606.0,,,IC50,uM,UO_0000065,,4.5,5.346787486224656,0.0,390.5330000000001,6.230000000000004,1,3,34.03,5,4,4,O=c1[nH]c2ncncc2cc1-c1ccccc1,False,False,False,False
,,141079.0,[],CHEMBL680019,Inhibitory concentration was evaluated against epidermal growth factor receptor (EGFr) tyrosine kinase,B,,,BAO_0000190,BAO_0000357,single protein format,Cc1ccc(Nc2ncc3cc(-c4c(Cl)cccc4Cl)c(=O)n(C)c3n2)cc1,,,CHEMBL1131066,J Med Chem,1998.0,"{'bei': '15.36', 'le': '0.31', 'lle': '0.97', 'sei': '10.56'}",CHEMBL111339,,CHEMBL111339,6.32,0.0,http://www.openphacts.org/units/Nanomolar,210192.0,=,1.0,1.0,=,,IC50,nM,,480.0,CHEMBL203,Homo sapiens,Epidermal growth factor receptor,9606.0,,,IC50,uM,UO_0000065,,0.48,6.318758762624412,1.0,275.26000000000005,2.1137,5,5,110.02,4,2,2,O=c1[nH]c2nc(Nc3ccccc3)ncc2cc1-c1ccccc1,False,True,False,False
,,141112.0,[],CHEMBL680030,Tested for inhibition of PLC gamma-derived substrate in Epidermal growth factor receptor stimulated A431 cells,F,,,BAO_0000190,BAO_0000219,cell-based format,COc1ccc2ncnc(Nc3cccc(Br)c3)c2c1,,,CHEMBL1130057,J Med Chem,1997.0,,CHEMBL52197,,CHEMBL52197,7.52,1.0,http://www.openphacts.org/units/Nanomolar,89146.0,=,1.0,1.0,=,,IC50,nM,,30.0,CHEMBL203,Homo sapiens,Epidermal growth factor receptor,9606.0,,,IC50,nM,UO_0000065,,30.0,7.522878745280337,1.0,355.3970000000001,3.860000000000003,1,4,52.650000000000006,2,5,3,c1ccc(Nc2ncnc3ccccc23)cc1,False,True,False,False
,,142383.0,[],CHEMBL680019,Inhibitory concentration was evaluated against epidermal growth factor receptor (EGFr) tyrosine kinase,B,,,BAO_0000190,BAO_0000357,single protein format,CCOC(=O)c1ccc(Nc2ncc3cc(-c4c(Cl)cccc4Cl)c(=O)n(C)c3n2)cc1,,,CHEMBL1131066,J Med Chem,1998.0,,CHEMBL109525,,CHEMBL109525,,0.0,http://www.openphacts.org/units/Nanomolar,210182.0,>,1.0,1.0,>,,IC50,nM,,50000.0,CHEMBL203,Homo sapiens,Epidermal growth factor receptor,9606.0,,,IC50,uM,UO_0000065,,50.0,4.301029995663981,0.0,413.2310000000001,3.715200000000001,3,5,104.21,5,3,3,O=c1[nH]c2nc(Nc3ccccc3)ncc2cc1-c1ccccc1,False,True,False,False
,,142994.0,[],CHEMBL679549,Inhibitory activity against recombinant tyrosine kinase EGF-R (EGF-R ICD),B,,,BAO_0000190,BAO_0000357,single protein format,O=C1NC(=O)c2cc(Nc3ccc(F)cc3)c(Nc3ccc(F)cc3)cc21,,,CHEMBL1127678,J Med Chem,1994.0,"{'bei': '16.85', 'le': '0.31', 'lle': '1.81', 'sei': '8.76'}",CHEMBL7939,CGP-53353,CHEMBL7939,6.16,0.0,http://www.openphacts.org/units/Nanomolar,2989.0,=,1.0,1.0,=,,IC50,nM,,700.0,CHEMBL203,Homo sapiens,Epidermal growth factor receptor,9606.0,,,IC50,uM,UO_0000065,,0.7,6.154901959985743,1.0,413.2310000000001,3.715200000000001,3,5,104.21,5,3,3,O=C1NC(=O)c2cc(Nc3ccccc3)c(Nc3ccccc3)cc21,False,True,False,False
,,142999.0,[],CHEMBL621149,Inhibition of EGF-dependent autophosphorylation of EGF-R in human A431 cells,F,,,BAO_0000190,BAO_0000219,cell-based format,O=C1NC(=O)c2cc(Nc3ccc(F)cc3)c(Nc3ccc(F)cc3)cc21,,,CHEMBL1127678,J Med Chem,1994.0,,CHEMBL7939,CGP-53353,CHEMBL7939,5.66,0.0,http://www.openphacts.org/units/Nanomolar,2989.0,=,1.0,1.0,=,,IC50,nM,,2200.0,CHEMBL203,Homo sapiens,Epidermal growth factor receptor,9606.0,,,IC50,uM,UO_0000065,,2.2,5.657577319177793,0.0,397.2650000000001,5.045900000000003,1,4,59.81,3,4,4,O=C1NC(=O)c2cc(Nc3ccccc3)c(Nc3ccccc3)cc21,False,True,False,False
,,143002.0,[],CHEMBL679549,Inhibitory activity against recombinant tyrosine kinase EGF-R (EGF-R ICD),B,,,BAO_0000190,BAO_0000357,single protein format,O=C1NC(=O)c2cc(Nc3ccc(I)cc3)c(Nc3ccc(I)cc3)cc21,,,CHEMBL1127678,J Med Chem,1994.0,,CHEMBL8163,,CHEMBL8163,,0.0,http://www.openphacts.org/units/Nanomolar,2991.0,>,1.0,1.0,>,,IC50,nM,,50000.0,CHEMBL203,Homo sapiens,Epidermal growth factor receptor,9606.0,,,IC50,uM,UO_0000065,,50.0,4.301029995663981,0.0,315.17400000000004,3.7181000000000015,2,4,63.83,2,3,3,O=C1NC(=O)c2cc(Nc3ccccc3)c(Nc3ccccc3)cc21,False,True,False,False
,,143005.0,[],CHEMBL679549,Inhibitory activity against recombinant tyrosine kinase EGF-R (EGF-R ICD),B,,,BAO_0000190,BAO_0000357,single protein format,COc1ccc(Nc2cc3c(cc2Nc2ccccc2)C(=O)NC3=O)cc1,,,CHEMBL1127678,J Med Chem,1994.0,"{'bei': '15.86', 'le': '0.29', 'lle': '1.63', 'sei': '7.17'}",CHEMBL8095,,CHEMBL8095,5.7,0.0,http://www.openphacts.org/units/Nanomolar,3002.0,=,1.0,1.0,=,,IC50,nM,,2000.0,CHEMBL203,Homo sapiens,Epidermal growth factor receptor,9606.0,,,IC50,uM,UO_0000065,,2.0,5.698970004336019,0.0,329.2010000000001,4.177600000000002,2,4,49.84,3,3,3,O=C1NC(=O)c2cc(Nc3ccccc3)c(Nc3ccccc3)cc21,False,True,False,False
,,143010.0,[],CHEMBL621149,Inhibition of EGF-dependent autophosphorylation of EGF-R in human A431 cells,F,,,BAO_0000190,BAO_0000219,cell-based format,COc1ccc(Nc2cc3c(cc2Nc2ccccc2)C(=O)NC3=O)cc1,,,CHEMBL1127678,J Med Chem,1994.0,,CHEMBL8095,,CHEMBL8095,4.75,0.0,http://www.openphacts.org/units/Nanomolar,3002.0,=,1.0,1.0,=,,IC50,nM,,18000.0,CHEMBL203,Homo sapiens,Epidermal growth factor receptor,9606.0,,,IC50,uM,UO_0000065,,18.0,4.7447274948966935,0.0,720.5120000000002,9.498999999999995,2,4,68.06,7,6,6,O=C1NC(=O)c2cc(Nc3ccccc3)c(Nc3ccccc3)cc21,False,True,False,False
,,143066.0,[],CHEMBL679549,Inhibitory activity against recombinant tyrosine kinase EGF-R (EGF-R ICD),B,,,BAO_0000190,BAO_0000357,single protein format,CC(=O)N(c1ccccc1)c1cc2c(cc1Nc1ccccc1)C(=O)NC2=O,,,CHEMBL1127678,J Med Chem,1994.0,,CHEMBL268441,,CHEMBL268441,,0.0,http://www.openphacts.org/units/Nanomolar,3007.0,>,1.0,1.0,>,,IC50,nM,,50000.0,CHEMBL203,Homo sapiens,Epidermal growth factor receptor,9606.0,,,IC50,uM,UO_0000065,,50.0,4.301029995663981,0.0,622.772,7.991200000000004,2,6,86.52000000000001,9,6,6,O=C1NC(=O)c2cc(Nc3ccccc3)c(Nc3ccccc3)cc21,False,True,False,False
,,143069.0,[],CHEMBL621149,Inhibition of EGF-dependent autophosphorylation of EGF-R in human A431 cells,F,,,BAO_0000190,BAO_0000219,cell-based format,CC(=O)N(c1ccccc1)c1cc2c(cc1Nc1ccccc1)C(=O)NC2=O,,,CHEMBL1127678,J Med Chem,1994.0,,CHEMBL268441,,CHEMBL268441,,0.0,http://www.openphacts.org/units/Nanomolar,3007.0,>,1.0,1.0,>,,IC50,nM,,50000.0,CHEMBL203,Homo sapiens,Epidermal growth factor receptor,9606.0,,,IC50,uM,UO_0000065,,50.0,4.301029995663981,0.0,622.772,7.991200000000006,2,6,86.52000000000001,9,6,6,O=C1NC(=O)c2cc(Nc3ccccc3)c(Nc3ccccc3)cc21,False,True,False,False
,,143211.0,[],CHEMBL673925,Inhibition of phosphorylation of a polyglutamic acid/tyrosine random copolymer by EGFR enzyme (from human A431 carcinoma cell vesicles),B,,,BAO_0000190,BAO_0000357,single protein format,CN(C)CCCNC(=O)/C=C/C(=O)Nc1ccc2ncnc(Nc3cccc(Br)c3)c2c1,,,CHEMBL1134843,J Med Chem,2001.0,"{'bei': '18.81', 'le': '0.40', 'lle': '5.66', 'sei': '9.43'}",CHEMBL345109,,CHEMBL345109,9.36,0.0,http://www.openphacts.org/units/Nanomolar,265481.0,=,1.0,1.0,=,,IC50,nM,,0.44,CHEMBL203,Homo sapiens,Epidermal growth factor receptor,9606.0,,,IC50 app,nM,UO_0000065,,0.44,9.356547323513812,1.0,259.261,2.408100000000001,4,4,89.79,4,2,2,c1ccc(Nc2ncnc3ccccc23)cc1,False,True,False,True
,,143212.0,[],CHEMBL677216,Inhibition of autophosphorylation of EGFR in A431 cells,B,,,BAO_0000190,BAO_0000219,cell-based format,CN(C)CCCNC(=O)/C=C/C(=O)Nc1ccc2ncnc(Nc3cccc(Br)c3)c2c1,,,CHEMBL1134843,J Med Chem,2001.0,"{'bei': '14.53', 'le': '0.31', 'lle': '3.53', 'sei': '7.28'}",CHEMBL345109,,CHEMBL345109,7.23,0.0,http://www.openphacts.org/units/Nanomolar,265481.0,=,1.0,1.0,=,,IC50,nM,,59.0,CHEMBL203,Homo sapiens,Epidermal growth factor receptor,9606.0,,,IC50,nM,UO_0000065,,59.0,7.229147988357855,1.0,521.3790000000002,3.428600000000001,3,7,126.72,9,4,4,c1ccc(Nc2ncnc3ccccc23)cc1,False,True,False,True
,,143214.0,[],CHEMBL679948,Inhibition of EGF-stimulated autophosphorylation of EGFR in A431 cells,B,,,BAO_0000190,BAO_0000219,cell-based format,CN(C)CCCNC(=O)/C=C/C(=O)Nc1ccc2ncnc(Nc3cccc(Br)c3)c2c1,,,CHEMBL1134843,J Med Chem,2001.0,"{'bei': '14.53', 'le': '0.31', 'lle': '3.53', 'sei': '7.28'}",CHEMBL345109,,CHEMBL345109,7.23,0.0,http://www.openphacts.org/units/Nanomolar,265481.0,=,1.0,1.0,=,,IC50,nM,,59.0,CHEMBL203,Homo sapiens,Epidermal growth factor receptor,9606.0,,,IC50,nM,UO_0000065,,59.0,7.229147988357855,1.0,521.3790000000002,3.428600000000001,3,7,126.72,9,4,4,c1ccc(Nc2ncnc3ccccc23)cc1,False,True,False,True
,,144108.0,[],CHEMBL683041,Inhibition of Epidermal Growth Factor Receptor (EGFR) autophosphorylation,B,,,BAO_0000190,BAO_0000357,single protein format,CCOc1cc2ncc(C#N)c(Nc3ccc(F)c(Cl)c3)c2cc1NC(=O)/C=C/CN(C)C,,,CHEMBL1135208,Bioorg Med Chem Lett,2002.0,"{'bei': '15.13', 'le': '0.29', 'lle': '1.98', 'sei': '7.84'}",CHEMBL607707,PELITINIB,CHEMBL607707,7.08,0.0,http://www.openphacts.org/units/Nanomolar,182227.0,=,1.0,1.0,=,,IC50,nM,,83.0,CHEMBL203,Homo sapiens,Epidermal growth factor receptor,9606.0,,,IC50,uM,UO_0000065,,0.083,7.080921907623926,1.0,521.3790000000002,3.428600000000001,3,7,126.72,9,4,4,c1ccc(Nc2ccnc3ccccc23)cc1,False,True,False,True
,,144215.0,[],CHEMBL677391,Inhibition of tyrosine phosphorylation activity of the epidermal growth factor receptor (EGFR) tyrosine kinase from human A-431 carcinoma cell-shed membrane vesicles,B,,,BAO_0000190,BAO_0000019,assay format,Cn1c(SSc2c(C(=O)Nc3ccccc3)c3c(Cl)cccc3n2C)c(C(=O)Nc2ccccc2)c2c(Cl)cccc21,,,CHEMBL1127560,J Med Chem,1994.0,"{'bei': '6.33', 'le': '0.13', 'lle': '-5.28', 'sei': '5.88'}",CHEMBL293986,,CHEMBL293986,4.0,0.0,http://www.openphacts.org/units/Nanomolar,109057.0,=,1.0,1.0,=,,IC50,nM,,100000.0,CHEMBL203,Homo sapiens,Epidermal growth factor receptor,9606.0,,,IC50,uM,UO_0000065,,100.0,4.0,0.0,461.3970000000002,3.351700000000001,1,6,66.28999999999999,6,4,3,O=C(Nc1ccccc1)c1c(SSc2[nH]c3ccccc3c2C(=O)Nc2ccccc2)[nH]c2ccccc12,False,True,False,False
,,144234.0,[],CHEMBL679549,Inhibitory activity against recombinant tyrosine kinase EGF-R (EGF-R ICD),B,,,BAO_0000190,BAO_0000357,single protein format,CCN(CC)c1ccc(Nc2cc3c(cc2Nc2ccc(N(CC)CC)cc2)C(=O)NC3=O)cc1,,,CHEMBL1127678,J Med Chem,1994.0,"{'bei': '9.12', 'le': '0.17', 'lle': '-1.45', 'sei': '5.61'}",CHEMBL8223,,CHEMBL8223,4.3,0.0,http://www.openphacts.org/units/Nanomolar,2992.0,=,1.0,1.0,=,,IC50,nM,,50000.0,CHEMBL203,Homo sapiens,Epidermal growth factor receptor,9606.0,,,IC50,uM,UO_0000065,,50.0,4.301029995663981,0.0,426.3070000000002,4.351900000000003,1,5,72.7,5,4,4,O=C1NC(=O)c2cc(Nc3ccccc3)c(Nc3ccccc3)cc21,False,True,False,False
,,144239.0,[],CHEMBL679549,Inhibitory activity against recombinant tyrosine kinase EGF-R (EGF-R ICD),B,,,BAO_0000190,BAO_0000357,single protein format,CN1C(=O)c2cc(Nc3ccccc3)c(Nc3ccccc3)cc2C1=O,,,CHEMBL1127678,J Med Chem,1994.0,,CHEMBL8036,,CHEMBL8036,,0.0,http://www.openphacts.org/units/Nanomolar,3000.0,>,1.0,1.0,>,,IC50,nM,,50000.0,CHEMBL203,Homo sapiens,Epidermal growth factor receptor,9606.0,,,IC50,uM,UO_0000065,,50.0,4.301029995663981,0.0,388.2730000000001,2.8994,2,7,78.86,6,3,3,O=C1NC(=O)c2cc(Nc3ccccc3)c(Nc3ccccc3)cc21,False,True,False,False
,,144242.0,[],CHEMBL621149,Inhibition of EGF-dependent autophosphorylation of EGF-R in human A431 cells,F,,,BAO_0000190,BAO_0000219,cell-based format,CN1C(=O)c2cc(Nc3ccccc3)c(Nc3ccccc3)cc2C1=O,,,CHEMBL1127678,J Med Chem,1994.0,,CHEMBL8036,,CHEMBL8036,,0.0,http://www.openphacts.org/units/Nanomolar,3000.0,>,1.0,1.0,>,,IC50,nM,,50000.0,CHEMBL203,Homo sapiens,Epidermal growth factor receptor,9606.0,,,IC50,uM,UO_0000065,,50.0,4.301029995663981,0.0,678.7919999999999,7.824600000000006,2,8,120.66000000000004,9,6,6,O=C1NC(=O)c2cc(Nc3ccccc3)c(Nc3ccccc3)cc21,False,True,False,False
,,144667.0,[],CHEMBL680019,Inhibitory concentration was evaluated against epidermal growth factor receptor (EGFr) tyrosine kinase,B,,,BAO_0000190,BAO_0000357,single protein format,CCCCNc1ncc2cc(-c3c(Cl)cccc3Cl)c(=O)n(C)c2n1,,,CHEMBL1131066,J Med Chem,1998.0,"{'bei': '14.20', 'le': '0.29', 'lle': '0.85', 'sei': '8.96'}",CHEMBL332269,,CHEMBL332269,5.36,0.0,http://www.openphacts.org/units/Nanomolar,210150.0,=,1.0,1.0,=,,IC50,nM,,4400.0,CHEMBL203,Homo sapiens,Epidermal growth factor receptor,9606.0,,,IC50,uM,UO_0000065,,4.4,5.356547323513812,0.0,271.272,2.635000000000001,2,5,79.12,3,2,2,O=c1[nH]c2ncncc2cc1-c1ccccc1,False,False,False,False
,,144687.0,[],CHEMBL680030,Tested for inhibition of PLC gamma-derived substrate in Epidermal growth factor receptor stimulated A431 cells,F,,,BAO_0000190,BAO_0000219,cell-based format,Nc1ccc2ncnc(Nc3cccc(Br)c3)c2n1,,,CHEMBL1130057,J Med Chem,1997.0,,CHEMBL300217,,CHEMBL300217,8.12,1.0,http://www.openphacts.org/units/Nanomolar,89158.0,=,1.0,1.0,=,,IC50,nM,,7.6,CHEMBL203,Homo sapiens,Epidermal growth factor receptor,9606.0,,,IC50,nM,UO_0000065,,7.6,8.119186407719209,1.0,349.22100000000006,3.7341000000000015,1,4,59.81,3,3,3,c1ccc(Nc2ncnc3cccnc23)cc1,False,True,False,False
,,144688.0,[],CHEMBL680031,Tested for inhibition of autophosphorylation in Epidermal growth factor receptor stimulated A431 cells,F,,,BAO_0000190,BAO_0000219,cell-based format,Nc1ccc2ncnc(Nc3cccc(Br)c3)c2n1,,,CHEMBL1130057,J Med Chem,1997.0,,CHEMBL300217,,CHEMBL300217,7.28,1.0,http://www.openphacts.org/units/Nanomolar,89158.0,=,1.0,1.0,=,,IC50,nM,,53.0,CHEMBL203,Homo sapiens,Epidermal growth factor receptor,9606.0,,,IC50,nM,UO_0000065,,53.0,7.275724130399211,1.0,411.2920000000002,5.354320000000003,1,4,59.81,3,4,4,c1ccc(Nc2ncnc3cccnc23)cc1,False,True,False,False
,,144689.0,[],CHEMBL680030,Tested for inhibition of PLC gamma-derived substrate in Epidermal growth factor receptor stimulated A431 cells,F,,,BAO_0000190,BAO_0000219,cell-based format,CNc1cc2c(Nc3cccc(Br)c3)ncnc2cn1,Outside typical range,"Values for this activity type are unusually large/small, so may not be accurate",CHEMBL1130057,J Med Chem,1997.0,,CHEMBL53753,,CHEMBL53753,,1.0,http://www.openphacts.org/units/Nanomolar,89166.0,=,1.0,1.0,=,,IC50,nM,,0.008,CHEMBL203,Homo sapiens,Epidermal growth factor receptor,9606.0,,,IC50,nM,UO_0000065,,0.008,11.096910013008056,1.0,330.18500000000006,4.1445000000000025,1,4,47.040000000000006,3,3,3,c1ccc(Nc2ncnc3cnccc23)cc1,False,True,False,False
,,144690.0,[],CHEMBL680031,Tested for inhibition of autophosphorylation in Epidermal growth factor receptor stimulated A431 cells,F,,,BAO_0000190,BAO_0000219,cell-based format,CNc1cc2c(Nc3cccc(Br)c3)ncnc2cn1,,,CHEMBL1130057,J Med Chem,1997.0,,CHEMBL53753,,CHEMBL53753,7.82,1.0,http://www.openphacts.org/units/Nanomolar,89166.0,=,1.0,1.0,=,,IC50,nM,,15.0,CHEMBL203,Homo sapiens,Epidermal growth factor receptor,9606.0,,,IC50,nM,UO_0000065,,15.0,7.823908740944319,1.0,469.32800000000015,5.222600000000004,1,6,86.11,5,4,4,c1ccc(Nc2ncnc3cnccc23)cc1,False,True,False,False
,,161214.0,[],CHEMBL677888,Inhibition of Epidermal growth factor receptor (Her1/ErbB1),B,,,BAO_0000190,BAO_0000357,single protein format,CC(C)(C)c1cnc(CSc2cnc(NC(=O)Cc3ccc(CNC(CO)CO)cc3)s2)o1,,,CHEMBL1135763,J Med Chem,2002.0,,CHEMBL300936,,CHEMBL300936,,0.0,http://www.openphacts.org/units/Nanomolar,243873.0,>,1.0,1.0,>,,IC50,nM,,25000.0,CHEMBL203,Homo sapiens,Epidermal growth factor receptor,9606.0,,,IC50,nM,UO_0000065,,25000.0,4.6020599913279625,0.0,365.33900000000006,4.335600000000002,3,4,70.23,4,4,3,O=C(Cc1ccccc1)Nc1ncc(SCc2ncco2)s1,False,False,False,False
,,182065.0,[],CHEMBL677888,Inhibition of Epidermal growth factor receptor (Her1/ErbB1),B,,,BAO_0000190,BAO_0000357,single protein format,CN1CC[C@H](c2c(O)cc(O)c3c(=O)cc(-c4ccccc4Cl)oc23)[C@H](O)C1,,,CHEMBL1135763,J Med Chem,2002.0,"{'bei': '12.74', 'le': '0.25', 'lle': '1.82', 'sei': '5.44'}",CHEMBL428690,ALVOCIDIB,CHEMBL428690,5.12,0.0,http://www.openphacts.org/units/Nanomolar,243847.0,=,1.0,1.0,=,,IC50,nM,,7600.0,CHEMBL203,Homo sapiens,Epidermal growth factor receptor,9606.0,,,IC50,nM,UO_0000065,,7600.0,5.119186407719209,0.0,365.33900000000006,4.335600000000002,3,4,70.23,4,4,3,O=c1cc(-c2ccccc2)oc2c(C3CCNCC3)cccc12,False,False,False,False
,,183887.0,[],CHEMBL674106,Inhibitory activity against epidermal growth factor receptor,B,,,BAO_0000190,BAO_0000357,single protein format,Oc1ccc2ncnc(Nc3ccc(OCc4ccccc4)cc3)c2c1,,,CHEMBL1146682,Bioorg Med Chem Lett,2004.0,"{'bei': '20.41', 'le': '0.37', 'lle': '2.35', 'sei': '10.42'}",CHEMBL14932,,CHEMBL14932,7.01,0.0,http://www.openphacts.org/units/Nanomolar,15404.0,=,1.0,1.0,=,,IC50,nM,,98.0,CHEMBL203,Homo sapiens,Epidermal growth factor receptor,9606.0,,,IC50,nM,UO_0000065,,98.0,7.008773924307505,1.0,581.1510000000001,5.266600000000002,3,4,70.23,4,4,3,c1ccc(COc2ccc(Nc3ncnc4ccccc34)cc2)cc1,False,True,False,False
,,184317.0,[],CHEMBL814059,Cytotoxic effect on EGF-receptor overexpressing HN5 squamous carcinoma cells,F,,,BAO_0000190,BAO_0000219,cell-based format,Oc1cc(O)c2nc(-c3ccc(O)c(O)c3)sc2c1,Outside typical range,"Values for this activity type are unusually large/small, so may not be accurate",CHEMBL1127530,J Med Chem,1994.0,,CHEMBL48085,,CHEMBL48085,,0.0,http://www.openphacts.org/units/Nanomolar,76271.0,=,1.0,1.0,=,,IC50,nM,,130000.0,CHEMBL203,Homo sapiens,Epidermal growth factor receptor,9606.0,,,IC50,uM,UO_0000065,,130.0,3.886056647693163,0.0,359.3850000000001,4.066000000000002,3,5,79.46000000000001,5,4,3,c1ccc(-c2nc3ccccc3s2)cc1,False,False,False,False
,,185100.0,[],CHEMBL677389,Inhibition of the phosphorylation of a random polyglutamic acid/tyrosine copolymer by human epidermal growth factor receptor(EGFR) prepared from human A431 carcinoma cells,B,,,BAO_0000190,BAO_0000219,cell-based format,Brc1cccc(Nc2ncnc3cc4c(cnn4CCN4CCOCC4)cc23)c1,,,CHEMBL1130030,J Med Chem,1997.0,"{'bei': '18.60', 'le': '0.40', 'lle': '4.61', 'sei': '12.38'}",CHEMBL38199,,CHEMBL38199,8.43,0.0,http://www.openphacts.org/units/Nanomolar,60189.0,=,1.0,1.0,=,,IC50,nM,,3.7,CHEMBL203,Homo sapiens,Epidermal growth factor receptor,9606.0,,,IC50,nM,UO_0000065,,3.7,8.431798275933005,1.0,359.3850000000001,4.066000000000002,3,5,79.46000000000001,5,4,3,c1ccc(Nc2ncnc3cc4c(cnn4CCN4CCOCC4)cc23)cc1,False,True,False,False
,,185101.0,[],CHEMBL676156,Inhibition of autophosphorylation of epidermal growth factor receptor prepared from human A431 carcinoma cells.,B,,,BAO_0000190,BAO_0000219,cell-based format,Brc1cccc(Nc2ncnc3cc4c(cnn4CCN4CCOCC4)cc23)c1,,,CHEMBL1130030,J Med Chem,1997.0,"{'bei': '14.82', 'le': '0.32', 'lle': '2.90', 'sei': '9.86'}",CHEMBL38199,,CHEMBL38199,6.72,0.0,http://www.openphacts.org/units/Nanomolar,60189.0,=,1.0,1.0,=,,IC50,nM,,192.0,CHEMBL203,Homo sapiens,Epidermal growth factor receptor,9606.0,,,IC50,nM,UO_0000065,,192.0,6.716698771296451,1.0,371.3960000000001,3.998400000000002,2,4,78.51,4,4,3,c1ccc(Nc2ncnc3cc4c(cnn4CCN4CCOCC4)cc23)cc1,False,True,False,False
,,186628.0,[],CHEMBL674106,Inhibitory activity against epidermal growth factor receptor,B,,,BAO_0000190,BAO_0000357,single protein format,C#Cc1cccc(Nc2ncnc3cc(OCCOC)c(OCCOC)cc23)c1,,,CHEMBL1146682,Bioorg Med Chem Lett,2004.0,"{'bei': '22.88', 'le': '0.42', 'lle': '5.59', 'sei': '12.04'}",CHEMBL553,ERLOTINIB,CHEMBL553,9.0,1.0,http://www.openphacts.org/units/Nanomolar,15410.0,=,1.0,1.0,=,,IC50,nM,,1.0,CHEMBL203,Homo sapiens,Epidermal growth factor receptor,9606.0,,,IC50,uM,UO_0000065,,0.001,9.0,1.0,371.3960000000001,3.998400000000002,2,4,78.51,4,4,3,c1ccc(Nc2ncnc3ccccc23)cc1,False,True,False,False
,,186630.0,[],CHEMBL674106,Inhibitory activity against epidermal growth factor receptor,B,,,BAO_0000190,BAO_0000357,single protein format,COc1cc2ncnc(Nc3ccc(F)c(Cl)c3)c2cc1OCCCN1CCOCC1,,,CHEMBL1146682,Bioorg Med Chem Lett,2004.0,"{'bei': '20.14', 'le': '0.40', 'lle': '4.72', 'sei': '13.09'}",CHEMBL939,GEFITINIB,CHEMBL939,9.0,0.0,http://www.openphacts.org/units/Nanomolar,15409.0,=,1.0,1.0,=,,IC50,nM,,1.0,CHEMBL203,Homo sapiens,Epidermal growth factor receptor,9606.0,,,IC50,uM,UO_0000065,,0.001,9.0,1.0,497.3970000000001,3.698500000000001,3,6,99.25,9,3,3,c1ccc(Nc2ncnc3ccc(OCCCN4CCOCC4)cc23)cc1,False,True,False,False
,,187807.0,[],CHEMBL677389,Inhibition of the phosphorylation of a random polyglutamic acid/tyrosine copolymer by human epidermal growth factor receptor(EGFR) prepared from human A431 carcinoma cells,B,,,BAO_0000190,BAO_0000219,cell-based format,COc1cc2ncnc(Nc3cccc(Br)c3)c2cc1OC,,,CHEMBL1130030,J Med Chem,1997.0,"{'bei': '29.43', 'le': '0.66', 'lle': '6.45', 'sei': '18.84'}",CHEMBL29197,,CHEMBL29197,10.6,1.0,http://www.openphacts.org/units/Nanomolar,60203.0,=,1.0,1.0,=,,IC50,nM,,0.025,CHEMBL203,Homo sapiens,Epidermal growth factor receptor,9606.0,,,IC50,nM,UO_0000065,,0.025,10.602059991327964,1.0,497.3970000000001,3.698500000000001,3,6,99.25,9,3,3,c1ccc(Nc2ncnc3ccccc23)cc1,False,True,False,False
,,189000.0,[],CHEMBL677389,Inhibition of the phosphorylation of a random polyglutamic acid/tyrosine copolymer by human epidermal growth factor receptor(EGFR) prepared from human A431 carcinoma cells,B,,,BAO_0000190,BAO_0000219,cell-based format,CN(C)Cc1c[nH]c2cc3ncnc(Nc4cccc(Br)c4)c3cc12,,,CHEMBL1130030,J Med Chem,1997.0,"{'bei': '21.66', 'le': '0.47', 'lle': '3.91', 'sei': '15.10'}",CHEMBL287007,,CHEMBL287007,8.59,0.0,http://www.openphacts.org/units/Nanomolar,60191.0,=,1.0,1.0,=,,IC50,nM,,2.6,CHEMBL203,Homo sapiens,Epidermal growth factor receptor,9606.0,,,IC50,nM,UO_0000065,,2.6,8.585026652029182,1.0,497.3970000000001,3.698500000000001,3,6,99.25,9,3,3,c1ccc(Nc2ncnc3cc4[nH]ccc4cc23)cc1,False,True,False,False
,,189001.0,[],CHEMBL676156,Inhibition of autophosphorylation of epidermal growth factor receptor prepared from human A431 carcinoma cells.,B,,,BAO_0000190,BAO_0000219,cell-based format,CN(C)Cc1c[nH]c2cc3ncnc(Nc4cccc(Br)c4)c3cc12,,,CHEMBL1130030,J Med Chem,1997.0,"{'bei': '20.22', 'le': '0.44', 'lle': '3.33', 'sei': '14.10'}",CHEMBL287007,,CHEMBL287007,8.01,0.0,http://www.openphacts.org/units/Nanomolar,60191.0,=,1.0,1.0,=,,IC50,nM,,9.7,CHEMBL203,Homo sapiens,Epidermal growth factor receptor,9606.0,,,IC50,nM,UO_0000065,,9.7,8.013228265733755,1.0,498.41400000000016,5.376400000000005,1,6,72.28,8,4,4,c1ccc(Nc2ncnc3cc4[nH]ccc4cc23)cc1,False,True,False,False
,,189002.0,[],CHEMBL677389,Inhibition of the phosphorylation of a random polyglutamic acid/tyrosine copolymer by human epidermal growth factor receptor(EGFR) prepared from human A431 carcinoma cells,B,,,BAO_0000190,BAO_0000219,cell-based format,Brc1cccc(Nc2ccnc3ccccc23)c1,,,CHEMBL1130030,J Med Chem,1997.0,"{'bei': '17.58', 'le': '0.40', 'lle': '0.52', 'sei': '21.11'}",CHEMBL37346,,CHEMBL37346,5.26,1.0,http://www.openphacts.org/units/Nanomolar,60205.0,=,1.0,1.0,=,,IC50,nM,,5500.0,CHEMBL203,Homo sapiens,Epidermal growth factor receptor,9606.0,,,IC50,nM,UO_0000065,,5500.0,5.259637310505756,0.0,467.9320000000002,5.097580000000004,2,6,90.28,8,3,3,c1ccc(Nc2ccnc3ccccc23)cc1,False,True,False,False
,,189003.0,[],CHEMBL677389,Inhibition of the phosphorylation of a random polyglutamic acid/tyrosine copolymer by human epidermal growth factor receptor(EGFR) prepared from human A431 carcinoma cells,B,,,BAO_0000190,BAO_0000219,cell-based format,Brc1cccc(Nc2nccc3ccccc23)c1,,,CHEMBL1130030,J Med Chem,1997.0,,CHEMBL39563,,CHEMBL39563,,1.0,http://www.openphacts.org/units/Nanomolar,60200.0,>,1.0,1.0,>,,IC50,nM,,100000.0,CHEMBL203,Homo sapiens,Epidermal growth factor receptor,9606.0,,,IC50,nM,UO_0000065,,100000.0,4.0,0.0,631.6100000000001,9.280799999999996,2,4,68.06,7,6,6,c1ccc(Nc2nccc3ccccc23)cc1,False,True,False,False
,,189082.0,[],CHEMBL674106,Inhibitory activity against epidermal growth factor receptor,B,,,BAO_0000190,BAO_0000357,single protein format,CS(=O)(=O)CCNCCCCOc1ccc2ncnc(Nc3ccc(OCc4ccccc4)cc3)c2c1,,,CHEMBL1146682,Bioorg Med Chem Lett,2004.0,"{'bei': '13.70', 'le': '0.26', 'lle': '2.38', 'sei': '6.96'}",CHEMBL15346,,CHEMBL15346,7.13,0.0,http://www.openphacts.org/units/Nanomolar,15418.0,=,1.0,1.0,=,,IC50,nM,,74.0,CHEMBL203,Homo sapiens,Epidermal growth factor receptor,9606.0,,,IC50,nM,UO_0000065,,74.0,7.130768280269024,1.0,471.60500000000025,5.749800000000005,3,6,76.71000000000001,10,4,3,c1ccc(COc2ccc(Nc3ncnc4ccccc34)cc2)cc1,False,True,False,False
,,189084.0,[],CHEMBL674106,Inhibitory activity against epidermal growth factor receptor,B,,,BAO_0000190,BAO_0000357,single protein format,COc1ccc2ncnc(Nc3ccc(OCc4ccccc4)cc3)c2c1,,,CHEMBL1146682,Bioorg Med Chem Lett,2004.0,"{'bei': '20.05', 'le': '0.36', 'lle': '2.21', 'sei': '12.74'}",CHEMBL15202,,CHEMBL15202,7.17,0.0,http://www.openphacts.org/units/Nanomolar,15405.0,=,1.0,1.0,=,,IC50,nM,,68.0,CHEMBL203,Homo sapiens,Epidermal growth factor receptor,9606.0,,,IC50,nM,UO_0000065,,68.0,7.167491087293763,1.0,343.38600000000014,4.399600000000002,2,4,61.440000000000005,4,4,3,c1ccc(COc2ccc(Nc3ncnc4ccccc34)cc2)cc1,False,True,False,False
,,190221.0,[],CHEMBL674106,Inhibitory activity against epidermal growth factor receptor,B,,,BAO_0000190,BAO_0000357,single protein format,CS(=O)(=O)CCNCc1ccc(-c2ccc3ncnc(Nc4ccc(OCc5cccc(F)c5)c(Cl)c4)c3c2)o1,,,CHEMBL1146682,Bioorg Med Chem Lett,2004.0,"{'bei': '13.77', 'le': '0.27', 'lle': '1.86', 'sei': '7.52'}",CHEMBL554,LAPATINIB,CHEMBL554,8.0,0.0,http://www.openphacts.org/units/Nanomolar,15408.0,=,1.0,1.0,=,,IC50,nM,,10.0,CHEMBL203,Homo sapiens,Epidermal growth factor receptor,9606.0,,,IC50,uM,UO_0000065,,0.01,8.0,1.0,343.38600000000014,4.399600000000002,2,4,61.440000000000005,4,4,3,c1ccc(COc2ccc(Nc3ncnc4ccc(-c5ccco5)cc34)cc2)cc1,False,True,False,False
,,191433.0,[],CHEMBL677389,Inhibition of the phosphorylation of a random polyglutamic acid/tyrosine copolymer by human epidermal growth factor receptor(EGFR) prepared from human A431 carcinoma cells,B,,,BAO_0000190,BAO_0000219,cell-based format,O=C(O)Cn1ncc2cc3c(Nc4cccc(Br)c4)ncnc3cc21,,,CHEMBL1130030,J Med Chem,1997.0,"{'bei': '18.27', 'le': '0.40', 'lle': '3.71', 'sei': '7.83'}",CHEMBL36819,,CHEMBL36819,7.28,0.0,http://www.openphacts.org/units/Nanomolar,60211.0,=,1.0,1.0,=,,IC50,nM,,53.0,CHEMBL203,Homo sapiens,Epidermal growth factor receptor,9606.0,,,IC50,nM,UO_0000065,,53.0,7.275724130399211,1.0,377.27500000000015,4.514300000000003,1,4,59.81,5,3,3,c1ccc(Nc2ncnc3cc4[nH]ncc4cc23)cc1,False,True,False,False
,,191434.0,[],CHEMBL676156,Inhibition of autophosphorylation of epidermal growth factor receptor prepared from human A431 carcinoma cells.,B,,,BAO_0000190,BAO_0000219,cell-based format,O=C(O)Cn1ncc2cc3c(Nc4cccc(Br)c4)ncnc3cc21,,,CHEMBL1130030,J Med Chem,1997.0,"{'bei': '14.87', 'le': '0.32', 'lle': '2.35', 'sei': '6.37'}",CHEMBL36819,,CHEMBL36819,5.92,0.0,http://www.openphacts.org/units/Nanomolar,60211.0,=,1.0,1.0,=,,IC50,nM,,1196.0,CHEMBL203,Homo sapiens,Epidermal growth factor receptor,9606.0,,,IC50,nM,UO_0000065,,1196.0,5.922268820347608,0.0,316.16200000000003,3.113100000000001,2,5,76.72,2,3,3,c1ccc(Nc2ncnc3cc4[nH]ncc4cc23)cc1,False,True,False,False
,,191435.0,[],CHEMBL677389,Inhibition of the phosphorylation of a random polyglutamic acid/tyrosine copolymer by human epidermal growth factor receptor(EGFR) prepared from human A431 carcinoma cells,B,,,BAO_0000190,BAO_0000219,cell-based format,Brc1cccc(Nc2ncnc3cc4c(ccn4CCN4CCOCC4)cc23)c1,,,CHEMBL1130030,J Med Chem,1997.0,"{'bei': '18.64', 'le': '0.40', 'lle': '4.01', 'sei': '15.27'}",CHEMBL40130,,CHEMBL40130,8.43,0.0,http://www.openphacts.org/units/Nanomolar,60195.0,=,1.0,1.0,=,,IC50,nM,,3.7,CHEMBL203,Homo sapiens,Epidermal growth factor receptor,9606.0,,,IC50,nM,UO_0000065,,3.7,8.431798275933005,1.0,316.16200000000003,3.113100000000001,2,5,76.72,2,3,3,c1ccc(Nc2ncnc3cc4c(ccn4CCN4CCOCC4)cc23)cc1,False,True,False,False
,,191436.0,[],CHEMBL676156,Inhibition of autophosphorylation of epidermal growth factor receptor prepared from human A431 carcinoma cells.,B,,,BAO_0000190,BAO_0000219,cell-based format,Brc1cccc(Nc2ncnc3cc4c(ccn4CCN4CCOCC4)cc23)c1,,,CHEMBL1130030,J Med Chem,1997.0,"{'bei': '17.23', 'le': '0.37', 'lle': '3.38', 'sei': '14.12'}",CHEMBL40130,,CHEMBL40130,7.8,0.0,http://www.openphacts.org/units/Nanomolar,60195.0,=,1.0,1.0,=,,IC50,nM,,16.0,CHEMBL203,Homo sapiens,Epidermal growth factor receptor,9606.0,,,IC50,nM,UO_0000065,,16.0,7.795880017344075,1.0,330.189,3.572600000000002,2,5,62.73,3,3,3,c1ccc(Nc2ncnc3cc4c(ccn4CCN4CCOCC4)cc23)cc1,False,True,False,False
,,191437.0,[],CHEMBL677389,Inhibition of the phosphorylation of a random polyglutamic acid/tyrosine copolymer by human epidermal growth factor receptor(EGFR) prepared from human A431 carcinoma cells,B,,,BAO_0000190,BAO_0000219,cell-based format,CCOc1cc2ncnc(Nc3cccc(Br)c3)c2cc1OCC,Outside typical range,"Values for this activity type are unusually large/small, so may not be accurate",CHEMBL1130030,J Med Chem,1997.0,,CHEMBL35820,,CHEMBL35820,,1.0,http://www.openphacts.org/units/Nanomolar,60204.0,=,1.0,1.0,=,,IC50,nM,,0.006,CHEMBL203,Homo sapiens,Epidermal growth factor receptor,9606.0,,,IC50,nM,UO_0000065,,0.006,11.221848749616356,1.0,330.189,3.572600000000002,2,5,62.73,3,3,3,c1ccc(Nc2ncnc3ccccc23)cc1,False,True,False,False
,,191495.0,[],CHEMBL674106,Inhibitory activity against epidermal growth factor receptor,B,,,BAO_0000190,BAO_0000357,single protein format,O=C(NCCCCOc1ccc2ncnc(Nc3ccc(OCc4ccccc4)cc3)c2c1)C(F)(F)F,,,CHEMBL1146682,Bioorg Med Chem Lett,2004.0,"{'bei': '13.97', 'le': '0.26', 'lle': '1.34', 'sei': '8.35'}",CHEMBL14627,,CHEMBL14627,7.13,0.0,http://www.openphacts.org/units/Nanomolar,15407.0,=,1.0,1.0,=,,IC50,nM,,74.0,CHEMBL203,Homo sapiens,Epidermal growth factor receptor,9606.0,,,IC50,nM,UO_0000065,,74.0,7.130768280269024,1.0,490.6510000000002,3.3449000000000018,4,9,120.51,11,3,3,c1ccc(COc2ccc(Nc3ncnc4ccccc34)cc2)cc1,False,True,False,False
,,192570.0,[],CHEMBL677389,Inhibition of the phosphorylation of a random polyglutamic acid/tyrosine copolymer by human epidermal growth factor receptor(EGFR) prepared from human A431 carcinoma cells,B,,,BAO_0000190,BAO_0000219,cell-based format,Brc1cccc(Nc2ncnc3ccccc23)c1,,,CHEMBL1130030,J Med Chem,1997.0,"{'bei': '25.22', 'le': '0.57', 'lle': '3.43', 'sei': '20.02'}",CHEMBL290096,,CHEMBL290096,7.57,1.0,http://www.openphacts.org/units/Nanomolar,60206.0,=,1.0,1.0,=,,IC50,nM,,27.0,CHEMBL203,Homo sapiens,Epidermal growth factor receptor,9606.0,,,IC50,nM,UO_0000065,,27.0,7.568636235841013,1.0,401.8460000000001,3.304600000000001,3,6,94.14,2,4,3,c1ccc(Nc2ncnc3ccccc23)cc1,False,True,False,False
,,192571.0,[],CHEMBL677389,Inhibition of the phosphorylation of a random polyglutamic acid/tyrosine copolymer by human epidermal growth factor receptor(EGFR) prepared from human A431 carcinoma cells,B,,,BAO_0000190,BAO_0000219,cell-based format,COc1cccc2c(Nc3cccc(Br)c3)ncnc12,,,CHEMBL1130030,J Med Chem,1997.0,,CHEMBL289787,,CHEMBL289787,,0.0,http://www.openphacts.org/units/Nanomolar,60201.0,>,1.0,1.0,>,,IC50,nM,,10000.0,CHEMBL203,Homo sapiens,Epidermal growth factor receptor,9606.0,,,IC50,nM,UO_0000065,,10000.0,5.0,0.0,343.386,4.658000000000003,2,5,67.27000000000001,5,4,4,c1ccc(Nc2ncnc3ccccc23)cc1,False,True,False,False
,,193127.0,[],CHEMBL814059,Cytotoxic effect on EGF-receptor overexpressing HN5 squamous carcinoma cells,F,,,BAO_0000190,BAO_0000219,cell-based format,Oc1ccc(-c2nc3c(O)cc(O)cc3s2)cc1,Outside typical range,"Values for this activity type are unusually large/small, so may not be accurate",CHEMBL1127530,J Med Chem,1994.0,,CHEMBL45564,,CHEMBL45564,,0.0,http://www.openphacts.org/units/Nanomolar,76261.0,=,1.0,1.0,=,,IC50,nM,,300000.0,CHEMBL203,Homo sapiens,Epidermal growth factor receptor,9606.0,,,IC50,uM,UO_0000065,,300.0,3.5228787452803374,0.0,275.285,2.7857000000000003,4,6,93.81,1,3,3,c1ccc(-c2nc3ccccc3s2)cc1,False,False,False,False
,,196098.0,[],CHEMBL677389,Inhibition of the phosphorylation of a random polyglutamic acid/tyrosine copolymer by human epidermal growth factor receptor(EGFR) prepared from human A431 carcinoma cells,B,,,BAO_0000190,BAO_0000219,cell-based format,Cc1nc(Nc2cccc(Br)c2)c2ccccc2n1,,,CHEMBL1130030,J Med Chem,1997.0,,CHEMBL37099,,CHEMBL37099,,0.0,http://www.openphacts.org/units/Nanomolar,60202.0,>,1.0,1.0,>,,IC50,nM,,10000.0,CHEMBL203,Homo sapiens,Epidermal growth factor receptor,9606.0,,,IC50,nM,UO_0000065,,10000.0,5.0,0.0,453.34400000000034,3.817800000000002,1,6,68.10000000000001,5,5,4,c1ccc(Nc2ncnc3ccccc23)cc1,False,True,False,False
,,198300.0,[],CHEMBL674106,Inhibitory activity against epidermal growth factor receptor,B,,,BAO_0000190,BAO_0000357,single protein format,CS(=O)(=O)CCNCCCCOc1ccc2ncnc(Nc3ccc(F)c(Cl)c3)c2c1,,,CHEMBL1146682,Bioorg Med Chem Lett,2004.0,"{'bei': '16.49', 'le': '0.34', 'lle': '3.74', 'sei': '8.26'}",CHEMBL460731,,CHEMBL460731,7.7,0.0,http://www.openphacts.org/units/Nanomolar,15414.0,=,1.0,1.0,=,,IC50,nM,,20.0,CHEMBL203,Homo sapiens,Epidermal growth factor receptor,9606.0,,,IC50,nM,UO_0000065,,20.0,7.698970004336019,1.0,453.34400000000034,3.817800000000002,1,6,68.10000000000001,5,5,4,c1ccc(Nc2ncnc3ccccc23)cc1,False,True,False,False
,,198302.0,[],CHEMBL690547,Inhibition of EGFR overexpressing HN5 (head/neck carcinoma) cell line proliferation,F,,,BAO_0000190,BAO_0000219,cell-based format,CS(=O)(=O)CCNCCCCOc1ccc2ncnc(Nc3ccc(F)c(Cl)c3)c2c1,,,CHEMBL1146682,Bioorg Med Chem Lett,2004.0,,CHEMBL460731,,CHEMBL460731,7.15,0.0,http://www.openphacts.org/units/Nanomolar,15414.0,=,1.0,1.0,=,,IC50,nM,,71.0,CHEMBL203,Homo sapiens,Epidermal growth factor receptor,9606.0,,,IC50,uM,UO_0000065,,0.071,7.1487416512809245,1.0,393.4430000000002,3.405100000000002,1,7,74.73000000000002,10,3,3,c1ccc(Nc2ncnc3ccccc23)cc1,False,True,False,False
,,198799.0,[],CHEMBL676234,Cytotoxic effect on EGF-receptor overexpressing HN5 squamous carcinoma cells,F,,,BAO_0000190,BAO_0000219,cell-based format,O=c1c(O)c(-c2ccc(O)c(O)c2)oc2cc(O)cc(O)c12,Outside typical range,"Values for this activity type are unusually large/small, so may not be accurate",CHEMBL1127530,J Med Chem,1994.0,,CHEMBL50,QUERCETIN,CHEMBL50,,0.0,http://www.openphacts.org/units/Nanomolar,76260.0,=,1.0,1.0,=,,IC50,nM,,190000.0,CHEMBL203,Homo sapiens,Epidermal growth factor receptor,9606.0,,,IC50,uM,UO_0000065,,190.0,3.721246399047171,0.0,446.9100000000004,4.275600000000003,1,7,68.74000000000001,8,4,3,O=c1cc(-c2ccccc2)oc2ccccc12,False,False,False,False
,,199602.0,[],CHEMBL677389,Inhibition of the phosphorylation of a random polyglutamic acid/tyrosine copolymer by human epidermal growth factor receptor(EGFR) prepared from human A431 carcinoma cells,B,,,BAO_0000190,BAO_0000219,cell-based format,OCC(O)Cn1ncc2cc3c(Nc4cccc(Br)c4)ncnc3cc21,,,CHEMBL1130030,J Med Chem,1997.0,"{'bei': '19.12', 'le': '0.42', 'lle': '5.08', 'sei': '8.24'}",CHEMBL37543,,CHEMBL37543,7.92,0.0,http://www.openphacts.org/units/Nanomolar,60215.0,=,1.0,1.0,=,,IC50,nM,,12.0,CHEMBL203,Homo sapiens,Epidermal growth factor receptor,9606.0,,,IC50,nM,UO_0000065,,12.0,7.920818753952375,1.0,360.2110000000001,4.153100000000003,1,5,56.27000000000001,4,3,3,c1ccc(Nc2ncnc3cc4[nH]ncc4cc23)cc1,False,True,False,False
,,199603.0,[],CHEMBL676156,Inhibition of autophosphorylation of epidermal growth factor receptor prepared from human A431 carcinoma cells.,B,,,BAO_0000190,BAO_0000219,cell-based format,OCC(O)Cn1ncc2cc3c(Nc4cccc(Br)c4)ncnc3cc21,,,CHEMBL1130030,J Med Chem,1997.0,"{'bei': '15.68', 'le': '0.34', 'lle': '3.66', 'sei': '6.76'}",CHEMBL37543,,CHEMBL37543,6.5,0.0,http://www.openphacts.org/units/Nanomolar,60215.0,=,1.0,1.0,=,,IC50,nM,,318.0,CHEMBL203,Homo sapiens,Epidermal growth factor receptor,9606.0,,,IC50,nM,UO_0000065,,318.0,6.497572880015567,1.0,396.2920000000001,4.6788000000000025,2,4,56.84,4,4,4,c1ccc(Nc2ncnc3cc4[nH]ncc4cc23)cc1,False,True,False,False
,,199604.0,[],CHEMBL677389,Inhibition of the phosphorylation of a random polyglutamic acid/tyrosine copolymer by human epidermal growth factor receptor(EGFR) prepared from human A431 carcinoma cells,B,,,BAO_0000190,BAO_0000219,cell-based format,CN(C)CCCn1ccc2cc3c(Nc4cccc(Br)c4)ncnc3cc21,,,CHEMBL1130030,J Med Chem,1997.0,"{'bei': '18.09', 'le': '0.39', 'lle': '2.64', 'sei': '16.70'}",CHEMBL287289,,CHEMBL287289,7.68,0.0,http://www.openphacts.org/units/Nanomolar,60196.0,=,1.0,1.0,=,,IC50,nM,,21.0,CHEMBL203,Homo sapiens,Epidermal growth factor receptor,9606.0,,,IC50,nM,UO_0000065,,21.0,7.67778070526608,1.0,396.2920000000001,4.6788000000000025,2,4,56.84,4,4,4,c1ccc(Nc2ncnc3cc4[nH]ccc4cc23)cc1,False,True,False,False
,,199605.0,[],CHEMBL676156,Inhibition of autophosphorylation of epidermal growth factor receptor prepared from human A431 carcinoma cells.,B,,,BAO_0000190,BAO_0000219,cell-based format,CN(C)CCCn1ccc2cc3c(Nc4cccc(Br)c4)ncnc3cc21,,,CHEMBL1130030,J Med Chem,1997.0,"{'bei': '15.64', 'le': '0.34', 'lle': '1.60', 'sei': '14.44'}",CHEMBL287289,,CHEMBL287289,6.64,0.0,http://www.openphacts.org/units/Nanomolar,60196.0,=,1.0,1.0,=,,IC50,nM,,230.0,CHEMBL203,Homo sapiens,Epidermal growth factor receptor,9606.0,,,IC50,nM,UO_0000065,,230.0,6.638272163982407,1.0,299.17100000000005,4.740900000000003,1,2,24.92,2,3,3,c1ccc(Nc2ncnc3cc4[nH]ccc4cc23)cc1,False,True,False,False
,,199646.0,[],CHEMBL674106,Inhibitory activity against epidermal growth factor receptor,B,,,BAO_0000190,BAO_0000357,single protein format,CS(=O)(=O)CCNCCCCOc1ccc2ncnc(Nc3ccc(OCc4cccc(F)c4)c(Cl)c3)c2c1,,,CHEMBL1146682,Bioorg Med Chem Lett,2004.0,"{'bei': '13.21', 'le': '0.27', 'lle': '2.03', 'sei': '7.39'}",CHEMBL514436,,CHEMBL514436,7.57,0.0,http://www.openphacts.org/units/Nanomolar,15412.0,=,1.0,1.0,=,,IC50,nM,,27.0,CHEMBL203,Homo sapiens,Epidermal growth factor receptor,9606.0,,,IC50,nM,UO_0000065,,27.0,7.568636235841013,1.0,299.17100000000005,4.740900000000003,1,2,24.92,2,3,3,c1ccc(COc2ccc(Nc3ncnc4ccccc34)cc2)cc1,False,True,False,False
,,200768.0,[],CHEMBL677389,Inhibition of the phosphorylation of a random polyglutamic acid/tyrosine copolymer by human epidermal growth factor receptor(EGFR) prepared from human A431 carcinoma cells,B,,,BAO_0000190,BAO_0000219,cell-based format,Cn1ncc2cc3c(Nc4cccc(Br)c4)ncnc3cc21,,,CHEMBL1130030,J Med Chem,1997.0,"{'bei': '26.63', 'le': '0.59', 'lle': '5.41', 'sei': '16.95'}",CHEMBL39320,,CHEMBL39320,9.43,0.0,http://www.openphacts.org/units/Nanomolar,60214.0,=,1.0,1.0,=,,IC50,nM,,0.37,CHEMBL203,Homo sapiens,Epidermal growth factor receptor,9606.0,,,IC50,nM,UO_0000065,,0.37,9.431798275933003,1.0,520.6550000000002,4.745600000000003,2,8,102.44,14,4,4,c1ccc(Nc2ncnc3cc4[nH]ncc4cc23)cc1,False,True,False,False
,,200769.0,[],CHEMBL676156,Inhibition of autophosphorylation of epidermal growth factor receptor prepared from human A431 carcinoma cells.,B,,,BAO_0000190,BAO_0000219,cell-based format,Cn1ncc2cc3c(Nc4cccc(Br)c4)ncnc3cc21,,,CHEMBL1130030,J Med Chem,1997.0,"{'bei': '22.26', 'le': '0.49', 'lle': '3.87', 'sei': '14.18'}",CHEMBL39320,,CHEMBL39320,7.89,0.0,http://www.openphacts.org/units/Nanomolar,60214.0,=,1.0,1.0,=,,IC50,nM,,13.0,CHEMBL203,Homo sapiens,Epidermal growth factor receptor,9606.0,,,IC50,nM,UO_0000065,,13.0,7.886056647693163,1.0,357.41300000000007,4.961000000000003,1,5,56.27000000000001,6,4,4,c1ccc(Nc2ncnc3cc4[nH]ncc4cc23)cc1,False,True,False,False
,,200770.0,[],CHEMBL677389,Inhibition of the phosphorylation of a random polyglutamic acid/tyrosine copolymer by human epidermal growth factor receptor(EGFR) prepared from human A431 carcinoma cells,B,,,BAO_0000190,BAO_0000219,cell-based format,O=C(O)Cn1ccc2cc3c(Nc4cccc(Br)c4)ncnc3cc21,,,CHEMBL1130030,J Med Chem,1997.0,"{'bei': '20.88', 'le': '0.45', 'lle': '4.11', 'sei': '10.36'}",CHEMBL289162,,CHEMBL289162,8.29,0.0,http://www.openphacts.org/units/Nanomolar,60193.0,=,1.0,1.0,=,,IC50,nM,,5.1,CHEMBL203,Homo sapiens,Epidermal growth factor receptor,9606.0,,,IC50,nM,UO_0000065,,5.1,8.292429823902063,1.0,581.0690000000002,6.139100000000005,2,8,106.35,11,5,5,c1ccc(Nc2ncnc3cc4[nH]ccc4cc23)cc1,False,True,False,False
,,200771.0,[],CHEMBL676156,Inhibition of autophosphorylation of epidermal growth factor receptor prepared from human A431 carcinoma cells.,B,,,BAO_0000190,BAO_0000219,cell-based format,O=C(O)Cn1ccc2cc3c(Nc4cccc(Br)c4)ncnc3cc21,,,CHEMBL1130030,J Med Chem,1997.0,"{'bei': '14.47', 'le': '0.31', 'lle': '1.57', 'sei': '7.18'}",CHEMBL289162,,CHEMBL289162,5.75,0.0,http://www.openphacts.org/units/Nanomolar,60193.0,=,1.0,1.0,=,,IC50,nM,,1780.0,CHEMBL203,Homo sapiens,Epidermal growth factor receptor,9606.0,,,IC50,nM,UO_0000065,,1780.0,5.749579997691106,0.0,398.2200000000001,3.5702000000000016,2,5,92.93,4,4,4,c1ccc(Nc2ncnc3cc4[nH]ccc4cc23)cc1,False,True,False,False
,,200875.0,[],CHEMBL674106,Inhibitory activity against epidermal growth factor receptor,B,,,BAO_0000190,BAO_0000357,single protein format,CS(=O)(=O)CCNCCCOc1ccc2ncnc(Nc3ccc(OCc4ccccc4)cc3)c2c1,,,CHEMBL1146682,Bioorg Med Chem Lett,2004.0,"{'bei': '13.78', 'le': '0.26', 'lle': '2.62', 'sei': '6.82'}",CHEMBL14952,,CHEMBL14952,6.98,0.0,http://www.openphacts.org/units/Nanomolar,15406.0,=,1.0,1.0,=,,IC50,nM,,104.0,CHEMBL203,Homo sapiens,Epidermal growth factor receptor,9606.0,,,IC50,nM,UO_0000065,,104.0,6.982966660701219,1.0,398.2200000000001,3.5702000000000016,2,5,92.93,4,4,4,c1ccc(COc2ccc(Nc3ncnc4ccccc34)cc2)cc1,False,True,False,False
,,202120.0,[],CHEMBL677389,Inhibition of the phosphorylation of a random polyglutamic acid/tyrosine copolymer by human epidermal growth factor receptor(EGFR) prepared from human A431 carcinoma cells,B,,,BAO_0000190,BAO_0000219,cell-based format,CN(C)CCn1ccc2cc3c(Nc4cccc(Br)c4)ncnc3cc21,,,CHEMBL1130030,J Med Chem,1997.0,"{'bei': '18.00', 'le': '0.39', 'lle': '2.74', 'sei': '16.07'}",CHEMBL37373,,CHEMBL37373,7.39,0.0,http://www.openphacts.org/units/Nanomolar,60197.0,=,1.0,1.0,=,,IC50,nM,,41.0,CHEMBL203,Homo sapiens,Epidermal growth factor receptor,9606.0,,,IC50,nM,UO_0000065,,41.0,7.387216143280264,1.0,452.35600000000034,4.422800000000003,1,5,55.21000000000001,5,5,4,c1ccc(Nc2ncnc3cc4[nH]ccc4cc23)cc1,False,True,False,False
,,202121.0,[],CHEMBL676156,Inhibition of autophosphorylation of epidermal growth factor receptor prepared from human A431 carcinoma cells.,B,,,BAO_0000190,BAO_0000219,cell-based format,CN(C)CCn1ccc2cc3c(Nc4cccc(Br)c4)ncnc3cc21,,,CHEMBL1130030,J Med Chem,1997.0,"{'bei': '16.67', 'le': '0.36', 'lle': '2.19', 'sei': '14.87'}",CHEMBL37373,,CHEMBL37373,6.84,0.0,http://www.openphacts.org/units/Nanomolar,60197.0,=,1.0,1.0,=,,IC50,nM,,145.0,CHEMBL203,Homo sapiens,Epidermal growth factor receptor,9606.0,,,IC50,nM,UO_0000065,,145.0,6.838631997765025,1.0,452.35600000000034,4.422800000000003,1,5,55.21000000000001,5,5,4,c1ccc(Nc2ncnc3cc4[nH]ccc4cc23)cc1,False,True,False,False
,,202122.0,[],CHEMBL677389,Inhibition of the phosphorylation of a random polyglutamic acid/tyrosine copolymer by human epidermal growth factor receptor(EGFR) prepared from human A431 carcinoma cells,B,,,BAO_0000190,BAO_0000219,cell-based format,COC(=O)CN(C)Cc1c[nH]c2cc3ncnc(Nc4cccc(Br)c4)c3cc12,,,CHEMBL1130030,J Med Chem,1997.0,"{'bei': '18.64', 'le': '0.40', 'lle': '4.25', 'sei': '10.19'}",CHEMBL39715,,CHEMBL39715,8.47,0.0,http://www.openphacts.org/units/Nanomolar,60208.0,=,1.0,1.0,=,,IC50,nM,,3.4,CHEMBL203,Homo sapiens,Epidermal growth factor receptor,9606.0,,,IC50,nM,UO_0000065,,3.4,8.468521082957745,1.0,388.26500000000016,4.933300000000004,1,5,56.27000000000001,6,3,3,c1ccc(Nc2ncnc3cc4[nH]ccc4cc23)cc1,False,True,False,False
,,202123.0,[],CHEMBL676156,Inhibition of autophosphorylation of epidermal growth factor receptor prepared from human A431 carcinoma cells.,B,,,BAO_0000190,BAO_0000219,cell-based format,COC(=O)CN(C)Cc1c[nH]c2cc3ncnc(Nc4cccc(Br)c4)c3cc12,,,CHEMBL1130030,J Med Chem,1997.0,"{'bei': '17.65', 'le': '0.38', 'lle': '3.80', 'sei': '9.64'}",CHEMBL39715,,CHEMBL39715,8.02,0.0,http://www.openphacts.org/units/Nanomolar,60208.0,=,1.0,1.0,=,,IC50,nM,,9.6,CHEMBL203,Homo sapiens,Epidermal growth factor receptor,9606.0,,,IC50,nM,UO_0000065,,9.6,8.017728766960431,1.0,510.5160000000002,5.789900000000005,2,6,85.37,11,4,4,c1ccc(Nc2ncnc3cc4[nH]ccc4cc23)cc1,False,True,False,False
,,202124.0,[],CHEMBL677389,Inhibition of the phosphorylation of a random polyglutamic acid/tyrosine copolymer by human epidermal growth factor receptor(EGFR) prepared from human A431 carcinoma cells,B,,,BAO_0000190,BAO_0000219,cell-based format,CN(CC(=O)O)Cc1c[nH]c2cc3ncnc(Nc4cccc(Br)c4)c3cc12,,,CHEMBL1130030,J Med Chem,1997.0,"{'bei': '20.76', 'le': '0.45', 'lle': '5.01', 'sei': '9.71'}",CHEMBL289213,,CHEMBL289213,9.14,0.0,http://www.openphacts.org/units/Nanomolar,60207.0,=,1.0,1.0,=,,IC50,nM,,0.72,CHEMBL203,Homo sapiens,Epidermal growth factor receptor,9606.0,,,IC50,nM,UO_0000065,,0.72,9.142667503568733,1.0,300.15900000000005,4.135900000000001,1,3,37.81,2,3,3,c1ccc(Nc2ncnc3cc4[nH]ccc4cc23)cc1,False,True,False,False
,,202125.0,[],CHEMBL676156,Inhibition of autophosphorylation of epidermal growth factor receptor prepared from human A431 carcinoma cells.,B,,,BAO_0000190,BAO_0000219,cell-based format,CN(CC(=O)O)Cc1c[nH]c2cc3ncnc(Nc4cccc(Br)c4)c3cc12,,,CHEMBL1130030,J Med Chem,1997.0,"{'bei': '14.16', 'le': '0.30', 'lle': '2.10', 'sei': '6.62'}",CHEMBL289213,,CHEMBL289213,6.23,0.0,http://www.openphacts.org/units/Nanomolar,60207.0,=,1.0,1.0,=,,IC50,nM,,584.0,CHEMBL203,Homo sapiens,Epidermal growth factor receptor,9606.0,,,IC50,nM,UO_0000065,,584.0,6.2335871528876,1.0,330.185,4.144500000000002,1,4,47.04,3,3,3,c1ccc(Nc2ncnc3cc4[nH]ccc4cc23)cc1,False,True,False,False
,,203323.0,[],CHEMBL674106,Inhibitory activity against epidermal growth factor receptor,B,,,BAO_0000190,BAO_0000357,single protein format,CS(=O)(=O)CCN(CCCCOc1ccc2ncnc(Nc3ccc(OCc4ccccc4)cc3)c2c1)C(=O)C(F)(F)F,,,CHEMBL1146682,Bioorg Med Chem Lett,2004.0,"{'bei': '10.67', 'le': '0.21', 'lle': '1.03', 'sei': '5.94'}",CHEMBL273789,,CHEMBL273789,6.58,0.0,http://www.openphacts.org/units/Nanomolar,15419.0,=,1.0,1.0,=,,IC50,nM,,263.0,CHEMBL203,Homo sapiens,Epidermal growth factor receptor,9606.0,,,IC50,nM,UO_0000065,,263.0,6.580044251510242,1.0,259.286,3.0801,3,5,73.58000000000001,1,3,3,c1ccc(COc2ccc(Nc3ncnc4ccccc34)cc2)cc1,False,True,False,False
,,203325.0,[],CHEMBL674106,Inhibitory activity against epidermal growth factor receptor,B,,,BAO_0000190,BAO_0000357,single protein format,C#Cc1cccc(Nc2ncnc3ccc(OCCCCNCCS(C)(=O)=O)cc23)c1,,,CHEMBL1146682,Bioorg Med Chem Lett,2004.0,"{'bei': '18.15', 'le': '0.35', 'lle': '4.81', 'sei': '8.54'}",CHEMBL517907,GW680191X,CHEMBL517907,7.96,0.0,http://www.openphacts.org/units/Nanomolar,15415.0,=,1.0,1.0,=,,IC50,nM,,11.0,CHEMBL203,Homo sapiens,Epidermal growth factor receptor,9606.0,,,IC50,nM,UO_0000065,,11.0,7.958607314841775,1.0,314.186,4.444320000000002,1,3,37.81,2,3,3,c1ccc(Nc2ncnc3ccccc23)cc1,False,True,False,False
,,203327.0,[],CHEMBL690547,Inhibition of EGFR overexpressing HN5 (head/neck carcinoma) cell line proliferation,F,,,BAO_0000190,BAO_0000219,cell-based format,C#Cc1cccc(Nc2ncnc3ccc(OCCCCNCCS(C)(=O)=O)cc23)c1,,,CHEMBL1146682,Bioorg Med Chem Lett,2004.0,,CHEMBL517907,GW680191X,CHEMBL517907,7.35,0.0,http://www.openphacts.org/units/Nanomolar,15415.0,=,1.0,1.0,=,,IC50,nM,,45.0,CHEMBL203,Homo sapiens,Epidermal growth factor receptor,9606.0,,,IC50,uM,UO_0000065,,0.045,7.346787486224656,1.0,466.96600000000007,3.959100000000002,2,7,93.21,11,3,3,c1ccc(Nc2ncnc3ccccc23)cc1,False,True,False,False
,,203329.0,[],CHEMBL674106,Inhibitory activity against epidermal growth factor receptor,B,,,BAO_0000190,BAO_0000357,single protein format,CS(=O)(=O)CCNCCCCOc1ccc2ncnc(Nc3ccc(S(=O)(=O)c4ccccc4)cc3)c2c1,,,CHEMBL1146682,Bioorg Med Chem Lett,2004.0,"{'bei': '12.68', 'le': '0.25', 'lle': '3.03', 'sei': '5.52'}",CHEMBL460732,,CHEMBL460732,7.03,0.0,http://www.openphacts.org/units/Nanomolar,15413.0,=,1.0,1.0,=,,IC50,nM,,93.0,CHEMBL203,Homo sapiens,Epidermal growth factor receptor,9606.0,,,IC50,nM,UO_0000065,,93.0,7.031517051446065,1.0,466.96600000000007,3.959100000000002,2,7,93.21,11,3,3,O=S(=O)(c1ccccc1)c1ccc(Nc2ncnc3ccccc23)cc1,False,True,False,False
,,204578.0,[],CHEMBL674106,Inhibitory activity against epidermal growth factor receptor,B,,,BAO_0000190,BAO_0000357,single protein format,C=CCOc1ccc2ncnc(Nc3ccc(OCc4ccccc4)cc3)c2c1,,,CHEMBL1146682,Bioorg Med Chem Lett,2004.0,"{'bei': '18.52', 'le': '0.33', 'lle': '1.58', 'sei': '12.62'}",CHEMBL540701,,CHEMBL540701,7.1,0.0,http://www.openphacts.org/units/Nanomolar,15417.0,=,1.0,1.0,=,,IC50,nM,,79.0,CHEMBL203,Homo sapiens,Epidermal growth factor receptor,9606.0,,,IC50,nM,UO_0000065,,79.0,7.102372908709558,1.0,302.23800000000006,1.988,5,7,131.36,1,3,3,c1ccc(COc2ccc(Nc3ncnc4ccccc34)cc2)cc1,False,True,False,False
,,205655.0,[],CHEMBL677389,Inhibition of the phosphorylation of a random polyglutamic acid/tyrosine copolymer by human epidermal growth factor receptor(EGFR) prepared from human A431 carcinoma cells,B,,,BAO_0000190,BAO_0000219,cell-based format,CN(C)CCn1ncc2cc3c(Nc4cccc(Br)c4)ncnc3cc21,,,CHEMBL1130030,J Med Chem,1997.0,"{'bei': '17.99', 'le': '0.39', 'lle': '3.35', 'sei': '12.57'}",CHEMBL287832,,CHEMBL287832,7.4,0.0,http://www.openphacts.org/units/Nanomolar,60212.0,=,1.0,1.0,=,,IC50,nM,,40.0,CHEMBL203,Homo sapiens,Epidermal growth factor receptor,9606.0,,,IC50,nM,UO_0000065,,40.0,7.397940008672037,1.0,414.26300000000015,2.8388,3,6,96.09,5,4,4,c1ccc(Nc2ncnc3cc4[nH]ncc4cc23)cc1,False,True,False,False
,,205656.0,[],CHEMBL676156,Inhibition of autophosphorylation of epidermal growth factor receptor prepared from human A431 carcinoma cells.,B,,,BAO_0000190,BAO_0000219,cell-based format,CN(C)CCn1ncc2cc3c(Nc4cccc(Br)c4)ncnc3cc21,,,CHEMBL1130030,J Med Chem,1997.0,"{'bei': '16.00', 'le': '0.35', 'lle': '2.53', 'sei': '11.18'}",CHEMBL287832,,CHEMBL287832,6.58,0.0,http://www.openphacts.org/units/Nanomolar,60212.0,=,1.0,1.0,=,,IC50,nM,,262.0,CHEMBL203,Homo sapiens,Epidermal growth factor receptor,9606.0,,,IC50,nM,UO_0000065,,262.0,6.581698708680254,1.0,414.26300000000015,2.8388,3,6,96.09,5,4,4,c1ccc(Nc2ncnc3cc4[nH]ncc4cc23)cc1,False,True,False,False
,,208007.0,[],CHEMBL677389,Inhibition of the phosphorylation of a random polyglutamic acid/tyrosine copolymer by human epidermal growth factor receptor(EGFR) prepared from human A431 carcinoma cells,B,,,BAO_0000190,BAO_0000219,cell-based format,Brc1cccc(Nc2ncnc3cc4[nH]ncc4cc23)c1,,,CHEMBL1130030,J Med Chem,1997.0,"{'bei': '27.50', 'le': '0.61', 'lle': '5.35', 'sei': '14.07'}",CHEMBL39337,,CHEMBL39337,9.36,1.0,http://www.openphacts.org/units/Nanomolar,60213.0,=,1.0,1.0,=,,IC50,nM,,0.44,CHEMBL203,Homo sapiens,Epidermal growth factor receptor,9606.0,,,IC50,nM,UO_0000065,,0.44,9.356547323513812,1.0,424.3460000000001,5.042300000000004,1,4,45.98,6,4,4,c1ccc(Nc2ncnc3cc4[nH]ncc4cc23)cc1,False,True,False,False
,,208008.0,[],CHEMBL676156,Inhibition of autophosphorylation of epidermal growth factor receptor prepared from human A431 carcinoma cells.,B,,,BAO_0000190,BAO_0000219,cell-based format,Brc1cccc(Nc2ncnc3cc4[nH]ncc4cc23)c1,,,CHEMBL1130030,J Med Chem,1997.0,"{'bei': '22.63', 'le': '0.50', 'lle': '3.69', 'sei': '11.58'}",CHEMBL39337,,CHEMBL39337,7.7,0.0,http://www.openphacts.org/units/Nanomolar,60213.0,=,1.0,1.0,=,,IC50,nM,,20.0,CHEMBL203,Homo sapiens,Epidermal growth factor receptor,9606.0,,,IC50,nM,UO_0000065,,20.0,7.698970004336019,1.0,424.3460000000001,5.042300000000004,1,4,45.98,6,4,4,c1ccc(Nc2ncnc3cc4[nH]ncc4cc23)cc1,False,True,False,False
,,208009.0,[],CHEMBL676158,Inhibition of Epidermal growth factor receptor from human A431 carcinoma cell membranes,B,,,BAO_0000190,BAO_0000019,assay format,Brc1cccc(Nc2ncnc3cc4[nH]ncc4cc23)c1,,,CHEMBL1130030,J Med Chem,1997.0,"{'bei': '27.50', 'le': '0.61', 'lle': '5.35', 'sei': '14.07'}",CHEMBL39337,,CHEMBL39337,9.36,1.0,http://www.openphacts.org/units/Nanomolar,60213.0,=,1.0,1.0,=,,IC50,nM,,0.44,CHEMBL203,Homo sapiens,Epidermal growth factor receptor,9606.0,,,IC50,nM,UO_0000065,,0.44,9.356547323513812,1.0,573.0900000000001,5.5381000000000045,2,8,102.44,14,4,4,c1ccc(Nc2ncnc3cc4[nH]ncc4cc23)cc1,False,True,False,False
,,208010.0,[],CHEMBL677389,Inhibition of the phosphorylation of a random polyglutamic acid/tyrosine copolymer by human epidermal growth factor receptor(EGFR) prepared from human A431 carcinoma cells,B,,,BAO_0000190,BAO_0000219,cell-based format,Brc1cccc(Nc2ncnc3cc4[nH]ccc4cc23)c1,,,CHEMBL1130030,J Med Chem,1997.0,"{'bei': '27.58', 'le': '0.61', 'lle': '4.74', 'sei': '17.46'}",CHEMBL40734,,CHEMBL40734,9.36,1.0,http://www.openphacts.org/units/Nanomolar,60190.0,=,1.0,1.0,=,,IC50,nM,,0.44,CHEMBL203,Homo sapiens,Epidermal growth factor receptor,9606.0,,,IC50,nM,UO_0000065,,0.44,9.356547323513812,1.0,354.21100000000007,4.022600000000002,1,4,55.63,2,4,4,c1ccc(Nc2ncnc3cc4[nH]ccc4cc23)cc1,False,True,False,False
,,208011.0,[],CHEMBL676156,Inhibition of autophosphorylation of epidermal growth factor receptor prepared from human A431 carcinoma cells.,B,,,BAO_0000190,BAO_0000219,cell-based format,Brc1cccc(Nc2ncnc3cc4[nH]ccc4cc23)c1,,,CHEMBL1130030,J Med Chem,1997.0,"{'bei': '22.58', 'le': '0.50', 'lle': '3.04', 'sei': '14.29'}",CHEMBL40734,,CHEMBL40734,7.66,0.0,http://www.openphacts.org/units/Nanomolar,60190.0,=,1.0,1.0,=,,IC50,nM,,22.0,CHEMBL203,Homo sapiens,Epidermal growth factor receptor,9606.0,,,IC50,nM,UO_0000065,,22.0,7.657577319177793,1.0,354.21100000000007,4.022600000000002,1,4,55.63,2,4,4,c1ccc(Nc2ncnc3cc4[nH]ccc4cc23)cc1,False,True,False,False
,,208012.0,[],CHEMBL676158,Inhibition of Epidermal growth factor receptor from human A431 carcinoma cell membranes,B,,,BAO_0000190,BAO_0000019,assay format,Brc1cccc(Nc2ncnc3cc4[nH]ccc4cc23)c1,,,CHEMBL1130030,J Med Chem,1997.0,"{'bei': '27.58', 'le': '0.61', 'lle': '4.74', 'sei': '17.46'}",CHEMBL40734,,CHEMBL40734,9.36,1.0,http://www.openphacts.org/units/Nanomolar,60190.0,=,1.0,1.0,=,,IC50,nM,,0.44,CHEMBL203,Homo sapiens,Epidermal growth factor receptor,9606.0,,,IC50,nM,UO_0000065,,0.44,9.356547323513812,1.0,397.2320000000001,4.175200000000002,2,4,80.04,4,4,4,c1ccc(Nc2ncnc3cc4[nH]ccc4cc23)cc1,False,True,False,False
,,209193.0,[],CHEMBL677389,Inhibition of the phosphorylation of a random polyglutamic acid/tyrosine copolymer by human epidermal growth factor receptor(EGFR) prepared from human A431 carcinoma cells,B,,,BAO_0000190,BAO_0000219,cell-based format,CN(C)CCN(C)Cc1c[nH]c2cc3ncnc(Nc4cccc(Br)c4)c3cc12,,,CHEMBL1130030,J Med Chem,1997.0,"{'bei': '17.92', 'le': '0.38', 'lle': '3.51', 'sei': '13.52'}",CHEMBL39811,,CHEMBL39811,8.12,0.0,http://www.openphacts.org/units/Nanomolar,60209.0,=,1.0,1.0,=,,IC50,nM,,7.5,CHEMBL203,Homo sapiens,Epidermal growth factor receptor,9606.0,,,IC50,nM,UO_0000065,,7.5,8.1249387366083,1.0,397.2320000000001,4.175200000000002,2,4,80.04,4,4,4,c1ccc(Nc2ncnc3cc4[nH]ccc4cc23)cc1,False,True,False,False
,,209194.0,[],CHEMBL676156,Inhibition of autophosphorylation of epidermal growth factor receptor prepared from human A431 carcinoma cells.,B,,,BAO_0000190,BAO_0000219,cell-based format,CN(C)CCN(C)Cc1c[nH]c2cc3ncnc(Nc4cccc(Br)c4)c3cc12,,,CHEMBL1130030,J Med Chem,1997.0,"{'bei': '15.64', 'le': '0.33', 'lle': '2.48', 'sei': '11.80'}",CHEMBL39811,,CHEMBL39811,7.09,0.0,http://www.openphacts.org/units/Nanomolar,60209.0,=,1.0,1.0,=,,IC50,nM,,81.0,CHEMBL203,Homo sapiens,Epidermal growth factor receptor,9606.0,,,IC50,nM,UO_0000065,,81.0,7.091514981121351,1.0,506.6280000000002,4.355500000000003,2,8,102.44,13,4,4,c1ccc(Nc2ncnc3cc4[nH]ccc4cc23)cc1,False,True,False,False
,,210398.0,[],CHEMBL677389,Inhibition of the phosphorylation of a random polyglutamic acid/tyrosine copolymer by human epidermal growth factor receptor(EGFR) prepared from human A431 carcinoma cells,B,,,BAO_0000190,BAO_0000219,cell-based format,Cn1ccc2cc3c(Nc4cccc(Br)c4)ncnc3cc21,,,CHEMBL1130030,J Med Chem,1997.0,"{'bei': '25.75', 'le': '0.56', 'lle': '4.47', 'sei': '21.28'}",CHEMBL36727,,CHEMBL36727,9.1,0.0,http://www.openphacts.org/units/Nanomolar,60199.0,=,1.0,1.0,=,,IC50,nM,,0.8,CHEMBL203,Homo sapiens,Epidermal growth factor receptor,9606.0,,,IC50,nM,UO_0000065,,0.8,9.096910013008056,1.0,410.3190000000001,4.652200000000003,1,4,45.98,5,4,4,c1ccc(Nc2ncnc3cc4[nH]ccc4cc23)cc1,False,True,False,False
,,210399.0,[],CHEMBL676156,Inhibition of autophosphorylation of epidermal growth factor receptor prepared from human A431 carcinoma cells.,B,,,BAO_0000190,BAO_0000219,cell-based format,Cn1ccc2cc3c(Nc4cccc(Br)c4)ncnc3cc21,,,CHEMBL1130030,J Med Chem,1997.0,"{'bei': '21.68', 'le': '0.48', 'lle': '3.03', 'sei': '17.92'}",CHEMBL36727,,CHEMBL36727,7.66,0.0,http://www.openphacts.org/units/Nanomolar,60199.0,=,1.0,1.0,=,,IC50,nM,,22.0,CHEMBL203,Homo sapiens,Epidermal growth factor receptor,9606.0,,,IC50,nM,UO_0000065,,22.0,7.657577319177793,1.0,410.3190000000001,4.652200000000003,1,4,45.98,5,4,4,c1ccc(Nc2ncnc3cc4[nH]ccc4cc23)cc1,False,True,False,False
,,210400.0,[],CHEMBL677389,Inhibition of the phosphorylation of a random polyglutamic acid/tyrosine copolymer by human epidermal growth factor receptor(EGFR) prepared from human A431 carcinoma cells,B,,,BAO_0000190,BAO_0000219,cell-based format,Brc1cccc(Nc2ncnc3cc4c(cnn4CCCN4CCOCC4)cc23)c1,,,CHEMBL1130030,J Med Chem,1997.0,"{'bei': '17.24', 'le': '0.37', 'lle': '3.85', 'sei': '11.83'}",CHEMBL39355,,CHEMBL39355,8.06,0.0,http://www.openphacts.org/units/Nanomolar,60194.0,=,1.0,1.0,=,,IC50,nM,,8.8,CHEMBL203,Homo sapiens,Epidermal growth factor receptor,9606.0,,,IC50,nM,UO_0000065,,8.8,8.05551732784983,1.0,454.32800000000015,4.222000000000002,2,6,83.14,6,4,4,c1ccc(Nc2ncnc3cc4c(cnn4CCCN4CCOCC4)cc23)cc1,False,True,False,False
,,210401.0,[],CHEMBL676156,Inhibition of autophosphorylation of epidermal growth factor receptor prepared from human A431 carcinoma cells.,B,,,BAO_0000190,BAO_0000219,cell-based format,Brc1cccc(Nc2ncnc3cc4c(cnn4CCCN4CCOCC4)cc23)c1,,,CHEMBL1130030,J Med Chem,1997.0,"{'bei': '15.22', 'le': '0.32', 'lle': '2.90', 'sei': '10.45'}",CHEMBL39355,,CHEMBL39355,7.11,0.0,http://www.openphacts.org/units/Nanomolar,60194.0,=,1.0,1.0,=,,IC50,nM,,77.0,CHEMBL203,Homo sapiens,Epidermal growth factor receptor,9606.0,,,IC50,nM,UO_0000065,,77.0,7.113509274827518,1.0,454.32800000000015,4.222000000000002,2,6,83.14,6,4,4,c1ccc(Nc2ncnc3cc4c(cnn4CCCN4CCOCC4)cc23)cc1,False,True,False,False
,,210448.0,[],CHEMBL674106,Inhibitory activity against epidermal growth factor receptor,B,,,BAO_0000190,BAO_0000357,single protein format,CS(=O)(=O)CCNCCCCOc1ccc2ncnc(Nc3ccc4c(cnn4Cc4cccc(F)c4)c3)c2c1,,,CHEMBL1146682,Bioorg Med Chem Lett,2004.0,"{'bei': '13.54', 'le': '0.26', 'lle': '2.92', 'sei': '6.86'}",CHEMBL493428,,CHEMBL493428,7.62,0.0,http://www.openphacts.org/units/Nanomolar,15411.0,=,1.0,1.0,=,,IC50,nM,,24.0,CHEMBL203,Homo sapiens,Epidermal growth factor receptor,9606.0,,,IC50,nM,UO_0000065,,24.0,7.619788758288394,1.0,440.3010000000001,4.133600000000002,3,5,94.14,6,4,4,c1ccc(Cn2ncc3cc(Nc4ncnc5ccccc45)ccc32)cc1,False,True,False,False
,,210450.0,[],CHEMBL690547,Inhibition of EGFR overexpressing HN5 (head/neck carcinoma) cell line proliferation,F,,,BAO_0000190,BAO_0000219,cell-based format,CS(=O)(=O)CCNCCCCOc1ccc2ncnc(Nc3ccc4c(cnn4Cc4cccc(F)c4)c3)c2c1,,,CHEMBL1146682,Bioorg Med Chem Lett,2004.0,,CHEMBL493428,,CHEMBL493428,6.2,0.0,http://www.openphacts.org/units/Nanomolar,15411.0,=,1.0,1.0,=,,IC50,nM,,630.0,CHEMBL203,Homo sapiens,Epidermal growth factor receptor,9606.0,,,IC50,uM,UO_0000065,,0.63,6.200659450546418,1.0,440.3010000000001,4.133600000000002,3,5,94.14,6,4,4,c1ccc(Cn2ncc3cc(Nc4ncnc5ccccc45)ccc32)cc1,False,True,False,False
,,213204.0,[],CHEMBL814059,Cytotoxic effect on EGF-receptor overexpressing HN5 squamous carcinoma cells,F,,,BAO_0000190,BAO_0000219,cell-based format,Oc1ccc(-c2nc3ccc(O)cc3s2)cc1,Outside typical range,"Values for this activity type are unusually large/small, so may not be accurate",CHEMBL1127530,J Med Chem,1994.0,,CHEMBL44227,,CHEMBL44227,,0.0,http://www.openphacts.org/units/Nanomolar,76267.0,=,1.0,1.0,=,,IC50,nM,,130000.0,CHEMBL203,Homo sapiens,Epidermal growth factor receptor,9606.0,,,IC50,uM,UO_0000065,,130.0,3.886056647693163,0.0,616.6620000000004,5.546900000000005,1,8,110.72,14,4,4,c1ccc(-c2nc3ccccc3s2)cc1,False,False,False,False
,,214991.0,[],CHEMBL677389,Inhibition of the phosphorylation of a random polyglutamic acid/tyrosine copolymer by human epidermal growth factor receptor(EGFR) prepared from human A431 carcinoma cells,B,,,BAO_0000190,BAO_0000219,cell-based format,c1ccc(Nc2ncnc3ccccc23)cc1,,,CHEMBL1130030,J Med Chem,1997.0,"{'bei': '29.20', 'le': '0.52', 'lle': '3.09', 'sei': '17.09'}",CHEMBL289959,,CHEMBL289959,6.46,1.0,http://www.openphacts.org/units/Nanomolar,60188.0,=,1.0,1.0,=,,IC50,nM,,346.0,CHEMBL203,Homo sapiens,Epidermal growth factor receptor,9606.0,,,IC50,nM,UO_0000065,,346.0,6.460923901207224,1.0,438.5530000000002,3.1479000000000017,2,7,93.21,11,3,3,c1ccc(Nc2ncnc3ccccc23)cc1,False,True,False,False
,,215556.0,[],CHEMBL814060,Cytotoxic effect on EGF-receptor overexpressing HN5 squamous carcinoma cells,F,,,BAO_0000190,BAO_0000219,cell-based format,Oc1ccc(/N=N/c2ccc(O)cc2O)cc1,,,CHEMBL1127530,J Med Chem,1994.0,,CHEMBL47966,,CHEMBL47966,4.24,0.0,http://www.openphacts.org/units/Nanomolar,76265.0,=,1.0,1.0,=,,IC50,nM,,58000.0,CHEMBL203,Homo sapiens,Epidermal growth factor receptor,9606.0,,,IC50,uM,UO_0000065,,58.0,4.236572006437063,0.0,438.5530000000002,3.1479000000000017,2,7,93.21,11,3,3,c1ccc(/N=N/c2ccccc2)cc1,False,True,False,False
,,216291.0,[],CHEMBL674106,Inhibitory activity against epidermal growth factor receptor,B,,,BAO_0000190,BAO_0000357,single protein format,CN(CCCOc1ccc2ncnc(Nc3ccc(OCc4ccccc4)cc3)c2c1)CCS(C)(=O)=O,,,CHEMBL1146682,Bioorg Med Chem Lett,2004.0,"{'bei': '11.68', 'le': '0.22', 'lle': '1.38', 'sei': '6.49'}",CHEMBL14874,,CHEMBL14874,6.08,0.0,http://www.openphacts.org/units/Nanomolar,15416.0,=,1.0,1.0,=,,IC50,nM,,830.0,CHEMBL203,Homo sapiens,Epidermal growth factor receptor,9606.0,,,IC50,nM,UO_0000065,,830.0,6.080921907623926,1.0,554.6940000000002,3.9994000000000014,2,9,127.35,13,4,4,c1ccc(COc2ccc(Nc3ncnc4ccccc34)cc2)cc1,False,True,False,False
,,218693.0,[],CHEMBL677389,Inhibition of the phosphorylation of a random polyglutamic acid/tyrosine copolymer by human epidermal growth factor receptor(EGFR) prepared from human A431 carcinoma cells,B,,,BAO_0000190,BAO_0000219,cell-based format,OCC(O)Cn1ccc2cc3c(Nc4cccc(Br)c4)ncnc3cc21,,,CHEMBL1130030,J Med Chem,1997.0,"{'bei': '21.28', 'le': '0.46', 'lle': '5.36', 'sei': '10.57'}",CHEMBL416611,,CHEMBL416611,8.8,0.0,http://www.openphacts.org/units/Nanomolar,60198.0,=,1.0,1.0,=,,IC50,nM,,1.6,CHEMBL203,Homo sapiens,Epidermal growth factor receptor,9606.0,,,IC50,nM,UO_0000065,,1.6,8.795880017344075,1.0,383.4510000000001,5.517200000000004,1,5,56.27000000000001,8,4,4,c1ccc(Nc2ncnc3cc4[nH]ccc4cc23)cc1,False,True,False,False
,,218694.0,[],CHEMBL676156,Inhibition of autophosphorylation of epidermal growth factor receptor prepared from human A431 carcinoma cells.,B,,,BAO_0000190,BAO_0000219,cell-based format,OCC(O)Cn1ccc2cc3c(Nc4cccc(Br)c4)ncnc3cc21,,,CHEMBL1130030,J Med Chem,1997.0,"{'bei': '17.69', 'le': '0.38', 'lle': '3.87', 'sei': '8.79'}",CHEMBL416611,,CHEMBL416611,7.31,0.0,http://www.openphacts.org/units/Nanomolar,60198.0,=,1.0,1.0,=,,IC50,nM,,49.0,CHEMBL203,Homo sapiens,Epidermal growth factor receptor,9606.0,,,IC50,nM,UO_0000065,,49.0,7.309803919971486,1.0,411.3070000000001,4.047200000000002,1,5,58.870000000000005,5,4,4,c1ccc(Nc2ncnc3cc4[nH]ccc4cc23)cc1,False,True,False,False
,,219940.0,[],CHEMBL677389,Inhibition of the phosphorylation of a random polyglutamic acid/tyrosine copolymer by human epidermal growth factor receptor(EGFR) prepared from human A431 carcinoma cells,B,,,BAO_0000190,BAO_0000219,cell-based format,Brc1cccc(Nc2ncnc3cc4[nH]cc(CN5CCOCC5)c4cc23)c1,,,CHEMBL1130030,J Med Chem,1997.0,"{'bei': '18.98', 'le': '0.41', 'lle': '3.87', 'sei': '12.59'}",CHEMBL36967,,CHEMBL36967,8.32,0.0,http://www.openphacts.org/units/Nanomolar,60210.0,=,1.0,1.0,=,,IC50,nM,,4.8,CHEMBL203,Homo sapiens,Epidermal growth factor receptor,9606.0,,,IC50,nM,UO_0000065,,4.8,8.318758762624412,1.0,411.3070000000001,4.047200000000002,1,5,58.870000000000005,5,4,4,c1ccc(Nc2ncnc3cc4[nH]cc(CN5CCOCC5)c4cc23)cc1,False,True,False,False
,,219941.0,[],CHEMBL676156,Inhibition of autophosphorylation of epidermal growth factor receptor prepared from human A431 carcinoma cells.,B,,,BAO_0000190,BAO_0000219,cell-based format,Brc1cccc(Nc2ncnc3cc4[nH]cc(CN5CCOCC5)c4cc23)c1,,,CHEMBL1130030,J Med Chem,1997.0,"{'bei': '18.29', 'le': '0.39', 'lle': '3.57', 'sei': '12.14'}",CHEMBL36967,,CHEMBL36967,8.02,0.0,http://www.openphacts.org/units/Nanomolar,60210.0,=,1.0,1.0,=,,IC50,nM,,9.6,CHEMBL203,Homo sapiens,Epidermal growth factor receptor,9606.0,,,IC50,nM,UO_0000065,,9.6,8.017728766960431,1.0,340.184,4.012200000000001,2,4,66.49000000000001,2,4,4,c1ccc(Nc2ncnc3cc4[nH]cc(CN5CCOCC5)c4cc23)cc1,False,True,False,False
,,220991.0,[],CHEMBL677389,Inhibition of the phosphorylation of a random polyglutamic acid/tyrosine copolymer by human epidermal growth factor receptor(EGFR) prepared from human A431 carcinoma cells,B,,,BAO_0000190,BAO_0000219,cell-based format,OCCN(CCO)Cc1c[nH]c2cc3ncnc(Nc4cccc(Br)c4)c3cc12,,,CHEMBL1130030,J Med Chem,1997.0,"{'bei': '18.53', 'le': '0.40', 'lle': '5.06', 'sei': '8.69'}",CHEMBL36164,,CHEMBL36164,8.46,0.0,http://www.openphacts.org/units/Nanomolar,60192.0,=,1.0,1.0,=,,IC50,nM,,3.5,CHEMBL203,Homo sapiens,Epidermal growth factor receptor,9606.0,,,IC50,nM,UO_0000065,,3.5,8.455931955649724,1.0,340.184,4.012200000000001,2,4,66.49000000000001,2,4,4,c1ccc(Nc2ncnc3cc4[nH]ccc4cc23)cc1,False,True,False,False
,,220992.0,[],CHEMBL676156,Inhibition of autophosphorylation of epidermal growth factor receptor prepared from human A431 carcinoma cells.,B,,,BAO_0000190,BAO_0000219,cell-based format,OCCN(CCO)Cc1c[nH]c2cc3ncnc(Nc4cccc(Br)c4)c3cc12,,,CHEMBL1130030,J Med Chem,1997.0,"{'bei': '15.05', 'le': '0.32', 'lle': '3.47', 'sei': '7.06'}",CHEMBL36164,,CHEMBL36164,6.87,0.0,http://www.openphacts.org/units/Nanomolar,60192.0,=,1.0,1.0,=,,IC50,nM,,135.0,CHEMBL203,Homo sapiens,Epidermal growth factor receptor,9606.0,,,IC50,nM,UO_0000065,,135.0,6.8696662315049934,1.0,340.184,4.012200000000001,2,4,66.49000000000001,2,4,4,c1ccc(Nc2ncnc3cc4[nH]ccc4cc23)cc1,False,True,False,False
,,224609.0,[],CHEMBL873605,Inhibition of Epidermal growth factor receptor,B,,,BAO_0000190,BAO_0000357,single protein format,CN1CC[C@H](c2c(O)cc(O)c3c(=O)cc(-c4ccccc4Cl)oc23)[C@H](O)C1,,,CHEMBL1133502,J Med Chem,2000.0,"{'bei': '11.59', 'le': '0.23', 'lle': '1.36', 'sei': '4.95'}",CHEMBL428690,ALVOCIDIB,CHEMBL428690,4.66,0.0,http://www.openphacts.org/units/Nanomolar,254265.0,=,1.0,1.0,=,,IC50,nM,,22000.0,CHEMBL203,Homo sapiens,Epidermal growth factor receptor,9606.0,,,IC50,uM,UO_0000065,,22.0,4.657577319177793,0.0,339.196,4.617200000000001,2,3,53.6,2,4,4,O=c1cc(-c2ccccc2)oc2c(C3CCNCC3)cccc12,False,False,False,False
,,224620.0,[],CHEMBL873605,Inhibition of Epidermal growth factor receptor,B,,,BAO_0000190,BAO_0000357,single protein format,CN1CC[C@H](c2c(O)cc(O)c3c(=O)cc(Oc4ccccc4Cl)oc23)[C@H](O)C1,,,CHEMBL1133502,J Med Chem,2000.0,,CHEMBL133498,,CHEMBL133498,,0.0,http://www.openphacts.org/units/Nanomolar,254273.0,>,1.0,1.0,>,,IC50,nM,,50000.0,CHEMBL203,Homo sapiens,Epidermal growth factor receptor,9606.0,,,IC50,uM,UO_0000065,,50.0,4.301029995663981,0.0,339.196,4.617200000000001,2,3,53.6,2,4,4,O=c1cc(Oc2ccccc2)oc2c(C3CCNCC3)cccc12,False,False,False,False
,,229600.0,[],CHEMBL873605,Inhibition of Epidermal growth factor receptor,B,,,BAO_0000190,BAO_0000357,single protein format,CN1CC[C@H](c2c(O)cc(O)c3c(=O)cc(Sc4ccccc4Cl)oc23)[C@H](O)C1,,,CHEMBL1133502,J Med Chem,2000.0,,CHEMBL334881,,CHEMBL334881,,0.0,http://www.openphacts.org/units/Nanomolar,254276.0,>,1.0,1.0,>,,IC50,nM,,50000.0,CHEMBL203,Homo sapiens,Epidermal growth factor receptor,9606.0,,,IC50,uM,UO_0000065,,50.0,4.301029995663981,0.0,339.196,4.617200000000001,2,3,53.6,2,4,4,O=c1cc(Sc2ccccc2)oc2c(C3CCNCC3)cccc12,False,False,False,False
,,244114.0,[],CHEMBL873605,Inhibition of Epidermal growth factor receptor,B,,,BAO_0000190,BAO_0000357,single protein format,COC(=O)[C@@]1(Cc2ccc(O)c(CC=C(C)C)c2)OC(=O)C(O)=C1c1ccc(O)cc1,Outside typical range,"Values for this activity type are unusually large/small, so may not be accurate",CHEMBL1133502,J Med Chem,2000.0,,CHEMBL1242973,BUTYROLACTONE I,CHEMBL1242973,,0.0,http://www.openphacts.org/units/Nanomolar,254267.0,=,1.0,1.0,=,,IC50,nM,,590000.0,CHEMBL203,Homo sapiens,Epidermal growth factor receptor,9606.0,,,IC50,uM,UO_0000065,,590.0,3.229147988357856,0.0,453.38800000000015,4.6106000000000025,2,5,60.08,7,4,4,O=C1C=C(c2ccccc2)C(Cc2ccccc2)O1,False,False,False,False
,,257864.0,[],CHEMBL873605,Inhibition of Epidermal growth factor receptor,B,,,BAO_0000190,BAO_0000357,single protein format,Cn1cnc2c(NCc3ccccc3)nc(NCCO)nc21,Outside typical range,"Values for this activity type are unusually large/small, so may not be accurate",CHEMBL1133502,J Med Chem,2000.0,,CHEMBL280074,OLOMOUCINE,CHEMBL280074,,0.0,http://www.openphacts.org/units/Nanomolar,254268.0,=,1.0,1.0,=,,IC50,nM,,440000.0,CHEMBL203,Homo sapiens,Epidermal growth factor receptor,9606.0,,,IC50,uM,UO_0000065,,440.0,3.356547323513813,0.0,453.38800000000015,4.6106000000000025,2,5,60.08,7,4,4,c1ccc(CNc2ncnc3[nH]cnc23)cc1,False,False,False,False
,,265169.0,[],CHEMBL677890,Inhibitory activity against protein tyrosine kinase of Epidermal growth factor receptor was determined,B,,,BAO_0000190,BAO_0000357,single protein format,CO[C@H]1[C@@H](N(C)C(=O)c2ccccc2)C[C@@H]2O[C@@]1(C)n1c3ccccc3c3c4c(c5c6ccccc6n2c5c31)C(=O)NC4,,,CHEMBL1127758,Bioorg Med Chem Lett,1994.0,"{'bei': '10.03', 'le': '0.18', 'lle': '-0.19', 'sei': '7.36'}",CHEMBL338448,,CHEMBL338448,5.72,0.0,http://www.openphacts.org/units/Nanomolar,249318.0,=,1.0,1.0,=,,IC50,nM,,1900.0,CHEMBL203,Homo sapiens,Epidermal growth factor receptor,9606.0,,,IC50,uM,UO_0000065,,1.9,5.721246399047171,0.0,353.22300000000007,4.627600000000002,1,3,42.74,2,4,4,O=C(N[C@@H]1CC2O[C@@H](C1)n1c3ccccc3c3c4c(c5c6ccccc6n2c5c31)CNC4=O)c1ccccc1,False,False,False,False
,,266495.0,[],CHEMBL677890,Inhibitory activity against protein tyrosine kinase of Epidermal growth factor receptor was determined,B,,,BAO_0000190,BAO_0000357,single protein format,CO[C@H]1[C@@H](N(C)C(=O)c2ccc(Cl)cc2)C[C@@H]2O[C@@]1(C)n1c3ccccc3c3c4c(c5c6ccccc6n2c5c31)C(=O)NC4,,,CHEMBL1127758,Bioorg Med Chem Lett,1994.0,"{'bei': '8.52', 'le': '0.16', 'lle': '-1.41', 'sei': '6.63'}",CHEMBL131715,,CHEMBL131715,5.16,0.0,http://www.openphacts.org/units/Nanomolar,249312.0,=,1.0,1.0,=,,IC50,nM,,7000.0,CHEMBL203,Homo sapiens,Epidermal growth factor receptor,9606.0,,,IC50,uM,UO_0000065,,7.0,5.154901959985743,0.0,353.22300000000007,4.627600000000002,1,3,42.74,2,4,4,O=C(N[C@@H]1CC2O[C@@H](C1)n1c3ccccc3c3c4c(c5c6ccccc6n2c5c31)CNC4=O)c1ccccc1,False,False,False,False
,,266500.0,[],CHEMBL677890,Inhibitory activity against protein tyrosine kinase of Epidermal growth factor receptor was determined,B,,,BAO_0000190,BAO_0000357,single protein format,CO[C@H]1[C@@H](N(C)C(=O)c2ccc(C(=O)O)cc2)C[C@@H]2O[C@@]1(C)n1c3ccccc3c3c4c(c5c6ccccc6n2c5c31)C(=O)NC4,,,CHEMBL1127758,Bioorg Med Chem Lett,1994.0,"{'bei': '11.32', 'le': '0.21', 'lle': '1.35', 'sei': '6.05'}",CHEMBL435809,,CHEMBL435809,6.96,0.0,http://www.openphacts.org/units/Nanomolar,249292.0,=,1.0,1.0,=,,IC50,nM,,110.0,CHEMBL203,Homo sapiens,Epidermal growth factor receptor,9606.0,,,IC50,uM,UO_0000065,,0.11,6.958607314841775,1.0,467.3710000000004,4.207900000000002,1,6,68.10000000000001,6,5,4,O=C(N[C@@H]1CC2O[C@@H](C1)n1c3ccccc3c3c4c(c5c6ccccc6n2c5c31)CNC4=O)c1ccccc1,False,False,False,False
,,271226.0,[],CHEMBL675521,Inhibition of Epidermal growth factor receptor (EGFr) tyrosine kinase,B,,,BAO_0000190,BAO_0000357,single protein format,Cc1cccc(C)c1-c1cc2cnc(N)nc2nc1NC(=O)NC(C)(C)C,,,CHEMBL1130094,J Med Chem,1997.0,"{'bei': '17.05', 'le': '0.31', 'lle': '2.40', 'sei': '5.87'}",CHEMBL57323,,CHEMBL57323,6.21,0.0,http://www.openphacts.org/units/Nanomolar,133216.0,=,1.0,1.0,=,,IC50,nM,,610.0,CHEMBL203,Homo sapiens,Epidermal growth factor receptor,9606.0,,,IC50,uM,UO_0000065,,0.61,6.214670164989233,1.0,467.3710000000004,4.207900000000002,1,6,68.10000000000001,6,5,4,c1ccc(-c2cnc3ncncc3c2)cc1,False,False,False,False
,,271231.0,[],CHEMBL675521,Inhibition of Epidermal growth factor receptor (EGFr) tyrosine kinase,B,,,BAO_0000190,BAO_0000357,single protein format,CN1CCN(CCCNc2ncc3cc(-c4c(Cl)cccc4Cl)c(NC(=O)NC(C)(C)C)nc3n2)CC1,,,CHEMBL1130094,J Med Chem,1997.0,"{'bei': '12.51', 'le': '0.25', 'lle': '1.85', 'sei': '6.94'}",CHEMBL57347,,CHEMBL57347,6.82,0.0,http://www.openphacts.org/units/Nanomolar,133217.0,=,1.0,1.0,=,,IC50,nM,,150.0,CHEMBL203,Homo sapiens,Epidermal growth factor receptor,9606.0,,,IC50,uM,UO_0000065,,0.15,6.823908740944319,1.0,562.6710000000002,4.703700000000003,2,8,111.03,13,5,5,c1ccc(-c2cnc3nc(NCCCN4CCNCC4)ncc3c2)cc1,False,False,False,False
,,271238.0,[],CHEMBL675521,Inhibition of Epidermal growth factor receptor (EGFr) tyrosine kinase,B,,,BAO_0000190,BAO_0000357,single protein format,Cc1cc(C)c(C)c(-c2cc3cnc(NCCCN4CCN(C)CC4)nc3nc2NC(=O)NC(C)(C)C)c1C,,,CHEMBL1130094,J Med Chem,1997.0,"{'bei': '9.68', 'le': '0.18', 'lle': '0.26', 'sei': '5.24'}",CHEMBL75188,,CHEMBL75188,5.16,0.0,http://www.openphacts.org/units/Nanomolar,133218.0,=,1.0,1.0,=,,IC50,nM,,7000.0,CHEMBL203,Homo sapiens,Epidermal growth factor receptor,9606.0,,,IC50,uM,UO_0000065,,7.0,5.154901959985743,0.0,562.6710000000002,4.703700000000003,2,8,111.03,13,5,5,c1ccc(-c2cnc3nc(NCCCN4CCNCC4)ncc3c2)cc1,False,False,False,False
,,271592.0,[],CHEMBL677890,Inhibitory activity against protein tyrosine kinase of Epidermal growth factor receptor was determined,B,,,BAO_0000190,BAO_0000357,single protein format,CO[C@H]1[C@@H](N(C)S(C)(=O)=O)C[C@@H]2O[C@@]1(C)n1c3ccccc3c3c4c(c5c6ccccc6n2c5c31)C(=O)NC4,,,CHEMBL1127758,Bioorg Med Chem Lett,1994.0,"{'bei': '10.94', 'le': '0.21', 'lle': '1.93', 'sei': '6.29'}",CHEMBL131020,,CHEMBL131020,5.96,0.0,http://www.openphacts.org/units/Nanomolar,249306.0,=,1.0,1.0,=,,IC50,nM,,1100.0,CHEMBL203,Homo sapiens,Epidermal growth factor receptor,9606.0,,,IC50,uM,UO_0000065,,1.1,5.958607314841775,0.0,243.28700000000003,3.3745000000000003,2,4,53.35000000000001,1,3,3,O=C1NCc2c1c1c3ccccc3n3c1c1c2c2ccccc2n1C1CCC[C@@H]3O1,False,False,False,False
,,271596.0,[],CHEMBL677890,Inhibitory activity against protein tyrosine kinase of Epidermal growth factor receptor was determined,B,,,BAO_0000190,BAO_0000357,single protein format,CO[C@H]1[C@@H](N(C)C(=O)c2ccccc2Cl)C[C@@H]2O[C@@]1(C)n1c3ccccc3c3c4c(c5c6ccccc6n2c5c31)C(=O)NC4,,,CHEMBL1127758,Bioorg Med Chem Lett,1994.0,"{'bei': '8.81', 'le': '0.17', 'lle': '-1.23', 'sei': '6.85'}",CHEMBL131590,,CHEMBL131590,5.33,0.0,http://www.openphacts.org/units/Nanomolar,249314.0,=,1.0,1.0,=,,IC50,nM,,4700.0,CHEMBL203,Homo sapiens,Epidermal growth factor receptor,9606.0,,,IC50,uM,UO_0000065,,4.7,5.327902142064283,0.0,221.26300000000003,3.373400000000001,1,3,37.81,2,3,3,O=C(N[C@@H]1CC2O[C@@H](C1)n1c3ccccc3c3c4c(c5c6ccccc6n2c5c31)CNC4=O)c1ccccc1,False,False,False,False
,,272862.0,[],CHEMBL680015,Inhibition of EGFR,B,,,BAO_0000190,BAO_0000357,single protein format,CS(=O)(=O)CCNc1nc(-c2ccc3ncnc(Nc4ccc(OCc5ccccc5)c(Cl)c4)c3c2)cs1,,,CHEMBL1136583,Bioorg Med Chem Lett,2003.0,"{'bei': '14.30', 'le': '0.29', 'lle': '1.91', 'sei': '7.63'}",CHEMBL160846,,CHEMBL160846,8.1,0.0,http://www.openphacts.org/units/Nanomolar,309600.0,=,1.0,1.0,=,,IC50,nM,,8.0,CHEMBL203,Homo sapiens,Epidermal growth factor receptor,9606.0,,,IC50,uM,UO_0000065,,0.008,8.096910013008056,1.0,230.22300000000004,3.2188000000000008,3,5,85.41000000000001,2,2,2,c1ccc(COc2ccc(Nc3ncnc4ccc(-c5cscn5)cc34)cc2)cc1,False,True,False,False
,,272864.0,[],CHEMBL879468,Inhibition of EGFR overexpressing HN5 (Head and neck) tumor cell proliferation,F,,,BAO_0000190,BAO_0000019,assay format,CS(=O)(=O)CCNc1nc(-c2ccc3ncnc(Nc4ccc(OCc5ccccc5)c(Cl)c4)c3c2)cs1,,,CHEMBL1136583,Bioorg Med Chem Lett,2003.0,,CHEMBL160846,,CHEMBL160846,6.64,0.0,http://www.openphacts.org/units/Nanomolar,309600.0,=,1.0,1.0,=,,IC50,nM,,230.0,CHEMBL203,Homo sapiens,Epidermal growth factor receptor,9606.0,,,IC50,uM,UO_0000065,,0.23,6.638272163982407,1.0,520.6550000000003,4.697700000000004,1,8,93.65,13,4,4,c1ccc(COc2ccc(Nc3ncnc4ccc(-c5cscn5)cc34)cc2)cc1,False,True,False,False
,,273532.0,[],CHEMBL675520,Inhibition of Epidermal growth factor receptor autophosphorylation in A431 cell membranes,B,,,BAO_0000190,BAO_0000219,cell-based format,O=P(O)(O)C(O)c1ccc2ccccc2c1,Outside typical range,"Values for this activity type are unusually large/small, so may not be accurate",CHEMBL1125830,J Med Chem,1991.0,,CHEMBL26001,,CHEMBL26001,,0.0,http://www.openphacts.org/units/Nanomolar,64861.0,=,1.0,1.0,=,,IC50,nM,,250000.0,CHEMBL203,Homo sapiens,Epidermal growth factor receptor,9606.0,,,IC50,uM,UO_0000065,,250.0,3.6020599913279625,0.0,413.2750000000001,3.4438000000000013,3,5,83.2,5,4,4,c1ccc2ccccc2c1,False,False,False,False
,,274013.0,[],CHEMBL677890,Inhibitory activity against protein tyrosine kinase of Epidermal growth factor receptor was determined,B,,,BAO_0000190,BAO_0000357,single protein format,COC(=O)CN(C)[C@H]1C[C@@H]2O[C@](C)([C@H]1OC)n1c3ccccc3c3c4c(c5c6ccccc6n2c5c31)C(=O)NC4,,,CHEMBL1127758,Bioorg Med Chem Lett,1994.0,"{'bei': '10.93', 'le': '0.20', 'lle': '1.65', 'sei': '6.77'}",CHEMBL444337,,CHEMBL444337,5.89,0.0,http://www.openphacts.org/units/Nanomolar,249286.0,=,1.0,1.0,=,,IC50,nM,,1300.0,CHEMBL203,Homo sapiens,Epidermal growth factor receptor,9606.0,,,IC50,uM,UO_0000065,,1.3,5.886056647693163,0.0,413.2750000000001,3.4438000000000013,3,5,83.2,5,4,4,O=C1NCc2c1c1c3ccccc3n3c1c1c2c2ccccc2n1C1CCC[C@@H]3O1,False,False,False,False
,,274082.0,[],CHEMBL680015,Inhibition of EGFR,B,,,BAO_0000190,BAO_0000357,single protein format,CS(=O)(=O)CCNc1nc(-c2ccc3ncnc(Nc4ccc(OCc5ccccc5)cc4)c3c2)cs1,,,CHEMBL1136583,Bioorg Med Chem Lett,2003.0,"{'bei': '13.33', 'le': '0.26', 'lle': '1.56', 'sei': '6.68'}",CHEMBL422347,,CHEMBL422347,7.09,0.0,http://www.openphacts.org/units/Nanomolar,309598.0,=,1.0,1.0,=,,IC50,nM,,82.0,CHEMBL203,Homo sapiens,Epidermal growth factor receptor,9606.0,,,IC50,uM,UO_0000065,,0.082,7.086186147616283,1.0,438.3290000000003,4.4494000000000025,2,5,66.07000000000001,4,5,4,c1ccc(COc2ccc(Nc3ncnc4ccc(-c5cscn5)cc34)cc2)cc1,False,True,False,False
,,274084.0,[],CHEMBL879468,Inhibition of EGFR overexpressing HN5 (Head and neck) tumor cell proliferation,F,,,BAO_0000190,BAO_0000019,assay format,CS(=O)(=O)CCNc1nc(-c2ccc3ncnc(Nc4ccc(OCc5ccccc5)cc4)c3c2)cs1,,,CHEMBL1136583,Bioorg Med Chem Lett,2003.0,,CHEMBL422347,,CHEMBL422347,5.8,0.0,http://www.openphacts.org/units/Nanomolar,309598.0,=,1.0,1.0,=,,IC50,nM,,1600.0,CHEMBL203,Homo sapiens,Epidermal growth factor receptor,9606.0,,,IC50,uM,UO_0000065,,1.6,5.795880017344075,0.0,438.3290000000003,4.4494000000000025,2,5,66.07000000000001,4,5,4,c1ccc(COc2ccc(Nc3ncnc4ccc(-c5cscn5)cc34)cc2)cc1,False,True,False,False
,,274423.0,[],CHEMBL688553,Inhibition of EGF-dependent proliferation of human and guinea pig keratinocytes; range 7-15 uM,F,,,BAO_0000190,BAO_0000019,assay format,N#C/C(=C\c1ccc(O)c(O)c1)C(N)=S,,,CHEMBL1134331,J Med Chem,2001.0,,CHEMBL77030,TYRPHOSTIN 47,CHEMBL77030,5.16,0.0,http://www.openphacts.org/units/Nanomolar,187284.0,=,1.0,1.0,=,,IC50,nM,,7000.0,CHEMBL203,Homo sapiens,Epidermal growth factor receptor,9606.0,,,IC50,uM,UO_0000065,,7.0,5.154901959985743,0.0,456.3440000000001,3.4038000000000004,4,6,97.3,8,4,4,c1ccccc1,False,False,False,False
,,275168.0,[],CHEMBL677890,Inhibitory activity against protein tyrosine kinase of Epidermal growth factor receptor was determined,B,,,BAO_0000190,BAO_0000357,single protein format,CO[C@H]1[C@@H](N(C)CCC#N)C[C@@H]2O[C@@]1(C)n1c3ccccc3c3c4c(c5c6ccccc6n2c5c31)C(=O)NC4,,,CHEMBL1127758,Bioorg Med Chem Lett,1994.0,"{'bei': '11.47', 'le': '0.21', 'lle': '0.98', 'sei': '7.06'}",CHEMBL131426,,CHEMBL131426,5.96,0.0,http://www.openphacts.org/units/Nanomolar,249287.0,=,1.0,1.0,=,,IC50,nM,,1100.0,CHEMBL203,Homo sapiens,Epidermal growth factor receptor,9606.0,,,IC50,uM,UO_0000065,,1.1,5.958607314841775,0.0,456.3440000000001,3.4038000000000004,4,6,97.3,8,4,4,O=C1NCc2c1c1c3ccccc3n3c1c1c2c2ccccc2n1C1CCC[C@@H]3O1,False,False,False,False
,,275243.0,[],CHEMBL680015,Inhibition of EGFR,B,,,BAO_0000190,BAO_0000357,single protein format,CS(=O)(=O)CCNc1nc(-c2ccc3ncnc(Nc4ccc5c(cnn5Cc5ccccc5)c4)c3c2)cs1,,,CHEMBL1136583,Bioorg Med Chem Lett,2003.0,"{'bei': '12.86', 'le': '0.25', 'lle': '1.80', 'sei': '6.23'}",CHEMBL160303,,CHEMBL160303,7.15,0.0,http://www.openphacts.org/units/Nanomolar,309602.0,=,1.0,1.0,=,,IC50,nM,,71.0,CHEMBL203,Homo sapiens,Epidermal growth factor receptor,9606.0,,,IC50,uM,UO_0000065,,0.071,7.1487416512809245,1.0,401.8460000000001,3.304600000000001,3,6,94.14,2,4,3,c1ccc(Cn2ncc3cc(Nc4ncnc5ccc(-c6cscn6)cc45)ccc32)cc1,False,True,False,False
,,275245.0,[],CHEMBL879468,Inhibition of EGFR overexpressing HN5 (Head and neck) tumor cell proliferation,F,,,BAO_0000190,BAO_0000019,assay format,CS(=O)(=O)CCNc1nc(-c2ccc3ncnc(Nc4ccc5c(cnn5Cc5ccccc5)c4)c3c2)cs1,,,CHEMBL1136583,Bioorg Med Chem Lett,2003.0,,CHEMBL160303,,CHEMBL160303,6.96,0.0,http://www.openphacts.org/units/Nanomolar,309602.0,=,1.0,1.0,=,,IC50,nM,,110.0,CHEMBL203,Homo sapiens,Epidermal growth factor receptor,9606.0,,,IC50,uM,UO_0000065,,0.11,6.958607314841775,1.0,417.84500000000014,3.4299000000000017,3,7,103.37,3,4,3,c1ccc(Cn2ncc3cc(Nc4ncnc5ccc(-c6cscn6)cc45)ccc32)cc1,False,True,False,False
,,276578.0,[],CHEMBL677890,Inhibitory activity against protein tyrosine kinase of Epidermal growth factor receptor was determined,B,,,BAO_0000190,BAO_0000357,single protein format,CO[C@H]1[C@@H](N(C)C(=O)CN)C[C@@H]2O[C@@]1(C)n1c3ccccc3c3c4c(c5c6ccccc6n2c5c31)C(=O)NC4,,,CHEMBL1127758,Bioorg Med Chem Lett,1994.0,"{'bei': '12.72', 'le': '0.23', 'lle': '3.11', 'sei': '6.42'}",CHEMBL338935,,CHEMBL338935,6.66,0.0,http://www.openphacts.org/units/Nanomolar,249303.0,=,1.0,1.0,=,,IC50,nM,,220.0,CHEMBL203,Homo sapiens,Epidermal growth factor receptor,9606.0,,,IC50,uM,UO_0000065,,0.22,6.657577319177793,1.0,433.9130000000001,3.788800000000001,3,7,94.14,3,4,3,O=C1NCc2c1c1c3ccccc3n3c1c1c2c2ccccc2n1C1CCC[C@@H]3O1,False,False,False,False
,,276643.0,[],CHEMBL680015,Inhibition of EGFR,B,,,BAO_0000190,BAO_0000357,single protein format,CS(=O)(=O)CCNc1nc(-c2ccc3ncnc(Nc4ccc(OCc5cccc(C(F)(F)F)c5)cc4)c3c2)cs1,,,CHEMBL1136583,Bioorg Med Chem Lett,2003.0,"{'bei': '10.45', 'le': '0.21', 'lle': '-0.28', 'sei': '5.91'}",CHEMBL269620,,CHEMBL269620,6.27,0.0,http://www.openphacts.org/units/Nanomolar,309599.0,=,1.0,1.0,=,,IC50,nM,,540.0,CHEMBL203,Homo sapiens,Epidermal growth factor receptor,9606.0,,,IC50,uM,UO_0000065,,0.54,6.267606240177032,1.0,424.4490000000002,3.5869000000000018,3,7,113.29000000000002,6,3,2,c1ccc(COc2ccc(Nc3ncnc4ccc(-c5cscn5)cc34)cc2)cc1,False,True,False,False
,,276645.0,[],CHEMBL879468,Inhibition of EGFR overexpressing HN5 (Head and neck) tumor cell proliferation,F,,,BAO_0000190,BAO_0000019,assay format,CS(=O)(=O)CCNc1nc(-c2ccc3ncnc(Nc4ccc(OCc5cccc(C(F)(F)F)c5)cc4)c3c2)cs1,,,CHEMBL1136583,Bioorg Med Chem Lett,2003.0,,CHEMBL269620,,CHEMBL269620,4.75,0.0,http://www.openphacts.org/units/Nanomolar,309599.0,=,1.0,1.0,=,,IC50,nM,,18000.0,CHEMBL203,Homo sapiens,Epidermal growth factor receptor,9606.0,,,IC50,uM,UO_0000065,,18.0,4.7447274948966935,0.0,298.35,1.3795999999999995,3,6,87.89,6,3,3,c1ccc(COc2ccc(Nc3ncnc4ccc(-c5cscn5)cc34)cc2)cc1,False,True,False,False
,,277772.0,[],CHEMBL677890,Inhibitory activity against protein tyrosine kinase of Epidermal growth factor receptor was determined,B,,,BAO_0000190,BAO_0000357,single protein format,CO[C@H]1[C@@H](N(C)C(=O)c2cccnc2)C[C@@H]2O[C@@]1(C)n1c3ccccc3c3c4c(c5c6ccccc6n2c5c31)C(=O)NC4,,,CHEMBL1127758,Bioorg Med Chem Lett,1994.0,"{'bei': '8.90', 'le': '0.16', 'lle': '-0.21', 'sei': '5.61'}",CHEMBL335012,,CHEMBL335012,5.09,0.0,http://www.openphacts.org/units/Nanomolar,249316.0,=,1.0,1.0,=,,IC50,nM,,8180.0,CHEMBL203,Homo sapiens,Epidermal growth factor receptor,9606.0,,,IC50,uM,UO_0000065,,8.18,5.087246696328677,0.0,570.6490000000002,5.906800000000007,1,4,77.72999999999999,3,9,6,O=C(N[C@@H]1CC2O[C@@H](C1)n1c3ccccc3c3c4c(c5c6ccccc6n2c5c31)CNC4=O)c1cccnc1,False,False,False,False
,,278588.0,[],CHEMBL675380,Inhibition of epidermal growth factor receptor (EGFr) tyrosine kinase,B,,,BAO_0000190,BAO_0000357,single protein format,CC(C)(C)NC(=O)Nc1nc2nc(N)ncc2cc1-c1ccccc1,,,CHEMBL1130094,J Med Chem,1997.0,"{'bei': '15.63', 'le': '0.29', 'lle': '2.07', 'sei': '4.97'}",CHEMBL76599,,CHEMBL76599,5.26,0.0,http://www.openphacts.org/units/Nanomolar,133210.0,=,1.0,1.0,=,,IC50,nM,,5530.0,CHEMBL203,Homo sapiens,Epidermal growth factor receptor,9606.0,,,IC50,uM,UO_0000065,,5.53,5.257274868695301,0.0,605.0940000000002,6.560200000000006,1,4,77.72999999999999,3,9,6,c1ccc(-c2cnc3ncncc3c2)cc1,False,False,False,False
,,278593.0,[],CHEMBL675521,Inhibition of Epidermal growth factor receptor (EGFr) tyrosine kinase,B,,,BAO_0000190,BAO_0000357,single protein format,CCN(CC)CCCNc1ncc2cc(-c3c(Cl)cccc3Cl)c(NC(=O)NC(C)(C)C)nc2n1,,,CHEMBL1130094,J Med Chem,1997.0,"{'bei': '10.04', 'le': '0.20', 'lle': '-0.85', 'sei': '5.48'}",CHEMBL299026,,CHEMBL299026,5.21,0.0,http://www.openphacts.org/units/Nanomolar,133213.0,=,1.0,1.0,=,,IC50,nM,,6200.0,CHEMBL203,Homo sapiens,Epidermal growth factor receptor,9606.0,,,IC50,uM,UO_0000065,,6.2,5.207608310501746,0.0,614.658,5.605000000000006,2,5,115.03,4,9,6,c1ccc(-c2cnc3ncncc3c2)cc1,False,False,False,False
,,280104.0,[],CHEMBL677890,Inhibitory activity against protein tyrosine kinase of Epidermal growth factor receptor was determined,B,,,BAO_0000190,BAO_0000357,single protein format,CO[C@H]1[C@@H](N(C)CC(=O)O)C[C@@H]2O[C@@]1(C)n1c3ccccc3c3c4c(c5c6ccccc6n2c5c31)C(=O)NC4,,,CHEMBL1127758,Bioorg Med Chem Lett,1994.0,"{'bei': '14.31', 'le': '0.26', 'lle': '3.36', 'sei': '7.67'}",CHEMBL132348,,CHEMBL132348,7.51,0.0,http://www.openphacts.org/units/Nanomolar,249320.0,=,1.0,1.0,=,,IC50,nM,,31.0,CHEMBL203,Homo sapiens,Epidermal growth factor receptor,9606.0,,,IC50,uM,UO_0000065,,0.031,7.508638306165727,1.0,364.4530000000001,3.8108400000000016,3,5,105.82,2,3,3,O=C1NCc2c1c1c3ccccc3n3c1c1c2c2ccccc2n1C1CCC[C@@H]3O1,False,False,False,False
,,280108.0,[],CHEMBL677890,Inhibitory activity against protein tyrosine kinase of Epidermal growth factor receptor was determined,B,,,BAO_0000190,BAO_0000357,single protein format,COc1ccc(C(=O)N(C)[C@H]2C[C@@H]3O[C@](C)([C@H]2OC)n2c4ccccc4c4c5c(c6c7ccccc7n3c6c42)C(=O)NC5)cc1,,,CHEMBL1127758,Bioorg Med Chem Lett,1994.0,"{'bei': '9.06', 'le': '0.17', 'lle': '-0.48', 'sei': '6.26'}",CHEMBL132169,,CHEMBL132169,5.44,0.0,http://www.openphacts.org/units/Nanomolar,249294.0,=,1.0,1.0,=,,IC50,nM,,3600.0,CHEMBL203,Homo sapiens,Epidermal growth factor receptor,9606.0,,,IC50,uM,UO_0000065,,3.6,5.443697499232712,0.0,545.519,4.968000000000003,3,7,98.31,7,4,3,O=C(N[C@@H]1CC2O[C@@H](C1)n1c3ccccc3c3c4c(c5c6ccccc6n2c5c31)CNC4=O)c1ccccc1,False,False,False,False
,,281325.0,[],CHEMBL677890,Inhibitory activity against protein tyrosine kinase of Epidermal growth factor receptor was determined,B,,,BAO_0000190,BAO_0000357,single protein format,CO[C@H]1[C@@H]([N+](C)(C)C)C[C@@H]2O[C@@]1(C)n1c3ccccc3c3c4c(c5c6ccccc6n2c5c31)C(=O)NC4,,,CHEMBL1127758,Bioorg Med Chem Lett,1994.0,"{'bei': '15.58', 'le': '0.29', 'lle': '2.88', 'sei': '13.45'}",CHEMBL335648,,CHEMBL335648,7.72,0.0,http://www.openphacts.org/units/Nanomolar,249324.0,=,1.0,1.0,=,,IC50,nM,,19.0,CHEMBL203,Homo sapiens,Epidermal growth factor receptor,9606.0,,,IC50,uM,UO_0000065,,0.019,7.721246399047171,1.0,532.7370000000003,4.894880000000003,3,7,98.31,7,4,3,O=C1NCc2c1c1c3ccccc3n3c1c1c2c2ccccc2n1C1CCC[C@@H]3O1,False,False,False,False
,,283234.0,[],CHEMBL675521,Inhibition of Epidermal growth factor receptor (EGFr) tyrosine kinase,B,,,BAO_0000190,BAO_0000357,single protein format,COc1cc(OC)cc(-c2cc3cnc(N)nc3nc2NC(=O)NC(C)(C)C)c1,,,CHEMBL1130094,J Med Chem,1997.0,,CHEMBL299763,,CHEMBL299763,,0.0,http://www.openphacts.org/units/Nanomolar,133215.0,>,1.0,1.0,>,,IC50,nM,,50000.0,CHEMBL203,Homo sapiens,Epidermal growth factor receptor,9606.0,,,IC50,uM,UO_0000065,,50.0,4.301029995663981,0.0,544.6330000000002,4.0260000000000025,1,5,94.8,3,8,5,c1ccc(-c2cnc3ncncc3c2)cc1,False,False,False,False
,,283629.0,[],CHEMBL680015,Inhibition of EGFR,B,,,BAO_0000190,BAO_0000357,single protein format,CS(=O)(=O)CCNc1nc(-c2ccc3ncnc(Nc4ccc(OCc5cccc(F)c5)c(Cl)c4)c3c2)cs1,,,CHEMBL1136583,Bioorg Med Chem Lett,2003.0,"{'bei': '13.70', 'le': '0.28', 'lle': '1.68', 'sei': '7.54'}",CHEMBL155761,,CHEMBL155761,8.0,0.0,http://www.openphacts.org/units/Nanomolar,309601.0,=,1.0,1.0,=,,IC50,nM,,10.0,CHEMBL203,Homo sapiens,Epidermal growth factor receptor,9606.0,,,IC50,uM,UO_0000065,,0.01,8.0,1.0,605.0940000000002,6.560200000000006,1,4,77.72999999999999,3,9,6,c1ccc(COc2ccc(Nc3ncnc4ccc(-c5cscn5)cc34)cc2)cc1,False,True,False,False
,,283631.0,[],CHEMBL879468,Inhibition of EGFR overexpressing HN5 (Head and neck) tumor cell proliferation,F,,,BAO_0000190,BAO_0000019,assay format,CS(=O)(=O)CCNc1nc(-c2ccc3ncnc(Nc4ccc(OCc5cccc(F)c5)c(Cl)c4)c3c2)cs1,,,CHEMBL1136583,Bioorg Med Chem Lett,2003.0,,CHEMBL155761,,CHEMBL155761,7.1,0.0,http://www.openphacts.org/units/Nanomolar,309601.0,=,1.0,1.0,=,,IC50,nM,,80.0,CHEMBL203,Homo sapiens,Epidermal growth factor receptor,9606.0,,,IC50,uM,UO_0000065,,0.08,7.096910013008056,1.0,566.1080000000003,6.185800000000005,2,9,106.1,10,5,5,c1ccc(COc2ccc(Nc3ncnc4ccc(-c5cscn5)cc34)cc2)cc1,False,True,False,False
,,284487.0,[],CHEMBL675521,Inhibition of Epidermal growth factor receptor (EGFr) tyrosine kinase,B,,,BAO_0000190,BAO_0000357,single protein format,CCN(CC)CCCCNc1ncc2cc(-c3c(Cl)cccc3Cl)c(NC(=O)NC(C)(C)C)nc2n1,,,CHEMBL1130094,J Med Chem,1997.0,"{'bei': '12.43', 'le': '0.25', 'lle': '0.17', 'sei': '6.96'}",CHEMBL45827,,CHEMBL45827,6.62,0.0,http://www.openphacts.org/units/Nanomolar,133220.0,=,1.0,1.0,=,,IC50,nM,,240.0,CHEMBL203,Homo sapiens,Epidermal growth factor receptor,9606.0,,,IC50,uM,UO_0000065,,0.24,6.619788758288394,1.0,566.1080000000003,6.185800000000005,2,9,106.1,10,5,5,c1ccc(-c2cnc3ncncc3c2)cc1,False,False,False,False
,,284859.0,[],CHEMBL677890,Inhibitory activity against protein tyrosine kinase of Epidermal growth factor receptor was determined,B,,,BAO_0000190,BAO_0000357,single protein format,CCCCC(O)CN(C)[C@H]1C[C@@H]2O[C@](C)([C@H]1OC)n1c3ccccc3c3c4c(c5c6ccccc6n2c5c31)C(=O)NC4,,,CHEMBL1127758,Bioorg Med Chem Lett,1994.0,"{'bei': '10.39', 'le': '0.19', 'lle': '0.27', 'sei': '7.28'}",CHEMBL335718,,CHEMBL335718,5.89,0.0,http://www.openphacts.org/units/Nanomolar,249310.0,=,1.0,1.0,=,,IC50,nM,,1300.0,CHEMBL203,Homo sapiens,Epidermal growth factor receptor,9606.0,,,IC50,uM,UO_0000065,,1.3,5.886056647693163,0.0,238.179,2.008399999999999,3,2,77.76,2,2,2,O=C1NCc2c1c1c3ccccc3n3c1c1c2c2ccccc2n1C1CCC[C@@H]3O1,False,False,False,False
,,284863.0,[],CHEMBL677890,Inhibitory activity against protein tyrosine kinase of Epidermal growth factor receptor was determined,B,,,BAO_0000190,BAO_0000357,single protein format,CO[C@H]1[C@@H](N(C)C(C)=O)C[C@@H]2O[C@@]1(C)n1c3ccccc3c3c4c(c5c6ccccc6n2c5c31)C(=O)NC4,,,CHEMBL1127758,Bioorg Med Chem Lett,1994.0,"{'bei': '10.98', 'le': '0.20', 'lle': '0.98', 'sei': '7.19'}",CHEMBL130163,,CHEMBL130163,5.58,0.0,http://www.openphacts.org/units/Nanomolar,249309.0,=,1.0,1.0,=,,IC50,nM,,2600.0,CHEMBL203,Homo sapiens,Epidermal growth factor receptor,9606.0,,,IC50,uM,UO_0000065,,2.6,5.585026652029182,0.0,538.6040000000003,4.239400000000003,1,6,86.96000000000001,4,8,5,O=C1NCc2c1c1c3ccccc3n3c1c1c2c2ccccc2n1C1CCC[C@@H]3O1,False,False,False,False
,,284868.0,[],CHEMBL677890,Inhibitory activity against protein tyrosine kinase of Epidermal growth factor receptor was determined,B,,,BAO_0000190,BAO_0000357,single protein format,CO[C@H]1[C@@H](N(C)C(=O)C(F)(F)F)C[C@@H]2O[C@@]1(C)n1c3ccccc3c3c4c(c5c6ccccc6n2c5c31)C(=O)NC4,,,CHEMBL1127758,Bioorg Med Chem Lett,1994.0,"{'bei': '9.23', 'le': '0.17', 'lle': '0.03', 'sei': '6.68'}",CHEMBL335932,,CHEMBL335932,5.19,0.0,http://www.openphacts.org/units/Nanomolar,249305.0,=,1.0,1.0,=,,IC50,nM,,6400.0,CHEMBL203,Homo sapiens,Epidermal growth factor receptor,9606.0,,,IC50,uM,UO_0000065,,6.4,5.1938200260161125,0.0,531.6630000000002,5.532400000000004,2,9,106.1,10,5,5,O=C1NCc2c1c1c3ccccc3n3c1c1c2c2ccccc2n1C1CCC[C@@H]3O1,False,False,False,False
,,284872.0,[],CHEMBL677890,Inhibitory activity against protein tyrosine kinase of Epidermal growth factor receptor was determined,B,,,BAO_0000190,BAO_0000357,single protein format,COC(=O)c1ccc(C(=O)N(C)[C@H]2C[C@@H]3O[C@](C)([C@H]2OC)n2c4ccccc4c4c5c(c6c7ccccc7n3c6c42)C(=O)NC5)cc1,,,CHEMBL1127758,Bioorg Med Chem Lett,1994.0,"{'bei': '8.16', 'le': '0.15', 'lle': '-0.56', 'sei': '4.93'}",CHEMBL336192,,CHEMBL336192,5.13,0.0,http://www.openphacts.org/units/Nanomolar,249293.0,=,1.0,1.0,=,,IC50,nM,,7400.0,CHEMBL203,Homo sapiens,Epidermal growth factor receptor,9606.0,,,IC50,uM,UO_0000065,,7.4,5.130768280269024,0.0,531.6630000000002,5.532400000000004,2,9,106.1,10,5,5,O=C(N[C@@H]1CC2O[C@@H](C1)n1c3ccccc3c3c4c(c5c6ccccc6n2c5c31)CNC4=O)c1ccccc1,False,False,False,False
,,284919.0,[],CHEMBL680015,Inhibition of EGFR,B,,,BAO_0000190,BAO_0000357,single protein format,CS(=O)(=O)CCNc1nc(-c2ccc3ncnc(Nc4ccc(F)c(Cl)c4)c3c2)cs1,,,CHEMBL1136583,Bioorg Med Chem Lett,2003.0,"{'bei': '15.60', 'le': '0.33', 'lle': '2.71', 'sei': '7.70'}",CHEMBL157084,,CHEMBL157084,7.46,0.0,http://www.openphacts.org/units/Nanomolar,309597.0,=,1.0,1.0,=,,IC50,nM,,35.0,CHEMBL203,Homo sapiens,Epidermal growth factor receptor,9606.0,,,IC50,uM,UO_0000065,,0.035,7.455931955649724,1.0,220.253,1.2908799999999998,3,4,90.27,2,1,1,c1ccc(Nc2ncnc3ccc(-c4cscn4)cc23)cc1,False,True,False,False
,,284921.0,[],CHEMBL879468,Inhibition of EGFR overexpressing HN5 (Head and neck) tumor cell proliferation,F,,,BAO_0000190,BAO_0000019,assay format,CS(=O)(=O)CCNc1nc(-c2ccc3ncnc(Nc4ccc(F)c(Cl)c4)c3c2)cs1,,,CHEMBL1136583,Bioorg Med Chem Lett,2003.0,,CHEMBL157084,,CHEMBL157084,6.24,0.0,http://www.openphacts.org/units/Nanomolar,309597.0,=,1.0,1.0,=,,IC50,nM,,570.0,CHEMBL203,Homo sapiens,Epidermal growth factor receptor,9606.0,,,IC50,uM,UO_0000065,,0.57,6.2441251443275085,1.0,519.6050000000002,4.9800800000000045,1,5,84.44999999999999,4,8,5,c1ccc(Nc2ncnc3ccc(-c4cscn4)cc23)cc1,False,True,False,False
,,285883.0,[],CHEMBL677890,Inhibitory activity against protein tyrosine kinase of Epidermal growth factor receptor was determined,B,,,BAO_0000190,BAO_0000357,single protein format,CN[C@@H]1C[C@H]2O[C@@](C)([C@@H]1OC)n1c3ccccc3c3c4c(c5c6ccccc6n2c5c31)C(=O)NC4,,,CHEMBL1127758,Bioorg Med Chem Lett,1994.0,"{'bei': '15.00', 'le': '0.27', 'lle': '2.65', 'sei': '10.08'}",CHEMBL388978,STAUROSPORINE,CHEMBL388978,7.0,0.0,http://www.openphacts.org/units/Nanomolar,249284.0,=,1.0,1.0,=,,IC50,nM,,100.0,CHEMBL203,Homo sapiens,Epidermal growth factor receptor,9606.0,,,IC50,uM,UO_0000065,,0.1,7.0,1.0,555.6890000000003,5.351400000000004,2,9,114.69,9,6,6,O=C1NCc2c1c1c3ccccc3n3c1c1c2c2ccccc2n1C1CCC[C@H]3O1,False,False,False,False
,,285888.0,[],CHEMBL677890,Inhibitory activity against protein tyrosine kinase of Epidermal growth factor receptor was determined,B,,,BAO_0000190,BAO_0000357,single protein format,CCN(C)[C@H]1C[C@@H]2O[C@](C)([C@H]1OC)n1c3ccccc3c3c4c(c5c6ccccc6n2c5c31)C(=O)NC4,,,CHEMBL1127758,Bioorg Med Chem Lett,1994.0,"{'bei': '13.10', 'le': '0.24', 'lle': '1.39', 'sei': '10.68'}",CHEMBL129946,,CHEMBL129946,6.48,0.0,http://www.openphacts.org/units/Nanomolar,249323.0,=,1.0,1.0,=,,IC50,nM,,330.0,CHEMBL203,Homo sapiens,Epidermal growth factor receptor,9606.0,,,IC50,uM,UO_0000065,,0.33,6.481486060122113,1.0,555.6890000000003,5.351400000000004,2,9,114.69,9,6,6,O=C1NCc2c1c1c3ccccc3n3c1c1c2c2ccccc2n1C1CCC[C@@H]3O1,False,False,False,False
,,285893.0,[],CHEMBL677890,Inhibitory activity against protein tyrosine kinase of Epidermal growth factor receptor was determined,B,,,BAO_0000190,BAO_0000357,single protein format,CO[C@H]1[C@@H](N(C)C(=O)CCC(=O)O)C[C@@H]2O[C@@]1(C)n1c3ccccc3c3c4c(c5c6ccccc6n2c5c31)C(=O)NC4,,,CHEMBL1127758,Bioorg Med Chem Lett,1994.0,"{'bei': '11.99', 'le': '0.22', 'lle': '2.34', 'sei': '5.91'}",CHEMBL337027,,CHEMBL337027,6.8,0.0,http://www.openphacts.org/units/Nanomolar,249296.0,=,1.0,1.0,=,,IC50,nM,,160.0,CHEMBL203,Homo sapiens,Epidermal growth factor receptor,9606.0,,,IC50,uM,UO_0000065,,0.16,6.795880017344075,1.0,523.5930000000002,3.551700000000003,2,5,103.75,3,8,5,O=C1NCc2c1c1c3ccccc3n3c1c1c2c2ccccc2n1C1CCC[C@@H]3O1,False,False,False,False
,,285899.0,[],CHEMBL677890,Inhibitory activity against protein tyrosine kinase of Epidermal growth factor receptor was determined,B,,,BAO_0000190,BAO_0000357,single protein format,CO[C@H]1[C@@H](N(C)C(=O)OC(C)(C)C)C[C@@H]2O[C@@]1(C)n1c3ccccc3c3c4c(c5c6ccccc6n2c5c31)C(=O)NC4,,,CHEMBL1127758,Bioorg Med Chem Lett,1994.0,"{'bei': '8.59', 'le': '0.16', 'lle': '-1.13', 'sei': '5.60'}",CHEMBL338449,,CHEMBL338449,4.87,0.0,http://www.openphacts.org/units/Nanomolar,249319.0,=,1.0,1.0,=,,IC50,nM,,13500.0,CHEMBL203,Homo sapiens,Epidermal growth factor receptor,9606.0,,,IC50,uM,UO_0000065,,13.5,4.8696662315049934,0.0,599.6600000000002,6.551200000000005,2,9,106.1,10,5,5,O=C1NCc2c1c1c3ccccc3n3c1c1c2c2ccccc2n1C1CCC[C@@H]3O1,False,False,False,False
,,287115.0,[],CHEMBL677890,Inhibitory activity against protein tyrosine kinase of Epidermal growth factor receptor was determined,B,,,BAO_0000190,BAO_0000357,single protein format,COC(=O)N(C)[C@H]1C[C@@H]2O[C@](C)([C@H]1OC)n1c3ccccc3c3c4c(c5c6ccccc6n2c5c31)C(=O)NC4,,,CHEMBL1127758,Bioorg Med Chem Lett,1994.0,"{'bei': '10.71', 'le': '0.20', 'lle': '0.79', 'sei': '6.46'}",CHEMBL130049,,CHEMBL130049,5.62,0.0,http://www.openphacts.org/units/Nanomolar,249308.0,=,1.0,1.0,=,,IC50,nM,,2400.0,CHEMBL203,Homo sapiens,Epidermal growth factor receptor,9606.0,,,IC50,uM,UO_0000065,,2.4,5.619788758288394,0.0,599.6600000000002,6.551200000000005,2,9,106.1,10,5,5,O=C1NCc2c1c1c3ccccc3n3c1c1c2c2ccccc2n1C1CCC[C@@H]3O1,False,False,False,False
,,288014.0,[],CHEMBL675521,Inhibition of Epidermal growth factor receptor (EGFr) tyrosine kinase,B,,,BAO_0000190,BAO_0000357,single protein format,Cc1cc(C)c(C)c(-c2cc3cnc(N)nc3nc2NC(=O)NC(C)(C)C)c1C,,,CHEMBL1130094,J Med Chem,1997.0,"{'bei': '13.18', 'le': '0.24', 'lle': '0.75', 'sei': '4.89'}",CHEMBL56236,,CHEMBL56236,5.17,0.0,http://www.openphacts.org/units/Nanomolar,133212.0,=,1.0,1.0,=,,IC50,nM,,6680.0,CHEMBL203,Homo sapiens,Epidermal growth factor receptor,9606.0,,,IC50,uM,UO_0000065,,6.68,5.175223537524454,0.0,571.6370000000002,5.301800000000005,1,5,90.62,3,9,6,c1ccc(-c2cnc3ncncc3c2)cc1,False,False,False,False
,,288447.0,[],CHEMBL677890,Inhibitory activity against protein tyrosine kinase of Epidermal growth factor receptor was determined,B,,,BAO_0000190,BAO_0000357,single protein format,CO[C@H]1[C@@H](N(C)C(=O)CNC(=O)OC(C)(C)C)C[C@@H]2O[C@@]1(C)n1c3ccccc3c3c4c(c5c6ccccc6n2c5c31)C(=O)NC4,,,CHEMBL1127758,Bioorg Med Chem Lett,1994.0,"{'bei': '8.75', 'le': '0.16', 'lle': '0.34', 'sei': '4.70'}",CHEMBL335931,,CHEMBL335931,5.46,0.0,http://www.openphacts.org/units/Nanomolar,249304.0,=,1.0,1.0,=,,IC50,nM,,3500.0,CHEMBL203,Homo sapiens,Epidermal growth factor receptor,9606.0,,,IC50,uM,UO_0000065,,3.5,5.455931955649724,0.0,336.39900000000006,3.194000000000001,3,5,105.82,2,3,3,O=C1NCc2c1c1c3ccccc3n3c1c1c2c2ccccc2n1C1CCC[C@@H]3O1,False,False,False,False
,,288453.0,[],CHEMBL677890,Inhibitory activity against protein tyrosine kinase of Epidermal growth factor receptor was determined,B,,,BAO_0000190,BAO_0000357,single protein format,CO[C@H]1[C@@H](N(C)C(=O)c2cc([N+](=O)[O-])cc([N+](=O)[O-])c2)C[C@@H]2O[C@@]1(C)n1c3ccccc3c3c4c(c5c6ccccc6n2c5c31)C(=O)NC4,,,CHEMBL1127758,Bioorg Med Chem Lett,1994.0,,CHEMBL132170,,CHEMBL132170,,0.0,http://www.openphacts.org/units/Nanomolar,249295.0,>,1.0,1.0,>,,IC50,nM,,70000.0,CHEMBL203,Homo sapiens,Epidermal growth factor receptor,9606.0,,,IC50,uM,UO_0000065,,70.0,4.154901959985743,0.0,518.4930000000002,6.062400000000005,3,6,95.07,9,3,3,O=C(N[C@@H]1CC2O[C@@H](C1)n1c3ccccc3c3c4c(c5c6ccccc6n2c5c31)CNC4=O)c1ccccc1,False,True,False,False
,,288457.0,[],CHEMBL677890,Inhibitory activity against protein tyrosine kinase of Epidermal growth factor receptor was determined,B,,,BAO_0000190,BAO_0000357,single protein format,CN[C@H]1C[C@@H]2O[C@](C)([C@H]1OC)n1c3ccccc3c3c4c(c5c6ccccc6n2c5c31)C(=O)NC4=O,,,CHEMBL1127758,Bioorg Med Chem Lett,1994.0,"{'bei': '13.94', 'le': '0.25', 'lle': '2.71', 'sei': '7.74'}",CHEMBL337026,,CHEMBL337026,6.7,0.0,http://www.openphacts.org/units/Nanomolar,249288.0,=,1.0,1.0,=,,IC50,nM,,200.0,CHEMBL203,Homo sapiens,Epidermal growth factor receptor,9606.0,,,IC50,uM,UO_0000065,,0.2,6.698970004336019,1.0,524.5770000000002,4.1510000000000025,2,5,97.96,4,8,5,O=C1NC(=O)c2c1c1c3ccccc3n3c1c1c2c2ccccc2n1[C@@H]1CCCC3O1,False,False,False,False
,,289639.0,[],CHEMBL677890,Inhibitory activity against protein tyrosine kinase of Epidermal growth factor receptor was determined,B,,,BAO_0000190,BAO_0000357,single protein format,CC[N+](C)(C)[C@H]1C[C@@H]2O[C@](C)([C@H]1OC)n1c3ccccc3c3c4c(c5c6ccccc6n2c5c31)C(=O)NC4,,,CHEMBL1127758,Bioorg Med Chem Lett,1994.0,"{'bei': '14.45', 'le': '0.26', 'lle': '2.14', 'sei': '12.83'}",CHEMBL340611,,CHEMBL340611,7.37,0.0,http://www.openphacts.org/units/Nanomolar,249322.0,=,1.0,1.0,=,,IC50,nM,,43.0,CHEMBL203,Homo sapiens,Epidermal growth factor receptor,9606.0,,,IC50,uM,UO_0000065,,0.043,7.366531544420414,1.0,600.6750000000002,5.915400000000006,1,5,86.96000000000001,4,9,6,O=C1NCc2c1c1c3ccccc3n3c1c1c2c2ccccc2n1C1CCC[C@@H]3O1,False,False,False,False
,,291229.0,[],CHEMBL688553,Inhibition of EGF-dependent proliferation of human and guinea pig keratinocytes; range 7-15 uM,F,,,BAO_0000190,BAO_0000019,assay format,N#C/C(=C\c1ccc(O)c(O)c1)C(=O)NCc1ccccc1,,,CHEMBL1134331,J Med Chem,2001.0,,CHEMBL56543,,CHEMBL56543,5.16,0.0,http://www.openphacts.org/units/Nanomolar,187292.0,=,1.0,1.0,=,,IC50,nM,,7000.0,CHEMBL203,Homo sapiens,Epidermal growth factor receptor,9606.0,,,IC50,uM,UO_0000065,,7.0,5.154901959985743,0.0,495.6030000000003,4.840800000000004,1,3,57.42,2,8,5,O=C(C=Cc1ccccc1)NCc1ccccc1,False,False,False,True
,,293355.0,[],CHEMBL677890,Inhibitory activity against protein tyrosine kinase of Epidermal growth factor receptor was determined,B,,,BAO_0000190,BAO_0000357,single protein format,COC(=O)CN1Cc2c(c3c4ccccc4n4c3c3c2c2ccccc2n3[C@]2(C)O[C@H]4C[C@H](N(C)C(=O)c3ccccc3)[C@@H]2OC)C1=O,,,CHEMBL1127758,Bioorg Med Chem Lett,1994.0,,CHEMBL131456,,CHEMBL131456,,0.0,http://www.openphacts.org/units/Nanomolar,249290.0,>,1.0,1.0,>,,IC50,nM,,100000.0,CHEMBL203,Homo sapiens,Epidermal growth factor receptor,9606.0,,,IC50,uM,UO_0000065,,100.0,4.0,0.0,396.45100000000014,3.2112000000000016,3,7,124.28,4,3,3,O=C(N[C@@H]1CC2O[C@@H](C1)n1c3ccccc3c3c4c(c5c6ccccc6n2c5c31)CNC4=O)c1ccccc1,False,False,False,False
,,294648.0,[],CHEMBL677890,Inhibitory activity against protein tyrosine kinase of Epidermal growth factor receptor was determined,B,,,BAO_0000190,BAO_0000357,single protein format,CO[C@H]1[C@@H](N(C)C(=O)c2cccc(Cl)c2)C[C@@H]2O[C@@]1(C)n1c3ccccc3c3c4c(c5c6ccccc6n2c5c31)C(=O)NC4,,,CHEMBL1127758,Bioorg Med Chem Lett,1994.0,"{'bei': '8.82', 'le': '0.17', 'lle': '-1.22', 'sei': '6.87'}",CHEMBL338944,,CHEMBL338944,5.34,0.0,http://www.openphacts.org/units/Nanomolar,249313.0,=,1.0,1.0,=,,IC50,nM,,4600.0,CHEMBL203,Homo sapiens,Epidermal growth factor receptor,9606.0,,,IC50,uM,UO_0000065,,4.6,5.337242168318426,0.0,584.0980000000002,6.324900000000005,2,9,106.1,10,5,5,O=C(N[C@@H]1CC2O[C@@H](C1)n1c3ccccc3c3c4c(c5c6ccccc6n2c5c31)CNC4=O)c1ccccc1,False,False,False,False
,,295509.0,[],CHEMBL675521,Inhibition of Epidermal growth factor receptor (EGFr) tyrosine kinase,B,,,BAO_0000190,BAO_0000357,single protein format,CC(C)(C)NC(=O)Nc1nc2nc(N)ncc2cc1-c1c(Cl)cccc1Cl,,,CHEMBL1130094,J Med Chem,1997.0,"{'bei': '15.66', 'le': '0.32', 'lle': '1.85', 'sei': '6.00'}",CHEMBL57366,,CHEMBL57366,6.35,0.0,http://www.openphacts.org/units/Nanomolar,133211.0,=,1.0,1.0,=,,IC50,nM,,450.0,CHEMBL203,Homo sapiens,Epidermal growth factor receptor,9606.0,,,IC50,uM,UO_0000065,,0.45,6.346787486224656,1.0,584.0980000000002,6.324900000000005,2,9,106.1,10,5,5,c1ccc(-c2cnc3ncncc3c2)cc1,False,False,False,False
,,295884.0,[],CHEMBL677890,Inhibitory activity against protein tyrosine kinase of Epidermal growth factor receptor was determined,B,,,BAO_0000190,BAO_0000357,single protein format,CO[C@H]1[C@@H](N(C)C(=O)c2cnccn2)C[C@@H]2O[C@@]1(C)n1c3ccccc3c3c4c(c5c6ccccc6n2c5c31)C(=O)NC4,,,CHEMBL1127758,Bioorg Med Chem Lett,1994.0,"{'bei': '8.88', 'le': '0.16', 'lle': '0.39', 'sei': '4.91'}",CHEMBL337297,,CHEMBL337297,5.09,0.0,http://www.openphacts.org/units/Nanomolar,249315.0,=,1.0,1.0,=,,IC50,nM,,8180.0,CHEMBL203,Homo sapiens,Epidermal growth factor receptor,9606.0,,,IC50,uM,UO_0000065,,8.18,5.087246696328677,0.0,532.5200000000002,6.452500000000005,3,6,95.07,10,3,3,O=C(N[C@@H]1CC2O[C@@H](C1)n1c3ccccc3c3c4c(c5c6ccccc6n2c5c31)CNC4=O)c1cnccn1,False,False,False,False
,,295888.0,[],CHEMBL677890,Inhibitory activity against protein tyrosine kinase of Epidermal growth factor receptor was determined,B,,,BAO_0000190,BAO_0000357,single protein format,CN[C@H]1C[C@@H]2O[C@](C)([C@H]1OC)n1c3ccccc3c3c4c(c5c6ccccc6n2c5c31)C(=O)N[C@@H]4O,,,CHEMBL1127758,Bioorg Med Chem Lett,1994.0,"{'bei': '16.10', 'le': '0.29', 'lle': '3.93', 'sei': '8.66'}",CHEMBL338049,,CHEMBL338049,7.77,0.0,http://www.openphacts.org/units/Nanomolar,249302.0,=,1.0,1.0,=,,IC50,nM,,17.0,CHEMBL203,Homo sapiens,Epidermal growth factor receptor,9606.0,,,IC50,uM,UO_0000065,,0.017,7.769551078621726,1.0,566.7020000000002,5.617500000000005,2,5,80.89000000000001,7,8,5,O=C1NCc2c1c1c3ccccc3n3c1c1c2c2ccccc2n1C1CCC[C@@H]3O1,False,False,False,False
,,296902.0,[],CHEMBL675521,Inhibition of Epidermal growth factor receptor (EGFr) tyrosine kinase,B,,,BAO_0000190,BAO_0000357,single protein format,CCNC(=O)Nc1nc2nc(N)ncc2cc1-c1c(Cl)cccc1Cl,,,CHEMBL1130094,J Med Chem,1997.0,"{'bei': '15.55', 'le': '0.32', 'lle': '2.15', 'sei': '5.54'}",CHEMBL432738,,CHEMBL432738,5.87,0.0,http://www.openphacts.org/units/Nanomolar,133214.0,=,1.0,1.0,=,,IC50,nM,,1360.0,CHEMBL203,Homo sapiens,Epidermal growth factor receptor,9606.0,,,IC50,uM,UO_0000065,,1.36,5.866461091629782,0.0,508.5780000000003,4.612900000000003,1,4,77.72999999999999,2,8,5,c1ccc(-c2cnc3ncncc3c2)cc1,False,False,False,False
,,297281.0,[],CHEMBL677890,Inhibitory activity against protein tyrosine kinase of Epidermal growth factor receptor was determined,B,,,BAO_0000190,BAO_0000357,single protein format,CO[C@H]1[C@@H](N(C)Cc2ccccc2)C[C@@H]2O[C@@]1(C)n1c3ccccc3c3c4c(c5c6ccccc6n2c5c31)C(=O)NC4,,,CHEMBL1127758,Bioorg Med Chem Lett,1994.0,"{'bei': '10.85', 'le': '0.20', 'lle': '-0.23', 'sei': '9.96'}",CHEMBL131193,,CHEMBL131193,6.04,0.0,http://www.openphacts.org/units/Nanomolar,249285.0,=,1.0,1.0,=,,IC50,nM,,910.0,CHEMBL203,Homo sapiens,Epidermal growth factor receptor,9606.0,,,IC50,uM,UO_0000065,,0.91,6.040958607678906,1.0,562.5480000000001,5.155300000000005,1,4,77.72999999999999,2,8,5,O=C1NCc2c1c1c3ccccc3n3c1c1c2c2ccccc2n1C1C[C@@H](NCc2ccccc2)C[C@@H]3O1,False,False,False,False
,,299857.0,[],CHEMBL677890,Inhibitory activity against protein tyrosine kinase of Epidermal growth factor receptor was determined,B,,,BAO_0000190,BAO_0000357,single protein format,CNC(=S)N(C)[C@H]1C[C@@H]2O[C@](C)([C@H]1OC)n1c3ccccc3c3c4c(c5c6ccccc6n2c5c31)C(=O)NC4,,,CHEMBL1127758,Bioorg Med Chem Lett,1994.0,"{'bei': '9.09', 'le': '0.17', 'lle': '0.33', 'sei': '6.75'}",CHEMBL337035,,CHEMBL337035,4.9,0.0,http://www.openphacts.org/units/Nanomolar,249307.0,=,1.0,1.0,=,,IC50,nM,,12500.0,CHEMBL203,Homo sapiens,Epidermal growth factor receptor,9606.0,,,IC50,uM,UO_0000065,,12.5,4.903089986991944,0.0,628.6850000000001,5.693400000000006,1,6,104.03,4,9,6,O=C1NCc2c1c1c3ccccc3n3c1c1c2c2ccccc2n1C1CCC[C@@H]3O1,False,False,False,False
,,299862.0,[],CHEMBL677890,Inhibitory activity against protein tyrosine kinase of Epidermal growth factor receptor was determined,B,,,BAO_0000190,BAO_0000357,single protein format,CO[C@H]1[C@@H](N(C)C(=O)c2ccccc2)C[C@@H]2O[C@@]1(C)n1c3ccccc3c3c4c(c5c6ccccc6n2c5c31)C(=O)N(Cc1ccccc1)C4,,,CHEMBL1127758,Bioorg Med Chem Lett,1994.0,,CHEMBL415233,,CHEMBL415233,,0.0,http://www.openphacts.org/units/Nanomolar,249291.0,>,1.0,1.0,>,,IC50,nM,,100000.0,CHEMBL203,Homo sapiens,Epidermal growth factor receptor,9606.0,,,IC50,uM,UO_0000065,,100.0,4.0,0.0,477.9740000000001,4.745900000000002,2,8,96.87,7,4,4,O=C(N[C@@H]1CC2O[C@@H](C1)n1c3ccccc3c3c4c(c5c6ccccc6n2c5c31)CN(Cc1ccccc1)C4=O)c1ccccc1,False,False,False,False
,,301082.0,[],CHEMBL677890,Inhibitory activity against protein tyrosine kinase of Epidermal growth factor receptor was determined,B,,,BAO_0000190,BAO_0000357,single protein format,CN[C@H]1C[C@@H]2O[C@](C)([C@H]1OC)n1c3ccccc3c3c4c(c5c6ccccc6n2c5c31)[C@H](O)NC4=O,,,CHEMBL1127758,Bioorg Med Chem Lett,1994.0,"{'bei': '13.65', 'le': '0.25', 'lle': '2.75', 'sei': '7.34'}",CHEMBL338155,,CHEMBL338155,6.58,0.0,http://www.openphacts.org/units/Nanomolar,249300.0,=,1.0,1.0,=,,IC50,nM,,260.0,CHEMBL203,Homo sapiens,Epidermal growth factor receptor,9606.0,,,IC50,uM,UO_0000065,,0.26,6.585026652029182,1.0,477.9740000000001,4.745900000000002,2,8,96.87,7,4,4,O=C1NCc2c1c1c3ccccc3n3c1c1c2c2ccccc2n1[C@@H]1CCCC3O1,False,False,False,False
,,301871.0,[],CHEMBL675521,Inhibition of Epidermal growth factor receptor (EGFr) tyrosine kinase,B,,,BAO_0000190,BAO_0000357,single protein format,CCNC(=O)Nc1nc2nc(NCCCCN(CC)CC)ncc2cc1-c1c(Cl)cccc1Cl,,,CHEMBL1130094,J Med Chem,1997.0,"{'bei': '11.69', 'le': '0.24', 'lle': '0.23', 'sei': '6.21'}",CHEMBL301483,,CHEMBL301483,5.9,0.0,http://www.openphacts.org/units/Nanomolar,133219.0,=,1.0,1.0,=,,IC50,nM,,1260.0,CHEMBL203,Homo sapiens,Epidermal growth factor receptor,9606.0,,,IC50,uM,UO_0000065,,1.26,5.8996294548824375,0.0,466.5410000000003,4.354000000000003,2,4,69.45,2,8,5,c1ccc(-c2cnc3ncncc3c2)cc1,False,False,False,False
,,302246.0,[],CHEMBL677890,Inhibitory activity against protein tyrosine kinase of Epidermal growth factor receptor was determined,B,,,BAO_0000190,BAO_0000357,single protein format,CO[C@H]1[C@@H](N(C)C(=O)c2cccc([N+](=O)[O-])c2)C[C@@H]2O[C@@]1(C)n1c3ccccc3c3c4c(c5c6ccccc6n2c5c31)C(=O)NC4,,,CHEMBL1127758,Bioorg Med Chem Lett,1994.0,"{'bei': '8.64', 'le': '0.16', 'lle': '-0.50', 'sei': '4.40'}",CHEMBL130208,,CHEMBL130208,5.32,0.0,http://www.openphacts.org/units/Nanomolar,249311.0,=,1.0,1.0,=,,IC50,nM,,4800.0,CHEMBL203,Homo sapiens,Epidermal growth factor receptor,9606.0,,,IC50,uM,UO_0000065,,4.8,5.318758762624412,0.0,494.5950000000003,5.086300000000004,1,4,60.66,3,8,5,O=C(N[C@@H]1CC2O[C@@H](C1)n1c3ccccc3c3c4c(c5c6ccccc6n2c5c31)CNC4=O)c1ccccc1,False,True,False,False
,,304928.0,[],CHEMBL679946,Concentration required to inhibit phosphorylation of isolated human epidermal growth factor tyrosine kinase receptor by 50%,B,,,BAO_0000190,BAO_0000357,single protein format,COc1cc2cc(-c3cccnc3)cnc2cc1OC,,,CHEMBL1127568,J Med Chem,1994.0,,CHEMBL304668,,CHEMBL304668,,0.0,http://www.openphacts.org/units/Nanomolar,117751.0,>,1.0,1.0,>,,IC50,nM,,25000.0,CHEMBL203,Homo sapiens,Epidermal growth factor receptor,9606.0,,,IC50,uM,UO_0000065,,25.0,4.6020599913279625,0.0,566.6140000000001,4.457800000000002,2,5,115.03,5,8,5,c1cncc(-c2cnc3ccccc3c2)c1,False,False,False,False
,,305236.0,[],CHEMBL676067,Inhibitory activity against epidermal growth factor receptor (EGFR),B,,,BAO_0000190,BAO_0000357,single protein format,Cc1cc(C)c(C(=O)/C(C#N)=C/c2ccc(O)c(O)c2)c(C)c1,,,CHEMBL1136802,J Med Chem,2003.0,"{'bei': '15.36', 'le': '0.28', 'lle': '0.91', 'sei': '5.80'}",CHEMBL55993,,CHEMBL55993,4.72,0.0,http://www.openphacts.org/units/Nanomolar,275687.0,=,1.0,1.0,=,,IC50,nM,,19054.61,CHEMBL203,Homo sapiens,Epidermal growth factor receptor,9606.0,,,pIC50,,UO_0000065,,4.72,4.719999935717911,0.0,566.6580000000001,6.001500000000006,1,5,86.96000000000001,2,8,5,O=C(/C=C/c1ccccc1)c1ccccc1,False,False,False,False
,,306240.0,[],CHEMBL679946,Concentration required to inhibit phosphorylation of isolated human epidermal growth factor tyrosine kinase receptor by 50%,B,,,BAO_0000190,BAO_0000357,single protein format,COc1ccc(-c2cnc3cc(OC)c(OC)cc3c2)cc1C,,,CHEMBL1127568,J Med Chem,1994.0,,CHEMBL66925,,CHEMBL66925,,0.0,http://www.openphacts.org/units/Nanomolar,117773.0,>,1.0,1.0,>,,IC50,nM,,20000.0,CHEMBL203,Homo sapiens,Epidermal growth factor receptor,9606.0,,,IC50,uM,UO_0000065,,20.0,4.698970004336019,0.0,524.5770000000002,4.832800000000003,1,5,86.96000000000001,2,8,5,c1ccc(-c2cnc3ccccc3c2)cc1,False,False,False,False
,,306529.0,[],CHEMBL676067,Inhibitory activity against epidermal growth factor receptor (EGFR),B,,,BAO_0000190,BAO_0000357,single protein format,Cc1cccc(C)c1NC(=O)/C(C#N)=C/c1ccc(O)c(O)c1,,,CHEMBL1136802,J Med Chem,2003.0,"{'bei': '16.18', 'le': '0.30', 'lle': '1.73', 'sei': '5.35'}",CHEMBL55360,,CHEMBL55360,4.99,1.0,http://www.openphacts.org/units/Nanomolar,275688.0,=,1.0,1.0,=,,IC50,nM,,10232.93,CHEMBL203,Homo sapiens,Epidermal growth factor receptor,9606.0,,,pIC50,,UO_0000065,,4.99,4.989999996723885,0.0,392.5070000000002,4.427680000000001,3,5,105.82,2,3,3,O=C(/C=C/c1ccccc1)Nc1ccccc1,False,True,False,True
,,306531.0,[],CHEMBL676067,Inhibitory activity against epidermal growth factor receptor (EGFR),B,,,BAO_0000190,BAO_0000357,single protein format,N#C/C(=C\c1ccc(O)c(O)c1)C(=O)Nc1ccccc1,,,CHEMBL1136802,J Med Chem,2003.0,"{'bei': '21.05', 'le': '0.38', 'lle': '3.26', 'sei': '6.32'}",CHEMBL56731,,CHEMBL56731,5.9,1.0,http://www.openphacts.org/units/Nanomolar,275696.0,=,1.0,1.0,=,,IC50,nM,,1258.93,CHEMBL203,Homo sapiens,Epidermal growth factor receptor,9606.0,,,pIC50,,UO_0000065,,5.9,5.899998417198648,0.0,623.71,5.117700000000004,2,6,116.06,4,8,5,O=C(C=Cc1ccccc1)Nc1ccccc1,False,True,False,True
,,306533.0,[],CHEMBL676067,Inhibitory activity against epidermal growth factor receptor (EGFR),B,,,BAO_0000190,BAO_0000357,single protein format,COc1cc(/C=C(\C#N)C(N)=O)cc(CSc2ccc(C)cc2)c1O,,,CHEMBL1136802,J Med Chem,2003.0,"{'bei': '16.25', 'le': '0.31', 'lle': '2.37', 'sei': '5.98'}",CHEMBL333454,,CHEMBL333454,5.76,1.0,http://www.openphacts.org/units/Nanomolar,275700.0,=,1.0,1.0,=,,IC50,nM,,1737.8,CHEMBL203,Homo sapiens,Epidermal growth factor receptor,9606.0,,,pIC50,,UO_0000065,,5.76,5.760000207113128,0.0,660.6430000000001,5.723200000000007,1,8,164.01,5,9,6,c1ccc(CSc2ccccc2)cc1,False,False,False,True
,,306535.0,[],CHEMBL676067,Inhibitory activity against epidermal growth factor receptor (EGFR),B,,,BAO_0000190,BAO_0000357,single protein format,COc1cc(C=C(C#N)C#N)cc(CSc2ccccc2)c1O,,,CHEMBL1136802,J Med Chem,2003.0,"{'bei': '16.04', 'le': '0.31', 'lle': '1.05', 'sei': '6.71'}",CHEMBL122522,,CHEMBL122522,5.17,1.0,http://www.openphacts.org/units/Nanomolar,275723.0,=,1.0,1.0,=,,IC50,nM,,6760.83,CHEMBL203,Homo sapiens,Epidermal growth factor receptor,9606.0,,,pIC50,,UO_0000065,,5.17,5.169999984192581,0.0,480.5240000000003,3.994200000000002,2,5,86.52000000000001,2,8,5,c1ccc(CSc2ccccc2)cc1,False,False,False,False
,,306537.0,[],CHEMBL676067,Inhibitory activity against epidermal growth factor receptor (EGFR),B,,,BAO_0000190,BAO_0000357,single protein format,N#C/C(=C\c1ccc(O)c(O)c1)C(=O)Nc1ccccc1Cl,,,CHEMBL1136802,J Med Chem,2003.0,"{'bei': '18.05', 'le': '0.35', 'lle': '2.38', 'sei': '6.08'}",CHEMBL56219,,CHEMBL56219,5.68,1.0,http://www.openphacts.org/units/Nanomolar,275719.0,=,1.0,1.0,=,,IC50,nM,,2089.3,CHEMBL203,Homo sapiens,Epidermal growth factor receptor,9606.0,,,pIC50,,UO_0000065,,5.68,5.679999195735272,0.0,509.6300000000003,5.2309000000000045,1,3,57.42,3,8,5,O=C(C=Cc1ccccc1)Nc1ccccc1,False,True,False,True
,,306539.0,[],CHEMBL676067,Inhibitory activity against epidermal growth factor receptor (EGFR),B,,,BAO_0000190,BAO_0000357,single protein format,COc1cc(/C=C(\C#N)C(N)=O)cc(CSc2nc3ccccc3o2)c1O,,,CHEMBL1136802,J Med Chem,2003.0,"{'bei': '13.84', 'le': '0.27', 'lle': '2.05', 'sei': '4.31'}",CHEMBL118205,,CHEMBL118205,5.28,1.0,http://www.openphacts.org/units/Nanomolar,275716.0,=,1.0,1.0,=,,IC50,nM,,5248.07,CHEMBL203,Homo sapiens,Epidermal growth factor receptor,9606.0,,,pIC50,,UO_0000065,,5.28,5.280000380871156,0.0,294.31,2.32118,3,4,93.35,4,2,2,c1ccc(CSc2nc3ccccc3o2)cc1,False,False,False,True
,,307859.0,[],CHEMBL677388,Inhibition of epidermal growth factor receptor kinase activity at a concentration of 2 uM of ATP,B,,,BAO_0000190,BAO_0000357,single protein format,COc1cc2c(Nc3ccc(Cl)cc3F)ncnc2cc1OCC1CCNCC1.Cl,,,CHEMBL1135889,J Med Chem,2002.0,"{'bei': '15.65', 'le': '0.31', 'lle': '1.97', 'sei': '9.55'}",CHEMBL2448064,,CHEMBL26456,6.52,0.0,http://www.openphacts.org/units/Nanomolar,35681.0,=,1.0,1.0,=,,IC50,nM,,300.0,CHEMBL203,Homo sapiens,Epidermal growth factor receptor,9606.0,,,IC50,uM,UO_0000065,,0.3,6.522878745280337,1.0,642.7120000000003,5.792200000000006,0,6,95.24,5,9,6,c1ccc(Nc2ncnc3cc(OCC4CCNCC4)ccc23)cc1,False,True,False,False
,,307861.0,[],CHEMBL691873,Inhibition of human endothelial cell growth stimulate by endothelial growth factor,F,,,BAO_0000190,BAO_0000219,cell-based format,COc1cc2c(Nc3ccc(Cl)cc3F)ncnc2cc1OCC1CCNCC1.Cl,,,CHEMBL1135889,J Med Chem,2002.0,,CHEMBL2448064,,CHEMBL26456,7.0,0.0,http://www.openphacts.org/units/Nanomolar,35681.0,=,1.0,1.0,=,,IC50,nM,,100.0,CHEMBL203,Homo sapiens,Epidermal growth factor receptor,9606.0,,,IC50,uM,UO_0000065,,0.1,7.0,1.0,605.0940000000002,6.560200000000006,1,4,77.72999999999999,3,9,6,c1ccc(Nc2ncnc3cc(OCC4CCNCC4)ccc23)cc1,False,True,False,False
,,308969.0,[],CHEMBL679946,Concentration required to inhibit phosphorylation of isolated human epidermal growth factor tyrosine kinase receptor by 50%,B,,,BAO_0000190,BAO_0000357,single protein format,COc1cc2cc(O)cnc2cc1OC,,,CHEMBL1127568,J Med Chem,1994.0,,CHEMBL308879,,CHEMBL308879,,0.0,http://www.openphacts.org/units/Nanomolar,117755.0,>,1.0,1.0,>,,IC50,nM,,20000.0,CHEMBL203,Homo sapiens,Epidermal growth factor receptor,9606.0,,,IC50,uM,UO_0000065,,20.0,4.698970004336019,0.0,405.2890000000001,4.500800000000003,3,5,105.82,2,3,3,c1ccc2ncccc2c1,False,False,False,False
,,308971.0,[],CHEMBL679946,Concentration required to inhibit phosphorylation of isolated human epidermal growth factor tyrosine kinase receptor by 50%,B,,,BAO_0000190,BAO_0000357,single protein format,COc1cc2cc(-c3ccc4ccccc4c3)cnc2cc1OC,,,CHEMBL1127568,J Med Chem,1994.0,,CHEMBL417740,,CHEMBL417740,,0.0,http://www.openphacts.org/units/Nanomolar,117785.0,>,1.0,1.0,>,,IC50,nM,,20000.0,CHEMBL203,Homo sapiens,Epidermal growth factor receptor,9606.0,,,IC50,uM,UO_0000065,,20.0,4.698970004336019,0.0,572.6250000000002,4.696800000000004,1,6,103.51,3,9,6,c1ccc2cc(-c3cnc4ccccc4c3)ccc2c1,False,False,False,False
,,308973.0,[],CHEMBL679946,Concentration required to inhibit phosphorylation of isolated human epidermal growth factor tyrosine kinase receptor by 50%,B,,,BAO_0000190,BAO_0000357,single protein format,COc1ccc(-c2cnc3cc(OC)c(OC)cc3c2)cc1,,,CHEMBL1127568,J Med Chem,1994.0,,CHEMBL70130,,CHEMBL70130,,0.0,http://www.openphacts.org/units/Nanomolar,117783.0,>,1.0,1.0,>,,IC50,nM,,20000.0,CHEMBL203,Homo sapiens,Epidermal growth factor receptor,9606.0,,,IC50,uM,UO_0000065,,20.0,4.698970004336019,0.0,482.54000000000025,3.844900000000002,3,5,89.68,2,8,5,c1ccc(-c2cnc3ccccc3c2)cc1,False,False,False,False
,,308976.0,[],CHEMBL679946,Concentration required to inhibit phosphorylation of isolated human epidermal growth factor tyrosine kinase receptor by 50%,B,,,BAO_0000190,BAO_0000357,single protein format,COc1cc2cc(-c3cc(OC)c(OC)c(OC)c3)cnc2cc1OC,,,CHEMBL1127568,J Med Chem,1994.0,,CHEMBL66107,,CHEMBL66107,,0.0,http://www.openphacts.org/units/Nanomolar,117778.0,>,1.0,1.0,>,,IC50,nM,,20000.0,CHEMBL203,Homo sapiens,Epidermal growth factor receptor,9606.0,,,IC50,uM,UO_0000065,,20.0,4.698970004336019,0.0,377.235,3.7222000000000017,3,5,105.82,3,3,3,c1ccc(-c2cnc3ccccc3c2)cc1,False,False,False,False
,,309317.0,[],CHEMBL677388,Inhibition of epidermal growth factor receptor kinase activity at a concentration of 2 uM of ATP,B,,,BAO_0000190,BAO_0000357,single protein format,COc1cc2c(Nc3ccc(Cl)cc3F)ncnc2cc1OCCN(C)c1ccncc1,,,CHEMBL1135889,J Med Chem,2002.0,"{'bei': '14.37', 'le': '0.28', 'lle': '1.44', 'sei': '9.01'}",CHEMBL25579,,CHEMBL25579,6.52,0.0,http://www.openphacts.org/units/Nanomolar,35668.0,=,1.0,1.0,=,,IC50,nM,,300.0,CHEMBL203,Homo sapiens,Epidermal growth factor receptor,9606.0,,,IC50,uM,UO_0000065,,0.3,6.522878745280337,1.0,556.6660000000002,6.266600000000008,1,4,60.66,4,9,6,c1ccc(Nc2ncnc3cc(OCCNc4ccncc4)ccc23)cc1,False,True,False,False
,,309319.0,[],CHEMBL691873,Inhibition of human endothelial cell growth stimulate by endothelial growth factor,F,,,BAO_0000190,BAO_0000219,cell-based format,COc1cc2c(Nc3ccc(Cl)cc3F)ncnc2cc1OCCN(C)c1ccncc1,,,CHEMBL1135889,J Med Chem,2002.0,,CHEMBL25579,,CHEMBL25579,6.7,0.0,http://www.openphacts.org/units/Nanomolar,35668.0,=,1.0,1.0,=,,IC50,nM,,200.0,CHEMBL203,Homo sapiens,Epidermal growth factor receptor,9606.0,,,IC50,uM,UO_0000065,,0.2,6.698970004336019,1.0,539.6610000000003,4.570700000000003,2,4,72.69,2,8,5,c1ccc(Nc2ncnc3cc(OCCNc4ccncc4)ccc23)cc1,False,True,False,False
,,309326.0,[],CHEMBL677388,Inhibition of epidermal growth factor receptor kinase activity at a concentration of 2 uM of ATP,B,,,BAO_0000190,BAO_0000357,single protein format,COc1cc2c(Nc3ccc(C#N)cc3F)ncnc2cc1OC/C=C/CN1CCCC1,,,CHEMBL1135889,J Med Chem,2002.0,"{'bei': '14.06', 'le': '0.26', 'lle': '1.68', 'sei': '7.32'}",CHEMBL24026,,CHEMBL24026,6.1,0.0,http://www.openphacts.org/units/Nanomolar,35661.0,=,1.0,1.0,=,,IC50,nM,,800.0,CHEMBL203,Homo sapiens,Epidermal growth factor receptor,9606.0,,,IC50,uM,UO_0000065,,0.8,6.096910013008056,1.0,660.7740000000001,7.81940000000001,0,4,68.93999999999998,5,10,7,C(=C\CN1CCCC1)/COc1ccc2c(Nc3ccccc3)ncnc2c1,False,True,False,False
,,309328.0,[],CHEMBL691873,Inhibition of human endothelial cell growth stimulate by endothelial growth factor,F,,,BAO_0000190,BAO_0000219,cell-based format,COc1cc2c(Nc3ccc(C#N)cc3F)ncnc2cc1OC/C=C/CN1CCCC1,,,CHEMBL1135889,J Med Chem,2002.0,,CHEMBL24026,,CHEMBL24026,5.85,0.0,http://www.openphacts.org/units/Nanomolar,35661.0,=,1.0,1.0,=,,IC50,nM,,1400.0,CHEMBL203,Homo sapiens,Epidermal growth factor receptor,9606.0,,,IC50,uM,UO_0000065,,1.4,5.853871964321762,0.0,482.54000000000025,3.844900000000002,3,5,89.68,2,8,5,C(=C\CN1CCCC1)/COc1ccc2c(Nc3ccccc3)ncnc2c1,False,True,False,False
,,310205.0,[],CHEMBL679946,Concentration required to inhibit phosphorylation of isolated human epidermal growth factor tyrosine kinase receptor by 50%,B,,,BAO_0000190,BAO_0000357,single protein format,COc1cc2cccnc2cc1OC,,,CHEMBL1127568,J Med Chem,1994.0,,CHEMBL66705,,CHEMBL66705,,0.0,http://www.openphacts.org/units/Nanomolar,117764.0,>,1.0,1.0,>,,IC50,nM,,20000.0,CHEMBL203,Homo sapiens,Epidermal growth factor receptor,9606.0,,,IC50,uM,UO_0000065,,20.0,4.698970004336019,0.0,504.4660000000002,5.673900000000004,3,6,95.07,11,3,3,c1ccc2ncccc2c1,False,False,False,False
,,310537.0,[],CHEMBL676067,Inhibitory activity against epidermal growth factor receptor (EGFR),B,,,BAO_0000190,BAO_0000357,single protein format,COc1cc(/C=C(\C#N)C(N)=O)cc(CSc2ccccc2)c1O,,,CHEMBL1136802,J Med Chem,2003.0,"{'bei': '18.80', 'le': '0.36', 'lle': '3.31', 'sei': '6.64'}",CHEMBL116595,,CHEMBL116595,6.4,1.0,http://www.openphacts.org/units/Nanomolar,275724.0,=,1.0,1.0,=,,IC50,nM,,398.11,CHEMBL203,Homo sapiens,Epidermal growth factor receptor,9606.0,,,pIC50,,UO_0000065,,6.4,6.399996913372259,1.0,615.6460000000001,5.815000000000007,1,6,120.87,4,9,6,c1ccc(CSc2ccccc2)cc1,False,False,False,True
,,310539.0,[],CHEMBL676067,Inhibitory activity against epidermal growth factor receptor (EGFR),B,,,BAO_0000190,BAO_0000357,single protein format,COc1cc(/C=C(\C#N)C(N)=O)cc(CSC2=NCCS2)c1O,,,CHEMBL1136802,J Med Chem,2003.0,"{'bei': '14.48', 'le': '0.30', 'lle': '2.93', 'sei': '4.66'}",CHEMBL324030,,CHEMBL324030,5.06,1.0,http://www.openphacts.org/units/Nanomolar,275715.0,=,1.0,1.0,=,,IC50,nM,,8709.64,CHEMBL203,Homo sapiens,Epidermal growth factor receptor,9606.0,,,pIC50,,UO_0000065,,5.06,5.059999795537068,0.0,266.3,3.314000000000002,0,4,44.24000000000001,3,3,3,c1ccc(CSC2=NCCS2)cc1,False,False,False,True
,,311545.0,[],CHEMBL679946,Concentration required to inhibit phosphorylation of isolated human epidermal growth factor tyrosine kinase receptor by 50%,B,,,BAO_0000190,BAO_0000357,single protein format,Fc1ccc2cc(-c3ccsc3)cnc2c1,,,CHEMBL1127568,J Med Chem,1994.0,,CHEMBL307093,,CHEMBL307093,,0.0,http://www.openphacts.org/units/Nanomolar,117738.0,>,1.0,1.0,>,,IC50,nM,,20000.0,CHEMBL203,Homo sapiens,Epidermal growth factor receptor,9606.0,,,IC50,uM,UO_0000065,,20.0,4.698970004336019,0.0,307.34900000000005,3.812940000000003,2,4,81.32000000000001,3,2,2,c1ccc2ncc(-c3ccsc3)cc2c1,False,False,False,False
,,311905.0,[],CHEMBL676067,Inhibitory activity against epidermal growth factor receptor (EGFR),B,,,BAO_0000190,BAO_0000357,single protein format,N#C/C(=C\c1ccc(O)c(O)c1)C(=O)NC1CCCCC1,,,CHEMBL1136802,J Med Chem,2003.0,"{'bei': '18.27', 'le': '0.34', 'lle': '2.78', 'sei': '5.60'}",CHEMBL417941,,CHEMBL417941,5.23,1.0,http://www.openphacts.org/units/Nanomolar,275694.0,=,1.0,1.0,=,,IC50,nM,,5888.44,CHEMBL203,Homo sapiens,Epidermal growth factor receptor,9606.0,,,pIC50,,UO_0000065,,5.23,5.229999745811777,0.0,309.36500000000007,4.2360200000000034,0,4,40.58,4,3,3,O=C(C=Cc1ccccc1)NC1CCCCC1,False,False,False,True
,,311907.0,[],CHEMBL676067,Inhibitory activity against epidermal growth factor receptor (EGFR),B,,,BAO_0000190,BAO_0000357,single protein format,COc1cc(/C=C(\C#N)C(N)=O)cc(CSCc2ccccc2Cl)c1O,,,CHEMBL1136802,J Med Chem,2003.0,"{'bei': '15.43', 'le': '0.32', 'lle': '2.12', 'sei': '6.23'}",CHEMBL326100,,CHEMBL326100,6.0,1.0,http://www.openphacts.org/units/Nanomolar,275702.0,=,1.0,1.0,=,,IC50,nM,,1000.0,CHEMBL203,Homo sapiens,Epidermal growth factor receptor,9606.0,,,pIC50,,UO_0000065,,6.0,6.0,1.0,308.33700000000005,3.260320000000002,3,4,93.35,3,2,2,c1ccc(CSCc2ccccc2)cc1,False,False,False,True
,,312890.0,[],CHEMBL679946,Concentration required to inhibit phosphorylation of isolated human epidermal growth factor tyrosine kinase receptor by 50%,B,,,BAO_0000190,BAO_0000357,single protein format,COc1cc2cc(-c3cccs3)cnc2cc1OC,,,CHEMBL1127568,J Med Chem,1994.0,,CHEMBL304336,,CHEMBL304336,,0.0,http://www.openphacts.org/units/Nanomolar,117729.0,>,1.0,1.0,>,,IC50,nM,,20000.0,CHEMBL203,Homo sapiens,Epidermal growth factor receptor,9606.0,,,IC50,uM,UO_0000065,,20.0,4.698970004336019,0.0,280.283,2.6434800000000003,3,4,93.35,3,2,2,c1csc(-c2cnc3ccccc3c2)c1,False,False,False,False
,,312892.0,[],CHEMBL679946,Concentration required to inhibit phosphorylation of isolated human epidermal growth factor tyrosine kinase receptor by 50%,B,,,BAO_0000190,BAO_0000357,single protein format,COc1ccc2cc(-c3ccsc3)cnc2c1,,,CHEMBL1127568,J Med Chem,1994.0,,CHEMBL68185,,CHEMBL68185,,0.0,http://www.openphacts.org/units/Nanomolar,117732.0,>,1.0,1.0,>,,IC50,nM,,20000.0,CHEMBL203,Homo sapiens,Epidermal growth factor receptor,9606.0,,,IC50,uM,UO_0000065,,20.0,4.698970004336019,0.0,354.43100000000004,3.393800000000003,2,5,96.34,6,2,2,c1ccc2ncc(-c3ccsc3)cc2c1,False,False,False,False
,,313231.0,[],CHEMBL676067,Inhibitory activity against epidermal growth factor receptor (EGFR),B,,,BAO_0000190,BAO_0000357,single protein format,N#C/C(=C\c1ccc(O)c(O)c1)C(=O)N1CCc2ccccc21,,,CHEMBL1136802,J Med Chem,2003.0,"{'bei': '16.06', 'le': '0.29', 'lle': '2.33', 'sei': '5.82'}",CHEMBL56542,,CHEMBL56542,4.92,1.0,http://www.openphacts.org/units/Nanomolar,275729.0,=,1.0,1.0,=,,IC50,nM,,12022.64,CHEMBL203,Homo sapiens,Epidermal growth factor receptor,9606.0,,,pIC50,,UO_0000065,,4.92,4.920000156997057,0.0,322.389,4.123660000000004,1,5,77.03999999999999,5,2,2,O=C(C=Cc1ccccc1)N1CCc2ccccc21,False,True,False,True
,,313233.0,[],CHEMBL676067,Inhibitory activity against epidermal growth factor receptor (EGFR),B,,,BAO_0000190,BAO_0000357,single protein format,N#C/C(=C\c1ccc(O)c(O)c1)C(=O)NCCc1ccccc1,,,CHEMBL1136802,J Med Chem,2003.0,"{'bei': '20.14', 'le': '0.37', 'lle': '3.85', 'sei': '6.65'}",CHEMBL293749,,CHEMBL293749,6.21,0.0,http://www.openphacts.org/units/Nanomolar,275691.0,=,1.0,1.0,=,,IC50,nM,,616.6,CHEMBL203,Homo sapiens,Epidermal growth factor receptor,9606.0,,,pIC50,,UO_0000065,,6.21,6.209996479609511,1.0,314.72800000000007,3.2968800000000007,3,4,93.35,3,2,2,O=C(C=Cc1ccccc1)NCCc1ccccc1,False,False,False,True
,,313235.0,[],CHEMBL676067,Inhibitory activity against epidermal growth factor receptor (EGFR),B,,,BAO_0000190,BAO_0000357,single protein format,COc1cc(/C=C(\C#N)C(N)=O)cc(CSc2cccc3ccccc23)c1O,,,CHEMBL1136802,J Med Chem,2003.0,"{'bei': '14.78', 'le': '0.28', 'lle': '1.53', 'sei': '5.99'}",CHEMBL143212,,CHEMBL143212,5.77,0.0,http://www.openphacts.org/units/Nanomolar,275698.0,=,1.0,1.0,=,,IC50,nM,,1698.24,CHEMBL203,Homo sapiens,Epidermal growth factor receptor,9606.0,,,pIC50,,UO_0000065,,5.77,5.770000934050708,0.0,381.41300000000007,3.2265800000000016,2,7,122.37,6,3,3,c1ccc(CSc2cccc3ccccc23)cc1,False,False,False,True
,,313559.0,[],CHEMBL677206,Inhibition of epidermal growth factor receptor (EGFr),B,,,BAO_0000190,BAO_0000357,single protein format,CNC(=O)c1c([Se][Se]c2[nH]c3ccccc3c2C(=O)NC)[nH]c2ccccc12,,,CHEMBL1129933,J Med Chem,1997.0,"{'bei': '9.69', 'le': None, 'lle': None, 'sei': None}",CHEMBL135861,,CHEMBL135861,4.89,0.0,http://www.openphacts.org/units/Nanomolar,259287.0,=,1.0,1.0,=,,IC50,nM,,13000.0,CHEMBL203,Homo sapiens,Epidermal growth factor receptor,9606.0,,,IC50,uM,UO_0000065,,13.0,4.886056647693163,0.0,453.3450000000003,4.974700000000005,2,6,68.3,6,4,3,c1ccc2[nH]c([Se][Se]c3cc4ccccc4[nH]3)cc2c1,False,False,False,False
,,314215.0,[],CHEMBL679946,Concentration required to inhibit phosphorylation of isolated human epidermal growth factor tyrosine kinase receptor by 50%,B,,,BAO_0000190,BAO_0000357,single protein format,COc1ccc(-c2cnc3cc(OC)c(OC)cc3c2)cc1OC,,,CHEMBL1127568,J Med Chem,1994.0,,CHEMBL66100,,CHEMBL66100,,0.0,http://www.openphacts.org/units/Nanomolar,117743.0,>,1.0,1.0,>,,IC50,nM,,20000.0,CHEMBL203,Homo sapiens,Epidermal growth factor receptor,9606.0,,,IC50,uM,UO_0000065,,20.0,4.698970004336019,0.0,453.3450000000003,4.974700000000005,2,6,68.3,6,4,3,c1ccc(-c2cnc3ccccc3c2)cc1,False,False,False,False
,,314304.0,[],CHEMBL679946,Concentration required to inhibit phosphorylation of isolated human epidermal growth factor tyrosine kinase receptor by 50%,B,,,BAO_0000190,BAO_0000357,single protein format,COc1cc2cc(-c3ccc(O)cc3)cnc2cc1OC,,,CHEMBL1127568,J Med Chem,1994.0,,CHEMBL303704,,CHEMBL303704,,0.0,http://www.openphacts.org/units/Nanomolar,117761.0,>,1.0,1.0,>,,IC50,nM,,20000.0,CHEMBL203,Homo sapiens,Epidermal growth factor receptor,9606.0,,,IC50,uM,UO_0000065,,20.0,4.698970004336019,0.0,205.213,1.9576,1,4,51.58,2,2,2,c1ccc(-c2cnc3ccccc3c2)cc1,False,False,False,False
,,314306.0,[],CHEMBL679946,Concentration required to inhibit phosphorylation of isolated human epidermal growth factor tyrosine kinase receptor by 50%,B,,,BAO_0000190,BAO_0000357,single protein format,COc1ccc(CCc2cnc3cc(OC)c(OC)cc3c2)cc1,,,CHEMBL1127568,J Med Chem,1994.0,,CHEMBL66787,,CHEMBL66787,,0.0,http://www.openphacts.org/units/Nanomolar,117760.0,>,1.0,1.0,>,,IC50,nM,,20000.0,CHEMBL203,Homo sapiens,Epidermal growth factor receptor,9606.0,,,IC50,uM,UO_0000065,,20.0,4.698970004336019,0.0,315.3720000000001,5.072200000000004,0,3,31.35,3,4,4,c1ccc(CCc2cnc3ccccc3c2)cc1,False,False,False,False
,,314556.0,[],CHEMBL676067,Inhibitory activity against epidermal growth factor receptor (EGFR),B,,,BAO_0000190,BAO_0000357,single protein format,N#C/C(=C\c1ccc(O)c(O)c1)C(=O)NCCCCc1ccccc1,,,CHEMBL1136802,J Med Chem,2003.0,"{'bei': '15.76', 'le': '0.29', 'lle': '2.16', 'sei': '5.68'}",CHEMBL440298,,CHEMBL440298,5.3,1.0,http://www.openphacts.org/units/Nanomolar,275689.0,=,1.0,1.0,=,,IC50,nM,,5011.87,CHEMBL203,Homo sapiens,Epidermal growth factor receptor,9606.0,,,pIC50,,UO_0000065,,5.3,5.300000202445418,0.0,295.338,3.927600000000002,0,4,40.58,4,3,3,O=C(C=Cc1ccccc1)NCCCCc1ccccc1,False,False,False,True
,,314572.0,[],CHEMBL677388,Inhibition of epidermal growth factor receptor kinase activity at a concentration of 2 uM of ATP,B,,,BAO_0000190,BAO_0000357,single protein format,COc1cc2c(Nc3ccc(C)cc3F)ncnc2cc1OCC1CCNCC1,,,CHEMBL1135889,J Med Chem,2002.0,"{'bei': '15.89', 'le': '0.30', 'lle': '2.09', 'sei': '9.23'}",CHEMBL428534,,CHEMBL428534,6.3,0.0,http://www.openphacts.org/units/Nanomolar,35679.0,=,1.0,1.0,=,,IC50,nM,,500.0,CHEMBL203,Homo sapiens,Epidermal growth factor receptor,9606.0,,,IC50,uM,UO_0000065,,0.5,6.301029995663981,1.0,355.39000000000004,3.9448000000000025,0,6,59.040000000000006,6,3,3,c1ccc(Nc2ncnc3cc(OCC4CCNCC4)ccc23)cc1,False,True,False,False
,,314574.0,[],CHEMBL691873,Inhibition of human endothelial cell growth stimulate by endothelial growth factor,F,,,BAO_0000190,BAO_0000219,cell-based format,COc1cc2c(Nc3ccc(C)cc3F)ncnc2cc1OCC1CCNCC1,,,CHEMBL1135889,J Med Chem,2002.0,,CHEMBL428534,,CHEMBL428534,6.35,0.0,http://www.openphacts.org/units/Nanomolar,35679.0,=,1.0,1.0,=,,IC50,nM,,450.0,CHEMBL203,Homo sapiens,Epidermal growth factor receptor,9606.0,,,IC50,uM,UO_0000065,,0.45,6.346787486224656,1.0,453.90500000000026,5.084700000000005,1,7,72.4,8,4,4,c1ccc(Nc2ncnc3cc(OCC4CCNCC4)ccc23)cc1,False,True,False,False
,,315720.0,[],CHEMBL676067,Inhibitory activity against epidermal growth factor receptor (EGFR),B,,,BAO_0000190,BAO_0000357,single protein format,COc1cc(/C=C(\C#N)C(N)=O)cc(CSCc2ccccc2)c1O,,,CHEMBL1136802,J Med Chem,2003.0,"{'bei': '17.07', 'le': '0.33', 'lle': '2.82', 'sei': '6.28'}",CHEMBL326318,,CHEMBL326318,6.05,1.0,http://www.openphacts.org/units/Nanomolar,275703.0,=,1.0,1.0,=,,IC50,nM,,891.25,CHEMBL203,Homo sapiens,Epidermal growth factor receptor,9606.0,,,pIC50,,UO_0000065,,6.05,6.050000457140078,1.0,453.90500000000026,5.084700000000005,1,7,72.4,8,4,4,c1ccc(CSCc2ccccc2)cc1,False,False,False,True
,,315722.0,[],CHEMBL676067,Inhibitory activity against epidermal growth factor receptor (EGFR),B,,,BAO_0000190,BAO_0000357,single protein format,COc1cc(/C=C(\C#N)C(N)=O)cc(SCCCC(=O)O)c1O,,,CHEMBL1136802,J Med Chem,2003.0,"{'bei': '12.84', 'le': '0.26', 'lle': '2.57', 'sei': '3.23'}",CHEMBL1161234,,CHEMBL1161234,4.32,0.0,http://www.openphacts.org/units/Nanomolar,275712.0,=,1.0,1.0,=,,IC50,nM,,47863.01,CHEMBL203,Homo sapiens,Epidermal growth factor receptor,9606.0,,,pIC50,,UO_0000065,,4.32,4.319999993033794,0.0,433.4870000000004,4.423580000000003,1,7,83.3,8,4,3,c1ccccc1,False,False,False,True
,,316547.0,[],CHEMBL679946,Concentration required to inhibit phosphorylation of isolated human epidermal growth factor tyrosine kinase receptor by 50%,B,,,BAO_0000190,BAO_0000357,single protein format,c1cc(-c2cnc3cc4c(cc3c2)OCO4)cs1,,,CHEMBL1127568,J Med Chem,1994.0,,CHEMBL69378,,CHEMBL69378,,0.0,http://www.openphacts.org/units/Nanomolar,117741.0,>,1.0,1.0,>,,IC50,nM,,20000.0,CHEMBL203,Homo sapiens,Epidermal growth factor receptor,9606.0,,,IC50,uM,UO_0000065,,20.0,4.698970004336019,0.0,433.4870000000004,4.423580000000003,1,7,83.3,8,4,3,c1cc(-c2cnc3cc4c(cc3c2)OCO4)cs1,False,False,False,False
,,316633.0,[],CHEMBL679946,Concentration required to inhibit phosphorylation of isolated human epidermal growth factor tyrosine kinase receptor by 50%,B,,,BAO_0000190,BAO_0000357,single protein format,COc1cc2cc(-c3sccc3Cl)cnc2cc1OC,,,CHEMBL1127568,J Med Chem,1994.0,,CHEMBL306234,,CHEMBL306234,,0.0,http://www.openphacts.org/units/Nanomolar,117780.0,>,1.0,1.0,>,,IC50,nM,,20000.0,CHEMBL203,Homo sapiens,Epidermal growth factor receptor,9606.0,,,IC50,uM,UO_0000065,,20.0,4.698970004336019,0.0,189.214,2.252,0,3,31.35,2,2,2,c1csc(-c2cnc3ccccc3c2)c1,False,False,False,False
,,316940.0,[],CHEMBL677388,Inhibition of epidermal growth factor receptor kinase activity at a concentration of 2 uM of ATP,B,,,BAO_0000190,BAO_0000357,single protein format,COc1cc2c(Nc3ccc(Br)cc3F)ncnc2cc1OCCn1ccnn1,,,CHEMBL1135889,J Med Chem,2002.0,"{'bei': '13.93', 'le': '0.30', 'lle': '2.45', 'sei': '7.36'}",CHEMBL281872,ZD-4190 FREE BASE,CHEMBL281872,6.4,0.0,http://www.openphacts.org/units/Nanomolar,35685.0,=,1.0,1.0,=,,IC50,nM,,400.0,CHEMBL203,Homo sapiens,Epidermal growth factor receptor,9606.0,,,IC50,uM,UO_0000065,,0.4,6.3979400086720375,1.0,340.404,3.085380000000002,2,5,96.34,6,2,2,c1ccc(Nc2ncnc3cc(OCCn4ccnn4)ccc23)cc1,False,True,False,False
,,316942.0,[],CHEMBL691873,Inhibition of human endothelial cell growth stimulate by endothelial growth factor,F,,,BAO_0000190,BAO_0000219,cell-based format,COc1cc2c(Nc3ccc(Br)cc3F)ncnc2cc1OCCn1ccnn1,,,CHEMBL1135889,J Med Chem,2002.0,,CHEMBL281872,ZD-4190 FREE BASE,CHEMBL281872,7.3,0.0,http://www.openphacts.org/units/Nanomolar,35685.0,=,1.0,1.0,=,,IC50,nM,,50.0,CHEMBL203,Homo sapiens,Epidermal growth factor receptor,9606.0,,,IC50,uM,UO_0000065,,0.05,7.301029995663981,1.0,349.43700000000007,2.1290800000000005,2,7,108.7,5,2,1,c1ccc(Nc2ncnc3cc(OCCn4ccnn4)ccc23)cc1,False,True,False,False
,,316968.0,[],CHEMBL677388,Inhibition of epidermal growth factor receptor kinase activity at a concentration of 2 uM of ATP,B,,,BAO_0000190,BAO_0000357,single protein format,COc1cc2c(Nc3ccc(C)cc3F)ncnc2cc1OCC1CCN(C)CC1,,,CHEMBL1135889,J Med Chem,2002.0,"{'bei': '14.62', 'le': '0.27', 'lle': '1.45', 'sei': '10.08'}",CHEMBL281990,,CHEMBL281990,6.0,0.0,http://www.openphacts.org/units/Nanomolar,35656.0,=,1.0,1.0,=,,IC50,nM,,1000.0,CHEMBL203,Homo sapiens,Epidermal growth factor receptor,9606.0,,,IC50,uM,UO_0000065,,1.0,6.0,1.0,229.279,4.102400000000002,0,2,12.89,1,3,3,c1ccc(Nc2ncnc3cc(OCC4CCNCC4)ccc23)cc1,False,True,False,False
,,316970.0,[],CHEMBL691873,Inhibition of human endothelial cell growth stimulate by endothelial growth factor,F,,,BAO_0000190,BAO_0000219,cell-based format,COc1cc2c(Nc3ccc(C)cc3F)ncnc2cc1OCC1CCN(C)CC1,,,CHEMBL1135889,J Med Chem,2002.0,,CHEMBL281990,,CHEMBL281990,6.4,0.0,http://www.openphacts.org/units/Nanomolar,35656.0,=,1.0,1.0,=,,IC50,nM,,400.0,CHEMBL203,Homo sapiens,Epidermal growth factor receptor,9606.0,,,IC50,uM,UO_0000065,,0.4,6.3979400086720375,1.0,286.3310000000001,2.4536800000000003,3,4,93.35,3,2,1,c1ccc(Nc2ncnc3cc(OCC4CCNCC4)ccc23)cc1,False,True,False,False
,,316975.0,[],CHEMBL677388,Inhibition of epidermal growth factor receptor kinase activity at a concentration of 2 uM of ATP,B,,,BAO_0000190,BAO_0000357,single protein format,COc1cc2c(Nc3c(F)cc(Cl)cc3F)ncnc2cc1OCC1CCN(C)CC1,,,CHEMBL1135889,J Med Chem,2002.0,"{'bei': '14.14', 'le': '0.28', 'lle': '1.32', 'sei': '10.67'}",CHEMBL422758,,CHEMBL422758,6.35,0.0,http://www.openphacts.org/units/Nanomolar,35682.0,=,1.0,1.0,=,,IC50,nM,,450.0,CHEMBL203,Homo sapiens,Epidermal growth factor receptor,9606.0,,,IC50,uM,UO_0000065,,0.45,6.346787486224656,1.0,388.8760000000001,3.879880000000003,2,5,96.34,7,2,2,c1ccc(Nc2ncnc3cc(OCC4CCNCC4)ccc23)cc1,False,True,False,False
,,316977.0,[],CHEMBL691873,Inhibition of human endothelial cell growth stimulate by endothelial growth factor,F,,,BAO_0000190,BAO_0000219,cell-based format,COc1cc2c(Nc3c(F)cc(Cl)cc3F)ncnc2cc1OCC1CCN(C)CC1,,,CHEMBL1135889,J Med Chem,2002.0,,CHEMBL422758,,CHEMBL422758,6.52,0.0,http://www.openphacts.org/units/Nanomolar,35682.0,=,1.0,1.0,=,,IC50,nM,,300.0,CHEMBL203,Homo sapiens,Epidermal growth factor receptor,9606.0,,,IC50,uM,UO_0000065,,0.3,6.522878745280337,1.0,271.34100000000007,3.980500000000003,0,4,31.35,3,3,3,c1ccc(Nc2ncnc3cc(OCC4CCNCC4)ccc23)cc1,False,True,False,False
,,316982.0,[],CHEMBL677388,Inhibition of epidermal growth factor receptor kinase activity at a concentration of 2 uM of ATP,B,,,BAO_0000190,BAO_0000357,single protein format,COc1cc2c(Nc3c(F)cc(Cl)cc3F)ncnc2cc1OCC1CCNCC1,,,CHEMBL1135889,J Med Chem,2002.0,"{'bei': '14.49', 'le': '0.29', 'lle': '1.61', 'sei': '9.23'}",CHEMBL25450,,CHEMBL25450,6.3,0.0,http://www.openphacts.org/units/Nanomolar,35678.0,=,1.0,1.0,=,,IC50,nM,,500.0,CHEMBL203,Homo sapiens,Epidermal growth factor receptor,9606.0,,,IC50,uM,UO_0000065,,0.5,6.301029995663981,1.0,241.31500000000003,3.9719000000000015,0,3,22.12,2,3,3,c1ccc(Nc2ncnc3cc(OCC4CCNCC4)ccc23)cc1,False,True,False,False
,,316984.0,[],CHEMBL691873,Inhibition of human endothelial cell growth stimulate by endothelial growth factor,F,,,BAO_0000190,BAO_0000219,cell-based format,COc1cc2c(Nc3c(F)cc(Cl)cc3F)ncnc2cc1OCC1CCNCC1,,,CHEMBL1135889,J Med Chem,2002.0,,CHEMBL25450,,CHEMBL25450,6.22,0.0,http://www.openphacts.org/units/Nanomolar,35678.0,=,1.0,1.0,=,,IC50,nM,,600.0,CHEMBL203,Homo sapiens,Epidermal growth factor receptor,9606.0,,,IC50,uM,UO_0000065,,0.6,6.221848749616356,1.0,306.321,2.594080000000001,2,4,84.55999999999999,2,3,2,c1ccc(Nc2ncnc3cc(OCC4CCNCC4)ccc23)cc1,False,True,False,False
,,316989.0,[],CHEMBL677388,Inhibition of epidermal growth factor receptor kinase activity at a concentration of 2 uM of ATP,B,,,BAO_0000190,BAO_0000357,single protein format,COc1cc2c(Nc3ccc(Cl)cc3F)ncnc2cc1OC[C@@H]1CCCN(C)C1,,,CHEMBL1135889,J Med Chem,2002.0,"{'bei': '16.24', 'le': '0.32', 'lle': '2.10', 'sei': '11.76'}",CHEMBL1907763,,CHEMBL1907763,7.0,0.0,http://www.openphacts.org/units/Nanomolar,35675.0,=,1.0,1.0,=,,IC50,nM,,100.0,CHEMBL203,Homo sapiens,Epidermal growth factor receptor,9606.0,,,IC50,uM,UO_0000065,,0.1,7.0,1.0,308.337,2.36368,3,4,93.35,5,2,2,c1ccc(Nc2ncnc3cc(OC[C@@H]4CCCNC4)ccc23)cc1,False,True,False,False
,,316991.0,[],CHEMBL691873,Inhibition of human endothelial cell growth stimulate by endothelial growth factor,F,,,BAO_0000190,BAO_0000219,cell-based format,COc1cc2c(Nc3ccc(Cl)cc3F)ncnc2cc1OC[C@@H]1CCCN(C)C1,,,CHEMBL1135889,J Med Chem,2002.0,,CHEMBL1907763,,CHEMBL1907763,6.82,0.0,http://www.openphacts.org/units/Nanomolar,35675.0,=,1.0,1.0,=,,IC50,nM,,150.0,CHEMBL203,Homo sapiens,Epidermal growth factor receptor,9606.0,,,IC50,uM,UO_0000065,,0.15,6.823908740944319,1.0,390.46400000000006,4.238580000000003,2,5,96.34,6,3,3,c1ccc(Nc2ncnc3cc(OC[C@@H]4CCCNC4)ccc23)cc1,False,True,False,False
,,316996.0,[],CHEMBL677388,Inhibition of epidermal growth factor receptor kinase activity at a concentration of 2 uM of ATP,B,,,BAO_0000190,BAO_0000357,single protein format,COc1cc2c(Nc3ccc(Cl)cc3F)ncnc2cc1OCCCN1CCOCC1,,,CHEMBL1135889,J Med Chem,2002.0,"{'bei': '15.66', 'le': '0.31', 'lle': '2.72', 'sei': '10.18'}",CHEMBL24137,,CHEMBL24137,7.0,0.0,http://www.openphacts.org/units/Nanomolar,35662.0,=,1.0,1.0,=,,IC50,nM,,100.0,CHEMBL203,Homo sapiens,Epidermal growth factor receptor,9606.0,,,IC50,uM,UO_0000065,,0.1,7.0,1.0,504.3100000000001,0.6426000000000013,4,2,89.78,5,4,4,c1ccc(Nc2ncnc3cc(OCCCN4CCOCC4)ccc23)cc1,False,True,False,False
,,316998.0,[],CHEMBL691873,Inhibition of human endothelial cell growth stimulate by endothelial growth factor,F,,,BAO_0000190,BAO_0000219,cell-based format,COc1cc2c(Nc3ccc(Cl)cc3F)ncnc2cc1OCCCN1CCOCC1,,,CHEMBL1135889,J Med Chem,2002.0,,CHEMBL24137,,CHEMBL24137,6.7,0.0,http://www.openphacts.org/units/Nanomolar,35662.0,=,1.0,1.0,=,,IC50,nM,,200.0,CHEMBL203,Homo sapiens,Epidermal growth factor receptor,9606.0,,,IC50,uM,UO_0000065,,0.2,6.698970004336019,1.0,325.3640000000001,3.936200000000003,0,5,49.81,5,3,3,c1ccc(Nc2ncnc3cc(OCCCN4CCOCC4)ccc23)cc1,False,True,False,False
,,317294.0,[],CHEMBL677206,Inhibition of epidermal growth factor receptor (EGFr),B,,,BAO_0000190,BAO_0000357,single protein format,CCN(CC)CCNC(=O)c1c([Se][Se]c2c(C(=O)NCCN(CC)CC)c3ccccc3n2C)n(C)c2ccccc12,,,CHEMBL1129933,J Med Chem,1997.0,"{'bei': '7.58', 'le': None, 'lle': None, 'sei': None}",CHEMBL263666,,CHEMBL263666,5.33,0.0,http://www.openphacts.org/units/Nanomolar,259288.0,=,1.0,1.0,=,,IC50,nM,,4700.0,CHEMBL203,Homo sapiens,Epidermal growth factor receptor,9606.0,,,IC50,uM,UO_0000065,,4.7,5.327902142064283,0.0,281.31100000000004,3.6246000000000023,1,4,51.58,3,3,3,c1ccc2[nH]c([Se][Se]c3cc4ccccc4[nH]3)cc2c1,False,False,False,False
,,317854.0,[],CHEMBL679946,Concentration required to inhibit phosphorylation of isolated human epidermal growth factor tyrosine kinase receptor by 50%,B,,,BAO_0000190,BAO_0000357,single protein format,COc1cc2cc(-c3ccc(C)cc3)cnc2cc1OC,,,CHEMBL1127568,J Med Chem,1994.0,,CHEMBL67219,,CHEMBL67219,,0.0,http://www.openphacts.org/units/Nanomolar,117742.0,>,1.0,1.0,>,,IC50,nM,,20000.0,CHEMBL203,Homo sapiens,Epidermal growth factor receptor,9606.0,,,IC50,uM,UO_0000065,,20.0,4.698970004336019,0.0,323.39200000000005,4.0458000000000025,0,4,40.58,6,3,3,c1ccc(-c2cnc3ccccc3c2)cc1,False,False,False,False
,,317919.0,[],CHEMBL679946,Concentration required to inhibit phosphorylation of isolated human epidermal growth factor tyrosine kinase receptor by 50%,B,,,BAO_0000190,BAO_0000357,single protein format,COc1cc2cc(-c3ccc(OC)c([N+](=O)[O-])c3)cnc2cc1OC,,,CHEMBL1127568,J Med Chem,1994.0,,CHEMBL67170,,CHEMBL67170,,0.0,http://www.openphacts.org/units/Nanomolar,117777.0,>,1.0,1.0,>,,IC50,nM,,20000.0,CHEMBL203,Homo sapiens,Epidermal growth factor receptor,9606.0,,,IC50,uM,UO_0000065,,20.0,4.698970004336019,0.0,336.391,3.143880000000001,3,4,93.35,7,2,2,c1ccc(-c2cnc3ccccc3c2)cc1,False,True,False,False
,,318289.0,[],CHEMBL676067,Inhibitory activity against epidermal growth factor receptor (EGFR),B,,,BAO_0000190,BAO_0000357,single protein format,Cc1cc(C=C(C#N)C#N)cc(O)c1O,,,CHEMBL1136802,J Med Chem,2003.0,"{'bei': '21.03', 'le': '0.38', 'lle': '2.37', 'sei': '4.78'}",CHEMBL116423,,CHEMBL116423,4.21,1.0,http://www.openphacts.org/units/Nanomolar,275706.0,=,1.0,1.0,=,,IC50,nM,,61659.5,CHEMBL203,Homo sapiens,Epidermal growth factor receptor,9606.0,,,pIC50,,UO_0000065,,4.21,4.210000001311122,0.0,396.4660000000003,4.207920000000003,2,6,68.3,6,4,3,c1ccccc1,False,False,False,False
,,318309.0,[],CHEMBL677388,Inhibition of epidermal growth factor receptor kinase activity at a concentration of 2 uM of ATP,B,,,BAO_0000190,BAO_0000357,single protein format,COc1cc2/c(=N/c3ccc(Br)cc3F)nc[nH]c2cc1OCC1CCN(C)CC1,,,CHEMBL1135889,J Med Chem,2002.0,"{'bei': '14.09', 'le': '0.30', 'lle': '2.27', 'sei': '10.68'}",CHEMBL24828,VANDETANIB,CHEMBL24828,6.7,0.0,http://www.openphacts.org/units/Nanomolar,35680.0,=,1.0,1.0,=,,IC50,nM,,200.0,CHEMBL203,Homo sapiens,Epidermal growth factor receptor,9606.0,,,IC50,uM,UO_0000065,,0.2,6.698970004336019,1.0,396.4660000000003,4.207920000000003,2,6,68.3,6,4,3,c1ccc(/N=c2\nc[nH]c3cc(OCC4CCNCC4)ccc23)cc1,False,True,False,False
,,318311.0,[],CHEMBL691873,Inhibition of human endothelial cell growth stimulate by endothelial growth factor,F,,,BAO_0000190,BAO_0000219,cell-based format,COc1cc2/c(=N/c3ccc(Br)cc3F)nc[nH]c2cc1OCC1CCN(C)CC1,,,CHEMBL1135889,J Med Chem,2002.0,,CHEMBL24828,VANDETANIB,CHEMBL24828,7.0,0.0,http://www.openphacts.org/units/Nanomolar,35680.0,=,1.0,1.0,=,,IC50,nM,,100.0,CHEMBL203,Homo sapiens,Epidermal growth factor receptor,9606.0,,,IC50,uM,UO_0000065,,0.1,7.0,1.0,354.43100000000004,3.2264800000000027,2,5,96.34,7,2,2,c1ccc(/N=c2\nc[nH]c3cc(OCC4CCNCC4)ccc23)cc1,False,True,False,False
,,319023.0,[],CHEMBL679946,Concentration required to inhibit phosphorylation of isolated human epidermal growth factor tyrosine kinase receptor by 50%,B,,,BAO_0000190,BAO_0000357,single protein format,COc1cc2cc(-c3ccc(OCc4ccccc4)cc3)cnc2cc1OC,,,CHEMBL1127568,J Med Chem,1994.0,,CHEMBL308210,,CHEMBL308210,,0.0,http://www.openphacts.org/units/Nanomolar,117745.0,>,1.0,1.0,>,,IC50,nM,,20000.0,CHEMBL203,Homo sapiens,Epidermal growth factor receptor,9606.0,,,IC50,uM,UO_0000065,,20.0,4.698970004336019,0.0,336.3690000000001,1.74998,3,6,133.64,8,1,1,c1ccc(COc2ccc(-c3cnc4ccccc4c3)cc2)cc1,False,False,False,False
,,319107.0,[],CHEMBL679946,Concentration required to inhibit phosphorylation of isolated human epidermal growth factor tyrosine kinase receptor by 50%,B,,,BAO_0000190,BAO_0000357,single protein format,COc1ccc2cc(-c3c[nH]c4ccccc34)cnc2c1OC,,,CHEMBL1127568,J Med Chem,1994.0,,CHEMBL430605,,CHEMBL430605,,0.0,http://www.openphacts.org/units/Nanomolar,117789.0,>,1.0,1.0,>,,IC50,nM,,20000.0,CHEMBL203,Homo sapiens,Epidermal growth factor receptor,9606.0,,,IC50,uM,UO_0000065,,20.0,4.698970004336019,0.0,255.298,3.692000000000001,0,4,31.35,1,4,3,c1ccc2ncc(-c3c[nH]c4ccccc34)cc2c1,False,False,False,False
,,319109.0,[],CHEMBL679946,Concentration required to inhibit phosphorylation of isolated human epidermal growth factor tyrosine kinase receptor by 50%,B,,,BAO_0000190,BAO_0000357,single protein format,COc1cccc(-c2cnc3cc(OC)c(OC)cc3c2)c1,,,CHEMBL1127568,J Med Chem,1994.0,,CHEMBL308466,,CHEMBL308466,,0.0,http://www.openphacts.org/units/Nanomolar,117779.0,>,1.0,1.0,>,,IC50,nM,,20000.0,CHEMBL203,Homo sapiens,Epidermal growth factor receptor,9606.0,,,IC50,uM,UO_0000065,,20.0,4.698970004336019,0.0,305.78600000000006,4.633900000000002,0,4,31.35,3,3,3,c1ccc(-c2cnc3ccccc3c2)cc1,False,False,False,False
,,319111.0,[],CHEMBL679946,Concentration required to inhibit phosphorylation of isolated human epidermal growth factor tyrosine kinase receptor by 50%,B,,,BAO_0000190,BAO_0000357,single protein format,COc1cc2cc(C#Cc3ccccc3)cnc2cc1OC,,,CHEMBL1127568,J Med Chem,1994.0,,CHEMBL67059,,CHEMBL67059,,0.0,http://www.openphacts.org/units/Nanomolar,117769.0,>,1.0,1.0,>,,IC50,nM,,20000.0,CHEMBL203,Homo sapiens,Epidermal growth factor receptor,9606.0,,,IC50,uM,UO_0000065,,20.0,4.698970004336019,0.0,459.2790000000002,3.954100000000003,1,7,86.98,7,4,4,C(#Cc1cnc2ccccc2c1)c1ccccc1,False,False,False,False
,,319113.0,[],CHEMBL679946,Concentration required to inhibit phosphorylation of isolated human epidermal growth factor tyrosine kinase receptor by 50%,B,,,BAO_0000190,BAO_0000357,single protein format,COc1cc2cc(C3CCCC3)cnc2cc1OC,,,CHEMBL1127568,J Med Chem,1994.0,,CHEMBL66785,,CHEMBL66785,,0.0,http://www.openphacts.org/units/Nanomolar,117758.0,>,1.0,1.0,>,,IC50,nM,,20000.0,CHEMBL203,Homo sapiens,Epidermal growth factor receptor,9606.0,,,IC50,uM,UO_0000065,,20.0,4.698970004336019,0.0,459.2790000000002,3.954100000000003,1,7,86.98,7,4,4,c1ccc2ncc(C3CCCC3)cc2c1,False,False,False,False
,,320353.0,[],CHEMBL679946,Concentration required to inhibit phosphorylation of isolated human epidermal growth factor tyrosine kinase receptor by 50%,B,,,BAO_0000190,BAO_0000357,single protein format,COc1ccc2ncc(-c3ccsc3)cc2c1,,,CHEMBL1127568,J Med Chem,1994.0,,CHEMBL303184,,CHEMBL303184,,0.0,http://www.openphacts.org/units/Nanomolar,117787.0,>,1.0,1.0,>,,IC50,nM,,20000.0,CHEMBL203,Homo sapiens,Epidermal growth factor receptor,9606.0,,,IC50,uM,UO_0000065,,20.0,4.698970004336019,0.0,410.49300000000034,4.550120000000004,1,6,59.51,6,4,3,c1ccc2ncc(-c3ccsc3)cc2c1,False,False,False,False
,,320355.0,[],CHEMBL679946,Concentration required to inhibit phosphorylation of isolated human epidermal growth factor tyrosine kinase receptor by 50%,B,,,BAO_0000190,BAO_0000357,single protein format,COc1cc2cc(N)cnc2cc1OC,,,CHEMBL1127568,J Med Chem,1994.0,,CHEMBL303037,,CHEMBL303037,,0.0,http://www.openphacts.org/units/Nanomolar,117786.0,>,1.0,1.0,>,,IC50,nM,,20000.0,CHEMBL203,Homo sapiens,Epidermal growth factor receptor,9606.0,,,IC50,uM,UO_0000065,,20.0,4.698970004336019,0.0,410.49300000000034,4.550120000000004,1,6,59.51,6,4,3,c1ccc2ncccc2c1,False,False,False,False
,,320639.0,[],CHEMBL676067,Inhibitory activity against epidermal growth factor receptor (EGFR),B,,,BAO_0000190,BAO_0000357,single protein format,CCOC(=O)C(Cc1ccccc1)NC(=O)/C(C#N)=C/c1ccc(O)c(O)c1,,,CHEMBL1136802,J Med Chem,2003.0,"{'bei': '11.33', 'le': '0.21', 'lle': '2.01', 'sei': '3.60'}",CHEMBL56319,,CHEMBL56319,4.31,1.0,http://www.openphacts.org/units/Nanomolar,275690.0,=,1.0,1.0,=,,IC50,nM,,48977.88,CHEMBL203,Homo sapiens,Epidermal growth factor receptor,9606.0,,,pIC50,,UO_0000065,,4.31,4.310000017174303,0.0,448.9010000000003,5.034200000000005,1,6,59.51,6,4,3,O=C(/C=C/c1ccccc1)NCCc1ccccc1,False,False,False,True
,,320641.0,[],CHEMBL676067,Inhibitory activity against epidermal growth factor receptor (EGFR),B,,,BAO_0000190,BAO_0000357,single protein format,N#C/C(=C\c1ccc(O)c(O)c1)C(=O)NCCCc1ccccc1,,,CHEMBL1136802,J Med Chem,2003.0,"{'bei': '19.08', 'le': '0.35', 'lle': '3.40', 'sei': '6.59'}",CHEMBL53898,,CHEMBL53898,6.15,1.0,http://www.openphacts.org/units/Nanomolar,275720.0,=,1.0,1.0,=,,IC50,nM,,707.95,CHEMBL203,Homo sapiens,Epidermal growth factor receptor,9606.0,,,pIC50,,UO_0000065,,6.15,6.149997413907539,1.0,448.9010000000003,5.034200000000005,1,6,59.51,6,4,3,O=C(C=Cc1ccccc1)NCCCc1ccccc1,False,False,False,True
,,321615.0,[],CHEMBL679946,Concentration required to inhibit phosphorylation of isolated human epidermal growth factor tyrosine kinase receptor by 50%,B,,,BAO_0000190,BAO_0000357,single protein format,COc1cc2cc(CCC3CCCCC3)cnc2cc1OC,,,CHEMBL1127568,J Med Chem,1994.0,,CHEMBL66786,,CHEMBL66786,,0.0,http://www.openphacts.org/units/Nanomolar,117759.0,>,1.0,1.0,>,,IC50,nM,,20000.0,CHEMBL203,Homo sapiens,Epidermal growth factor receptor,9606.0,,,IC50,uM,UO_0000065,,20.0,4.698970004336019,0.0,434.87400000000025,4.692000000000004,2,6,68.3,6,4,3,c1ccc2ncc(CCC3CCCCC3)cc2c1,False,False,False,False
,,321859.0,[],CHEMBL676067,Inhibitory activity against epidermal growth factor receptor (EGFR),B,,,BAO_0000190,BAO_0000357,single protein format,N#C/C(=C\c1ccc(O)c(O)c1)C(=O)c1ccc(O)c(O)c1,,,CHEMBL1136802,J Med Chem,2003.0,"{'bei': '17.83', 'le': '0.33', 'lle': '3.00', 'sei': '4.35'}",CHEMBL56393,,CHEMBL56393,5.3,1.0,http://www.openphacts.org/units/Nanomolar,275686.0,=,1.0,1.0,=,,IC50,nM,,5011.87,CHEMBL203,Homo sapiens,Epidermal growth factor receptor,9606.0,,,pIC50,,UO_0000065,,5.3,5.300000202445418,0.0,434.87400000000025,4.692000000000004,2,6,68.3,6,4,3,O=C(C=Cc1ccccc1)c1ccccc1,False,False,False,False
,,321861.0,[],CHEMBL676067,Inhibitory activity against epidermal growth factor receptor (EGFR),B,,,BAO_0000190,BAO_0000357,single protein format,COc1cc(C=C(C#N)C#N)cc(SCC(=O)O)c1O,,,CHEMBL1136802,J Med Chem,2003.0,"{'bei': '14.71', 'le': '0.29', 'lle': '2.26', 'sei': '3.73'}",CHEMBL1161236,,CHEMBL1161236,4.27,0.0,http://www.openphacts.org/units/Nanomolar,275714.0,=,1.0,1.0,=,,IC50,nM,,53703.18,CHEMBL203,Homo sapiens,Epidermal growth factor receptor,9606.0,,,pIC50,,UO_0000065,,4.27,4.2699999970646445,0.0,430.91100000000034,4.895100000000005,1,6,59.51,6,4,3,c1ccccc1,False,False,False,False
,,321863.0,[],CHEMBL676067,Inhibitory activity against epidermal growth factor receptor (EGFR),B,,,BAO_0000190,BAO_0000357,single protein format,N#C/C(=C\c1ccc(O)c(O)c1)C(=O)NCc1ccc(O)cc1,,,CHEMBL1136802,J Med Chem,2003.0,"{'bei': '17.79', 'le': '0.33', 'lle': '3.49', 'sei': '4.86'}",CHEMBL143805,,CHEMBL143805,5.52,0.0,http://www.openphacts.org/units/Nanomolar,275707.0,=,1.0,1.0,=,,IC50,nM,,3019.95,CHEMBL203,Homo sapiens,Epidermal growth factor receptor,9606.0,,,pIC50,,UO_0000065,,5.52,5.5200002474083645,0.0,430.91100000000034,4.895100000000005,1,6,59.51,6,4,3,O=C(C=Cc1ccccc1)NCc1ccccc1,False,False,False,True
,,321871.0,[],CHEMBL677388,Inhibition of epidermal growth factor receptor kinase activity at a concentration of 2 uM of ATP,B,,,BAO_0000190,BAO_0000357,single protein format,COc1cc2c(Nc3ccc(Cl)cc3F)ncnc2cc1OC/C=C/CN1CCCC1.Cl,,,CHEMBL1135889,J Med Chem,2002.0,"{'bei': '15.91', 'le': '0.31', 'lle': '1.84', 'sei': '11.84'}",CHEMBL1744349,,CHEMBL28148,7.05,0.0,http://www.openphacts.org/units/Nanomolar,35670.0,=,1.0,1.0,=,,IC50,nM,,90.0,CHEMBL203,Homo sapiens,Epidermal growth factor receptor,9606.0,,,IC50,uM,UO_0000065,,0.09,7.045757490560675,1.0,446.9100000000004,4.275600000000004,1,7,68.74,8,4,3,C(=C\CN1CCCC1)/COc1ccc2c(Nc3ccccc3)ncnc2c1,False,True,False,False
,,321873.0,[],CHEMBL691873,Inhibition of human endothelial cell growth stimulate by endothelial growth factor,F,,,BAO_0000190,BAO_0000219,cell-based format,COc1cc2c(Nc3ccc(Cl)cc3F)ncnc2cc1OC/C=C/CN1CCCC1.Cl,,,CHEMBL1135889,J Med Chem,2002.0,,CHEMBL1744349,,CHEMBL28148,7.1,0.0,http://www.openphacts.org/units/Nanomolar,35670.0,=,1.0,1.0,=,,IC50,nM,,80.0,CHEMBL203,Homo sapiens,Epidermal growth factor receptor,9606.0,,,IC50,uM,UO_0000065,,0.08,7.096910013008056,1.0,446.9100000000004,4.275600000000004,1,7,68.74,8,4,3,C(=C\CN1CCCC1)/COc1ccc2c(Nc3ccccc3)ncnc2c1,False,True,False,False
,,321879.0,[],CHEMBL677388,Inhibition of epidermal growth factor receptor kinase activity at a concentration of 2 uM of ATP,B,,,BAO_0000190,BAO_0000357,single protein format,COc1cc2c(Nc3ccc(Br)cc3F)ncnc2cc1OCCC1CCN(C)CC1,,,CHEMBL1135889,J Med Chem,2002.0,"{'bei': '13.69', 'le': '0.30', 'lle': '1.31', 'sei': '11.26'}",CHEMBL24979,,CHEMBL24979,6.7,0.0,http://www.openphacts.org/units/Nanomolar,35667.0,=,1.0,1.0,=,,IC50,nM,,200.0,CHEMBL203,Homo sapiens,Epidermal growth factor receptor,9606.0,,,IC50,uM,UO_0000065,,0.2,6.698970004336019,1.0,702.6640000000001,2.087400000000004,2,4,74.54000000000002,15,4,4,c1ccc(Nc2ncnc3cc(OCCC4CCNCC4)ccc23)cc1,False,True,False,False
,,321881.0,[],CHEMBL691873,Inhibition of human endothelial cell growth stimulate by endothelial growth factor,F,,,BAO_0000190,BAO_0000219,cell-based format,COc1cc2c(Nc3ccc(Br)cc3F)ncnc2cc1OCCC1CCN(C)CC1,,,CHEMBL1135889,J Med Chem,2002.0,,CHEMBL24979,,CHEMBL24979,6.82,0.0,http://www.openphacts.org/units/Nanomolar,35667.0,=,1.0,1.0,=,,IC50,nM,,150.0,CHEMBL203,Homo sapiens,Epidermal growth factor receptor,9606.0,,,IC50,uM,UO_0000065,,0.15,6.823908740944319,1.0,279.33900000000006,4.227420000000003,0,3,31.35,3,3,3,c1ccc(Nc2ncnc3cc(OCCC4CCNCC4)ccc23)cc1,False,True,False,False
,,321888.0,[],CHEMBL677388,Inhibition of epidermal growth factor receptor kinase activity at a concentration of 2 uM of ATP,B,,,BAO_0000190,BAO_0000357,single protein format,COc1cc2c(Nc3ccc(Cl)cc3F)ncnc2cc1OCC1CCN(C)CC1.Cl,,,CHEMBL1135889,J Med Chem,2002.0,"{'bei': '15.14', 'le': '0.30', 'lle': '1.62', 'sei': '10.96'}",CHEMBL2448065,,CHEMBL26572,6.52,0.0,http://www.openphacts.org/units/Nanomolar,35659.0,=,1.0,1.0,=,,IC50,nM,,300.0,CHEMBL203,Homo sapiens,Epidermal growth factor receptor,9606.0,,,IC50,uM,UO_0000065,,0.3,6.522878745280337,1.0,340.3350000000001,3.8358000000000025,0,6,83.72,5,3,3,c1ccc(Nc2ncnc3cc(OCC4CCNCC4)ccc23)cc1,False,True,False,False
,,321890.0,[],CHEMBL691873,Inhibition of human endothelial cell growth stimulate by endothelial growth factor,F,,,BAO_0000190,BAO_0000219,cell-based format,COc1cc2c(Nc3ccc(Cl)cc3F)ncnc2cc1OCC1CCN(C)CC1.Cl,,,CHEMBL1135889,J Med Chem,2002.0,,CHEMBL2448065,,CHEMBL26572,7.0,0.0,http://www.openphacts.org/units/Nanomolar,35659.0,=,1.0,1.0,=,,IC50,nM,,100.0,CHEMBL203,Homo sapiens,Epidermal growth factor receptor,9606.0,,,IC50,uM,UO_0000065,,0.1,7.0,1.0,200.197,1.836780000000001,2,4,88.04,1,1,1,c1ccc(Nc2ncnc3cc(OCC4CCNCC4)ccc23)cc1,False,True,False,False
,,322844.0,[],CHEMBL679946,Concentration required to inhibit phosphorylation of isolated human epidermal growth factor tyrosine kinase receptor by 50%,B,,,BAO_0000190,BAO_0000357,single protein format,COc1ccc(-c2cnc3cc(OC)c(OC)cc3c2)s1,,,CHEMBL1127568,J Med Chem,1994.0,,CHEMBL302745,,CHEMBL302745,,0.0,http://www.openphacts.org/units/Nanomolar,117747.0,>,1.0,1.0,>,,IC50,nM,,20000.0,CHEMBL203,Homo sapiens,Epidermal growth factor receptor,9606.0,,,IC50,uM,UO_0000065,,20.0,4.698970004336019,0.0,475.3620000000003,4.426100000000003,1,5,62.74,5,4,3,c1csc(-c2cnc3ccccc3c2)c1,False,False,False,False
,,322967.0,[],CHEMBL679946,Concentration required to inhibit phosphorylation of isolated human epidermal growth factor tyrosine kinase receptor by 50%,B,,,BAO_0000190,BAO_0000357,single protein format,COc1cc2cc(/C=C/c3ccccc3)cnc2cc1OC,,,CHEMBL1127568,J Med Chem,1994.0,,CHEMBL70149,,CHEMBL70149,,0.0,http://www.openphacts.org/units/Nanomolar,117782.0,>,1.0,1.0,>,,IC50,nM,,20000.0,CHEMBL203,Homo sapiens,Epidermal growth factor receptor,9606.0,,,IC50,uM,UO_0000065,,20.0,4.698970004336019,0.0,475.3620000000003,4.426100000000003,1,5,62.74,5,4,3,C(=C\c1cnc2ccccc2c1)/c1ccccc1,False,False,False,False
,,322969.0,[],CHEMBL679946,Concentration required to inhibit phosphorylation of isolated human epidermal growth factor tyrosine kinase receptor by 50%,B,,,BAO_0000190,BAO_0000357,single protein format,Oc1cc2cc(-c3cccnc3)cnc2cc1O,,,CHEMBL1127568,J Med Chem,1994.0,"{'bei': '26.45', 'le': '0.48', 'lle': '3.59', 'sei': '9.51'}",CHEMBL63356,,CHEMBL63356,6.3,0.0,http://www.openphacts.org/units/Nanomolar,117767.0,=,1.0,1.0,=,,IC50,nM,,500.0,CHEMBL203,Homo sapiens,Epidermal growth factor receptor,9606.0,,,IC50,uM,UO_0000065,,0.5,6.301029995663981,1.0,371.4360000000001,5.498000000000005,0,4,40.58,6,4,4,c1cncc(-c2cnc3ccccc3c2)c1,False,False,False,False
,,322971.0,[],CHEMBL679946,Concentration required to inhibit phosphorylation of isolated human epidermal growth factor tyrosine kinase receptor by 50%,B,,,BAO_0000190,BAO_0000357,single protein format,COc1cc2cc(NCc3ccccc3)cnc2cc1OC,,,CHEMBL1127568,J Med Chem,1994.0,,CHEMBL65850,,CHEMBL65850,,0.0,http://www.openphacts.org/units/Nanomolar,117766.0,>,1.0,1.0,>,,IC50,nM,,20000.0,CHEMBL203,Homo sapiens,Epidermal growth factor receptor,9606.0,,,IC50,uM,UO_0000065,,20.0,4.698970004336019,0.0,304.3490000000001,4.400300000000002,1,3,47.14,3,4,4,c1ccc(CNc2cnc3ccccc3c2)cc1,False,False,False,False
,,323335.0,[],CHEMBL676067,Inhibitory activity against epidermal growth factor receptor (EGFR),B,,,BAO_0000190,BAO_0000357,single protein format,N#C/C(=C\c1ccc(O)c(O)c1)C(N)=O,,,CHEMBL1136802,J Med Chem,2003.0,"{'bei': '26.20', 'le': '0.49', 'lle': '4.86', 'sei': '4.98'}",CHEMBL296407,,CHEMBL296407,5.35,1.0,http://www.openphacts.org/units/Nanomolar,275705.0,=,1.0,1.0,=,,IC50,nM,,4466.84,CHEMBL203,Homo sapiens,Epidermal growth factor receptor,9606.0,,,pIC50,,UO_0000065,,5.35,5.349999603463148,0.0,295.338,3.927600000000002,0,4,40.58,4,3,3,c1ccccc1,False,False,False,True
,,323343.0,[],CHEMBL677388,Inhibition of epidermal growth factor receptor kinase activity at a concentration of 2 uM of ATP,B,,,BAO_0000190,BAO_0000357,single protein format,COc1cc2c(Nc3ccc(Br)cc3F)ncnc2cc1OC[C@@H]1CCCN(C)C1,,,CHEMBL1135889,J Med Chem,2002.0,"{'bei': '14.09', 'le': '0.30', 'lle': '1.70', 'sei': '11.26'}",CHEMBL1907764,,CHEMBL1907764,6.7,0.0,http://www.openphacts.org/units/Nanomolar,35665.0,=,1.0,1.0,=,,IC50,nM,,200.0,CHEMBL203,Homo sapiens,Epidermal growth factor receptor,9606.0,,,IC50,uM,UO_0000065,,0.2,6.698970004336019,1.0,289.33400000000006,3.6518000000000015,0,3,31.35,2,3,3,c1ccc(Nc2ncnc3cc(OC[C@@H]4CCCNC4)ccc23)cc1,False,True,False,False
,,323345.0,[],CHEMBL691873,Inhibition of human endothelial cell growth stimulate by endothelial growth factor,F,,,BAO_0000190,BAO_0000219,cell-based format,COc1cc2c(Nc3ccc(Br)cc3F)ncnc2cc1OC[C@@H]1CCCN(C)C1,,,CHEMBL1135889,J Med Chem,2002.0,,CHEMBL1907764,,CHEMBL1907764,6.82,0.0,http://www.openphacts.org/units/Nanomolar,35665.0,=,1.0,1.0,=,,IC50,nM,,150.0,CHEMBL203,Homo sapiens,Epidermal growth factor receptor,9606.0,,,IC50,uM,UO_0000065,,0.15,6.823908740944319,1.0,257.3329999999999,3.909600000000003,0,3,31.35,3,3,2,c1ccc(Nc2ncnc3cc(OC[C@@H]4CCCNC4)ccc23)cc1,False,True,False,False
,,324101.0,[],CHEMBL679946,Concentration required to inhibit phosphorylation of isolated human epidermal growth factor tyrosine kinase receptor by 50%,B,,,BAO_0000190,BAO_0000357,single protein format,COc1cc(OC)c2cc(-c3ccsc3)cnc2c1,,,CHEMBL1127568,J Med Chem,1994.0,,CHEMBL66071,,CHEMBL66071,,0.0,http://www.openphacts.org/units/Nanomolar,117740.0,>,1.0,1.0,>,,IC50,nM,,20000.0,CHEMBL203,Homo sapiens,Epidermal growth factor receptor,9606.0,,,IC50,uM,UO_0000065,,20.0,4.698970004336019,0.0,241.31500000000003,3.9719000000000015,0,3,22.12,2,3,3,c1ccc2ncc(-c3ccsc3)cc2c1,False,False,False,False
,,324104.0,[],CHEMBL679946,Concentration required to inhibit phosphorylation of isolated human epidermal growth factor tyrosine kinase receptor by 50%,B,,,BAO_0000190,BAO_0000357,single protein format,COc1ccc(-c2cnc3cc(OC)c(OC)cc3c2)c(OC)c1,,,CHEMBL1127568,J Med Chem,1994.0,,CHEMBL67991,,CHEMBL67991,,0.0,http://www.openphacts.org/units/Nanomolar,117746.0,>,1.0,1.0,>,,IC50,nM,,20000.0,CHEMBL203,Homo sapiens,Epidermal growth factor receptor,9606.0,,,IC50,uM,UO_0000065,,20.0,4.698970004336019,0.0,204.229,1.8342,1,4,57.370000000000005,2,2,2,c1ccc(-c2cnc3ccccc3c2)cc1,False,False,False,False
,,324153.0,[],CHEMBL679946,Concentration required to inhibit phosphorylation of isolated human epidermal growth factor tyrosine kinase receptor by 50%,B,,,BAO_0000190,BAO_0000357,single protein format,COc1ccc2cc(-c3cccnc3)cnc2c1OC,,,CHEMBL1127568,J Med Chem,1994.0,,CHEMBL303391,,CHEMBL303391,,0.0,http://www.openphacts.org/units/Nanomolar,117790.0,>,1.0,1.0,>,,IC50,nM,,25000.0,CHEMBL203,Homo sapiens,Epidermal growth factor receptor,9606.0,,,IC50,uM,UO_0000065,,25.0,4.6020599913279625,0.0,380.4000000000001,2.2953800000000006,3,6,119.65,7,2,2,c1cncc(-c2cnc3ccccc3c2)c1,False,False,False,False
,,324409.0,[],CHEMBL676067,Inhibitory activity against epidermal growth factor receptor (EGFR),B,,,BAO_0000190,BAO_0000357,single protein format,COc1cc(C=C(C#N)C#N)cc(CSc2ccccc2C(=O)O)c1O,,,CHEMBL1136802,J Med Chem,2003.0,"{'bei': '13.92', 'le': '0.27', 'lle': '1.28', 'sei': '4.46'}",CHEMBL118321,,CHEMBL118321,5.1,1.0,http://www.openphacts.org/units/Nanomolar,275699.0,=,1.0,1.0,=,,IC50,nM,,7943.28,CHEMBL203,Homo sapiens,Epidermal growth factor receptor,9606.0,,,pIC50,,UO_0000065,,5.1,5.100000128334196,0.0,322.364,2.753780000000001,3,4,93.35,6,2,2,c1ccc(CSc2ccccc2)cc1,False,False,False,False
,,324411.0,[],CHEMBL676067,Inhibitory activity against epidermal growth factor receptor (EGFR),B,,,BAO_0000190,BAO_0000357,single protein format,COc1cc(/C=C(\C#N)C(N)=O)cc(CSc2ccccc2NC(C)=O)c1O,,,CHEMBL1136802,J Med Chem,2003.0,"{'bei': '11.72', 'le': '0.23', 'lle': '1.62', 'sei': '3.71'}",CHEMBL115895,,CHEMBL115895,4.66,1.0,http://www.openphacts.org/units/Nanomolar,275717.0,=,1.0,1.0,=,,IC50,nM,,21877.62,CHEMBL203,Homo sapiens,Epidermal growth factor receptor,9606.0,,,pIC50,,UO_0000065,,4.66,4.659999925349902,0.0,299.414,4.764900000000004,0,3,31.35,5,3,2,c1ccc(CSc2ccccc2)cc1,False,True,False,True
,,324429.0,[],CHEMBL677388,Inhibition of epidermal growth factor receptor kinase activity at a concentration of 2 uM of ATP,B,,,BAO_0000190,BAO_0000357,single protein format,COc1cc2c(Nc3ccc(Cl)cc3F)ncnc2cc1OCCN1CCN(C)CC1,,,CHEMBL1135889,J Med Chem,2002.0,"{'bei': '15.02', 'le': '0.30', 'lle': '2.90', 'sei': '10.68'}",CHEMBL283088,,CHEMBL283088,6.7,0.0,http://www.openphacts.org/units/Nanomolar,35673.0,=,1.0,1.0,=,,IC50,nM,,200.0,CHEMBL203,Homo sapiens,Epidermal growth factor receptor,9606.0,,,IC50,uM,UO_0000065,,0.2,6.698970004336019,1.0,297.266,2.2988800000000005,4,6,121.78,3,2,2,c1ccc(Nc2ncnc3cc(OCCN4CCNCC4)ccc23)cc1,False,True,False,False
,,324431.0,[],CHEMBL691873,Inhibition of human endothelial cell growth stimulate by endothelial growth factor,F,,,BAO_0000190,BAO_0000219,cell-based format,COc1cc2c(Nc3ccc(Cl)cc3F)ncnc2cc1OCCN1CCN(C)CC1,,,CHEMBL1135889,J Med Chem,2002.0,,CHEMBL283088,,CHEMBL283088,6.7,0.0,http://www.openphacts.org/units/Nanomolar,35673.0,=,1.0,1.0,=,,IC50,nM,,200.0,CHEMBL203,Homo sapiens,Epidermal growth factor receptor,9606.0,,,IC50,uM,UO_0000065,,0.2,6.698970004336019,1.0,290.3,2.00806,2,6,114.34,5,1,1,c1ccc(Nc2ncnc3cc(OCCN4CCNCC4)ccc23)cc1,False,True,False,False
,,324436.0,[],CHEMBL677388,Inhibition of epidermal growth factor receptor kinase activity at a concentration of 2 uM of ATP,B,,,BAO_0000190,BAO_0000357,single protein format,COc1cc2c(Nc3ccc(Cl)cc3F)ncnc2cc1OCCCN1CCCC1.Cl,,,CHEMBL1135889,J Med Chem,2002.0,"{'bei': '16.24', 'le': '0.32', 'lle': '1.96', 'sei': '11.76'}",CHEMBL2448067,,CHEMBL24133,7.0,0.0,http://www.openphacts.org/units/Nanomolar,35671.0,=,1.0,1.0,=,,IC50,nM,,100.0,CHEMBL203,Homo sapiens,Epidermal growth factor receptor,9606.0,,,IC50,uM,UO_0000065,,0.1,7.0,1.0,310.309,2.02678,4,5,113.58,4,2,2,c1ccc(Nc2ncnc3cc(OCCCN4CCCC4)ccc23)cc1,False,True,False,False
,,324438.0,[],CHEMBL691873,Inhibition of human endothelial cell growth stimulate by endothelial growth factor,F,,,BAO_0000190,BAO_0000219,cell-based format,COc1cc2c(Nc3ccc(Cl)cc3F)ncnc2cc1OCCCN1CCCC1.Cl,,,CHEMBL1135889,J Med Chem,2002.0,,CHEMBL2448067,,CHEMBL24133,7.0,0.0,http://www.openphacts.org/units/Nanomolar,35671.0,=,1.0,1.0,=,,IC50,nM,,100.0,CHEMBL203,Homo sapiens,Epidermal growth factor receptor,9606.0,,,IC50,uM,UO_0000065,,0.1,7.0,1.0,479.3830000000003,5.627100000000006,1,6,59.51,8,4,3,c1ccc(Nc2ncnc3cc(OCCCN4CCCC4)ccc23)cc1,False,True,False,False
,,325565.0,[],CHEMBL676067,Inhibitory activity against epidermal growth factor receptor (EGFR),B,,,BAO_0000190,BAO_0000357,single protein format,N#C/C(=C\c1ccc(O)c(O)c1)C(=O)c1ccc([N+](=O)[O-])cc1,,,CHEMBL1136802,J Med Chem,2003.0,"{'bei': '15.99', 'le': '0.29', 'lle': '2.16', 'sei': '3.99'}",CHEMBL56879,,CHEMBL56879,4.96,1.0,http://www.openphacts.org/units/Nanomolar,275697.0,=,1.0,1.0,=,,IC50,nM,,10964.78,CHEMBL203,Homo sapiens,Epidermal growth factor receptor,9606.0,,,pIC50,,UO_0000065,,4.96,4.960000077688649,0.0,479.3830000000003,5.627100000000006,1,6,59.51,8,4,3,O=C(C=Cc1ccccc1)c1ccccc1,False,True,False,False
,,325567.0,[],CHEMBL676067,Inhibitory activity against epidermal growth factor receptor (EGFR),B,,,BAO_0000190,BAO_0000357,single protein format,COc1cc(/C=C(\C#N)C(N)=O)cc(CSc2nc3ccccc3[nH]2)c1O,,,CHEMBL1136802,J Med Chem,2003.0,"{'bei': '12.72', 'le': '0.24', 'lle': '1.88', 'sei': '3.87'}",CHEMBL331026,,CHEMBL331026,4.84,1.0,http://www.openphacts.org/units/Nanomolar,275725.0,=,1.0,1.0,=,,IC50,nM,,14454.4,CHEMBL203,Homo sapiens,Epidermal growth factor receptor,9606.0,,,pIC50,,UO_0000065,,4.84,4.8399999311187,0.0,489.3890000000004,5.394300000000006,1,6,59.51,7,4,3,c1ccc(CSc2nc3ccccc3[nH]2)cc1,False,False,False,True
,,325575.0,[],CHEMBL677388,Inhibition of epidermal growth factor receptor kinase activity at a concentration of 2 uM of ATP,B,,,BAO_0000190,BAO_0000357,single protein format,COc1cc2c(Nc3ccc(Br)cc3F)ncnc2cc1OCCCN1CCN(C)CC1.Cl,,,CHEMBL1135889,J Med Chem,2002.0,"{'bei': '13.88', 'le': '0.30', 'lle': '2.70', 'sei': '11.16'}",CHEMBL1202477,,CHEMBL279072,7.0,0.0,http://www.openphacts.org/units/Nanomolar,35674.0,=,1.0,1.0,=,,IC50,nM,,100.0,CHEMBL203,Homo sapiens,Epidermal growth factor receptor,9606.0,,,IC50,uM,UO_0000065,,0.1,7.0,1.0,489.3890000000004,5.394300000000006,1,6,59.51,7,4,3,c1ccc(Nc2ncnc3cc(OCCCN4CCNCC4)ccc23)cc1,False,True,False,False
,,325577.0,[],CHEMBL691873,Inhibition of human endothelial cell growth stimulate by endothelial growth factor,F,,,BAO_0000190,BAO_0000219,cell-based format,COc1cc2c(Nc3ccc(Br)cc3F)ncnc2cc1OCCCN1CCN(C)CC1.Cl,,,CHEMBL1135889,J Med Chem,2002.0,,CHEMBL1202477,,CHEMBL279072,7.05,0.0,http://www.openphacts.org/units/Nanomolar,35674.0,=,1.0,1.0,=,,IC50,nM,,90.0,CHEMBL203,Homo sapiens,Epidermal growth factor receptor,9606.0,,,IC50,uM,UO_0000065,,0.09,7.045757490560675,1.0,467.3720000000004,5.316900000000006,1,6,59.51,6,4,3,c1ccc(Nc2ncnc3cc(OCCCN4CCNCC4)ccc23)cc1,False,True,False,False
,,326805.0,[],CHEMBL677388,Inhibition of epidermal growth factor receptor kinase activity at a concentration of 2 uM of ATP,B,,,BAO_0000190,BAO_0000357,single protein format,COc1cc2c(Nc3c(F)cc(Br)cc3F)ncnc2cc1OCC1CCN(C)CC1,,,CHEMBL1135889,J Med Chem,2002.0,"{'bei': '13.22', 'le': '0.29', 'lle': '1.38', 'sei': '10.96'}",CHEMBL416191,,CHEMBL416191,6.52,0.0,http://www.openphacts.org/units/Nanomolar,35658.0,=,1.0,1.0,=,,IC50,nM,,300.0,CHEMBL203,Homo sapiens,Epidermal growth factor receptor,9606.0,,,IC50,uM,UO_0000065,,0.3,6.522878745280337,1.0,467.3720000000004,5.316900000000006,1,6,59.51,6,4,3,c1ccc(Nc2ncnc3cc(OCC4CCNCC4)ccc23)cc1,False,True,False,False
,,326807.0,[],CHEMBL691873,Inhibition of human endothelial cell growth stimulate by endothelial growth factor,F,,,BAO_0000190,BAO_0000219,cell-based format,COc1cc2c(Nc3c(F)cc(Br)cc3F)ncnc2cc1OCC1CCN(C)CC1,,,CHEMBL1135889,J Med Chem,2002.0,,CHEMBL416191,,CHEMBL416191,6.4,0.0,http://www.openphacts.org/units/Nanomolar,35658.0,=,1.0,1.0,=,,IC50,nM,,400.0,CHEMBL203,Homo sapiens,Epidermal growth factor receptor,9606.0,,,IC50,uM,UO_0000065,,0.4,6.3979400086720375,1.0,301.367,3.989100000000003,0,5,40.58,4,3,3,c1ccc(Nc2ncnc3cc(OCC4CCNCC4)ccc23)cc1,False,True,False,False
,,327899.0,[],CHEMBL679946,Concentration required to inhibit phosphorylation of isolated human epidermal growth factor tyrosine kinase receptor by 50%,B,,,BAO_0000190,BAO_0000357,single protein format,COc1cc2cc(C3=CCCC3)cnc2cc1OC,,,CHEMBL1127568,J Med Chem,1994.0,,CHEMBL66618,,CHEMBL66618,,0.0,http://www.openphacts.org/units/Nanomolar,117770.0,>,1.0,1.0,>,,IC50,nM,,20000.0,CHEMBL203,Homo sapiens,Epidermal growth factor receptor,9606.0,,,IC50,uM,UO_0000065,,20.0,4.698970004336019,0.0,291.3500000000001,4.422400000000004,0,3,31.35,4,3,3,C1=C(c2cnc3ccccc3c2)CCC1,False,False,False,False
,,327901.0,[],CHEMBL679946,Concentration required to inhibit phosphorylation of isolated human epidermal growth factor tyrosine kinase receptor by 50%,B,,,BAO_0000190,BAO_0000357,single protein format,COc1ccc(/C=C(\C#N)c2cccnc2)cc1OC,,,CHEMBL1127568,J Med Chem,1994.0,"{'bei': '23.11', 'le': '0.42', 'lle': '2.99', 'sei': '11.16'}",CHEMBL67027,,CHEMBL67027,6.16,0.0,http://www.openphacts.org/units/Nanomolar,117757.0,=,1.0,1.0,=,,IC50,nM,,700.0,CHEMBL203,Homo sapiens,Epidermal growth factor receptor,9606.0,,,IC50,uM,UO_0000065,,0.7,6.154901959985743,1.0,238.246,2.7080000000000006,2,4,66.24000000000001,1,3,3,C(=Cc1cccnc1)c1ccccc1,False,False,False,False
,,328238.0,[],CHEMBL676067,Inhibitory activity against epidermal growth factor receptor (EGFR),B,,,BAO_0000190,BAO_0000357,single protein format,CC(C)(C)Oc1cc(/C=C(\C#N)C(=N)S)cc(C(C)(C)C)c1O,Outside typical range,"Values for this activity type are unusually large/small, so may not be accurate",CHEMBL1136802,J Med Chem,2003.0,,CHEMBL140213,,CHEMBL140213,,0.0,http://www.openphacts.org/units/Nanomolar,275709.0,=,1.0,1.0,=,,IC50,nM,,501187.23,CHEMBL203,Homo sapiens,Epidermal growth factor receptor,9606.0,,,pIC50,,UO_0000065,,3.3,3.300000003143145,0.0,294.3540000000001,3.8641000000000014,1,4,43.38,5,3,3,c1ccccc1,False,False,False,False
,,328342.0,[],CHEMBL677388,Inhibition of epidermal growth factor receptor kinase activity at a concentration of 2 uM of ATP,B,,,BAO_0000190,BAO_0000357,single protein format,COc1cc2c(Nc3ccc(Br)cc3F)ncnc2cc1OCC1CCN(C)CC1.Cl,,,CHEMBL1135889,J Med Chem,2002.0,"{'bei': '13.26', 'le': '0.29', 'lle': '1.87', 'sei': '10.04'}",CHEMBL533849,,CHEMBL24828,6.3,0.0,http://www.openphacts.org/units/Nanomolar,35684.0,=,1.0,1.0,=,,IC50,nM,,500.0,CHEMBL203,Homo sapiens,Epidermal growth factor receptor,9606.0,,,IC50,uM,UO_0000065,,0.5,6.301029995663981,1.0,204.185,0.4900799999999999,3,4,107.34,2,1,1,c1ccc(Nc2ncnc3cc(OCC4CCNCC4)ccc23)cc1,False,True,False,False
,,328344.0,[],CHEMBL691873,Inhibition of human endothelial cell growth stimulate by endothelial growth factor,F,,,BAO_0000190,BAO_0000219,cell-based format,COc1cc2c(Nc3ccc(Br)cc3F)ncnc2cc1OCC1CCN(C)CC1.Cl,,,CHEMBL1135889,J Med Chem,2002.0,,CHEMBL533849,,CHEMBL24828,6.77,0.0,http://www.openphacts.org/units/Nanomolar,35684.0,=,1.0,1.0,=,,IC50,nM,,170.0,CHEMBL203,Homo sapiens,Epidermal growth factor receptor,9606.0,,,IC50,uM,UO_0000065,,0.17,6.769551078621726,1.0,475.3620000000004,5.004200000000005,1,6,59.51,6,4,3,c1ccc(Nc2ncnc3cc(OCC4CCNCC4)ccc23)cc1,False,True,False,False
,,328373.0,[],CHEMBL677388,Inhibition of epidermal growth factor receptor kinase activity at a concentration of 2 uM of ATP,B,,,BAO_0000190,BAO_0000357,single protein format,COc1cc2c(Nc3ccc(Br)cc3F)ncnc2cc1OC[C@H]1CCCN(C)C1,,,CHEMBL1135889,J Med Chem,2002.0,"{'bei': '14.73', 'le': '0.32', 'lle': '2.00', 'sei': '11.76'}",CHEMBL1907944,,CHEMBL1907944,7.0,0.0,http://www.openphacts.org/units/Nanomolar,35664.0,=,1.0,1.0,=,,IC50,nM,,100.0,CHEMBL203,Homo sapiens,Epidermal growth factor receptor,9606.0,,,IC50,uM,UO_0000065,,0.1,7.0,1.0,475.3620000000004,5.004200000000005,1,6,59.51,6,4,3,c1ccc(Nc2ncnc3cc(OC[C@H]4CCCNC4)ccc23)cc1,False,True,False,False
,,328375.0,[],CHEMBL691873,Inhibition of human endothelial cell growth stimulate by endothelial growth factor,F,,,BAO_0000190,BAO_0000219,cell-based format,COc1cc2c(Nc3ccc(Br)cc3F)ncnc2cc1OC[C@H]1CCCN(C)C1,,,CHEMBL1135889,J Med Chem,2002.0,,CHEMBL1907944,,CHEMBL1907944,6.82,0.0,http://www.openphacts.org/units/Nanomolar,35664.0,=,1.0,1.0,=,,IC50,nM,,150.0,CHEMBL203,Homo sapiens,Epidermal growth factor receptor,9606.0,,,IC50,uM,UO_0000065,,0.15,6.823908740944319,1.0,271.341,3.980500000000003,0,4,31.35,3,3,3,c1ccc(Nc2ncnc3cc(OC[C@H]4CCCNC4)ccc23)cc1,False,True,False,False
,,328640.0,[],CHEMBL677206,Inhibition of epidermal growth factor receptor (EGFr),B,,,BAO_0000190,BAO_0000357,single protein format,N[C@H](Cc1c([Se][Se]c2[nH]c3ccccc3c2C[C@H](N)C(=O)NCc2ccccc2)[nH]c2ccccc12)C(=O)NCc1ccccc1,,,CHEMBL1129933,J Med Chem,1997.0,"{'bei': '8.14', 'le': None, 'lle': None, 'sei': None}",CHEMBL336409,,CHEMBL336409,6.05,0.0,http://www.openphacts.org/units/Nanomolar,259293.0,=,1.0,1.0,=,,IC50,nM,,900.0,CHEMBL203,Homo sapiens,Epidermal growth factor receptor,9606.0,,,IC50,uM,UO_0000065,,0.9,6.045757490560675,1.0,325.3640000000001,3.936200000000003,0,5,49.81,5,3,3,O=C(CCc1c([Se][Se]c2[nH]c3ccccc3c2CCC(=O)NCc2ccccc2)[nH]c2ccccc12)NCc1ccccc1,False,False,False,False
,,328646.0,[],CHEMBL677383,Inhibition of epidermal growth factor receptor (EGFr) autophosphorylation,F,,,BAO_0000190,BAO_0000019,assay format,N[C@H](Cc1c([Se][Se]c2[nH]c3ccccc3c2C[C@H](N)C(=O)NCc2ccccc2)[nH]c2ccccc12)C(=O)NCc1ccccc1,,,CHEMBL1129933,J Med Chem,1997.0,,CHEMBL336409,,CHEMBL336409,5.38,0.0,http://www.openphacts.org/units/Nanomolar,259293.0,=,1.0,1.0,=,,IC50,nM,,4200.0,CHEMBL203,Homo sapiens,Epidermal growth factor receptor,9606.0,,,IC50,uM,UO_0000065,,4.2,5.376750709602099,0.0,266.3,3.314000000000001,0,4,44.24000000000001,3,3,3,O=C(CCc1c([Se][Se]c2[nH]c3ccccc3c2CCC(=O)NCc2ccccc2)[nH]c2ccccc12)NCc1ccccc1,False,False,False,False
,,329281.0,[],CHEMBL679946,Concentration required to inhibit phosphorylation of isolated human epidermal growth factor tyrosine kinase receptor by 50%,B,,,BAO_0000190,BAO_0000357,single protein format,Cc1ccc(C)c2ncc(-c3ccsc3)cc12,,,CHEMBL1127568,J Med Chem,1994.0,,CHEMBL303872,,CHEMBL303872,,0.0,http://www.openphacts.org/units/Nanomolar,117749.0,>,1.0,1.0,>,,IC50,nM,,20000.0,CHEMBL203,Homo sapiens,Epidermal growth factor receptor,9606.0,,,IC50,uM,UO_0000065,,20.0,4.698970004336019,0.0,366.3980000000001,3.821860000000002,2,6,114.34,6,2,2,c1ccc2ncc(-c3ccsc3)cc2c1,False,False,False,False
,,329283.0,[],CHEMBL679946,Concentration required to inhibit phosphorylation of isolated human epidermal growth factor tyrosine kinase receptor by 50%,B,,,BAO_0000190,BAO_0000357,single protein format,COc1cc2cc(-c3cccc(F)c3)cnc2cc1OC,,,CHEMBL1127568,J Med Chem,1994.0,,CHEMBL302491,,CHEMBL302491,,0.0,http://www.openphacts.org/units/Nanomolar,117735.0,>,1.0,1.0,>,,IC50,nM,,20000.0,CHEMBL203,Homo sapiens,Epidermal growth factor receptor,9606.0,,,IC50,uM,UO_0000065,,20.0,4.698970004336019,0.0,397.4560000000001,3.043780000000002,3,6,125.43999999999998,7,2,2,c1ccc(-c2cnc3ccccc3c2)cc1,False,False,False,False
,,329341.0,[],CHEMBL679946,Concentration required to inhibit phosphorylation of isolated human epidermal growth factor tyrosine kinase receptor by 50%,B,,,BAO_0000190,BAO_0000357,single protein format,Cc1cc(C)c2cc(-c3ccsc3)cnc2c1,,,CHEMBL1127568,J Med Chem,1994.0,,CHEMBL304333,,CHEMBL304333,,0.0,http://www.openphacts.org/units/Nanomolar,117774.0,>,1.0,1.0,>,,IC50,nM,,20000.0,CHEMBL203,Homo sapiens,Epidermal growth factor receptor,9606.0,,,IC50,uM,UO_0000065,,20.0,4.698970004336019,0.0,445.9260000000004,3.800700000000004,1,7,62.75,7,4,3,c1ccc2ncc(-c3ccsc3)cc2c1,False,False,False,False
,,329343.0,[],CHEMBL679946,Concentration required to inhibit phosphorylation of isolated human epidermal growth factor tyrosine kinase receptor by 50%,B,,,BAO_0000190,BAO_0000357,single protein format,COc1cc2cc(-c3cc(F)c(OC)c(F)c3)cnc2cc1OC,,,CHEMBL1127568,J Med Chem,1994.0,,CHEMBL66924,,CHEMBL66924,,0.0,http://www.openphacts.org/units/Nanomolar,117772.0,>,1.0,1.0,>,,IC50,nM,,20000.0,CHEMBL203,Homo sapiens,Epidermal growth factor receptor,9606.0,,,IC50,uM,UO_0000065,,20.0,4.698970004336019,0.0,445.9260000000004,3.800700000000004,1,7,62.75,7,4,3,c1ccc(-c2cnc3ccccc3c2)cc1,False,False,False,False
,,329898.0,[],CHEMBL677206,Inhibition of epidermal growth factor receptor (EGFr),B,,,BAO_0000190,BAO_0000357,single protein format,CNC(=O)c1c(SSc2c(C(=O)NC)c3ccccc3n2C)n(C)c2ccccc12,,,CHEMBL1129933,J Med Chem,1997.0,"{'bei': '11.77', 'le': '0.23', 'lle': '0.97', 'sei': '7.58'}",CHEMBL342929,,CHEMBL342929,5.16,0.0,http://www.openphacts.org/units/Nanomolar,259284.0,=,1.0,1.0,=,,IC50,nM,,6900.0,CHEMBL203,Homo sapiens,Epidermal growth factor receptor,9606.0,,,IC50,uM,UO_0000065,,6.9,5.161150909262744,0.0,467.3720000000004,5.461000000000006,1,6,59.51,8,4,3,c1ccc2[nH]c(SSc3cc4ccccc4[nH]3)cc2c1,False,False,False,False
,,329906.0,[],CHEMBL677206,Inhibition of epidermal growth factor receptor (EGFr),B,,,BAO_0000190,BAO_0000357,single protein format,CCN(CC)CCNC(=O)c1c([Se][Se]c2[nH]c3ccccc3c2C(=O)NCCN(CC)CC)[nH]c2ccccc12,,,CHEMBL1129933,J Med Chem,1997.0,"{'bei': '7.91', 'le': None, 'lle': None, 'sei': None}",CHEMBL135577,,CHEMBL135577,5.34,0.0,http://www.openphacts.org/units/Nanomolar,259291.0,=,1.0,1.0,=,,IC50,nM,,4600.0,CHEMBL203,Homo sapiens,Epidermal growth factor receptor,9606.0,,,IC50,uM,UO_0000065,,4.6,5.337242168318426,0.0,467.3720000000004,5.461000000000006,1,6,59.51,8,4,3,c1ccc2[nH]c([Se][Se]c3cc4ccccc4[nH]3)cc2c1,False,False,False,False
,,330466.0,[],CHEMBL679946,Concentration required to inhibit phosphorylation of isolated human epidermal growth factor tyrosine kinase receptor by 50%,B,,,BAO_0000190,BAO_0000357,single protein format,COc1cc2cc(-c3ccccc3OC)cnc2cc1OC,,,CHEMBL1127568,J Med Chem,1994.0,,CHEMBL419248,,CHEMBL419248,,0.0,http://www.openphacts.org/units/Nanomolar,117734.0,>,1.0,1.0,>,,IC50,nM,,20000.0,CHEMBL203,Homo sapiens,Epidermal growth factor receptor,9606.0,,,IC50,uM,UO_0000065,,20.0,4.698970004336019,0.0,310.26500000000004,2.7958800000000013,2,6,124.46,4,2,2,c1ccc(-c2cnc3ccccc3c2)cc1,False,False,False,False
,,330534.0,[],CHEMBL679946,Concentration required to inhibit phosphorylation of isolated human epidermal growth factor tyrosine kinase receptor by 50%,B,,,BAO_0000190,BAO_0000357,single protein format,COc1cc2cc(OCc3ccccc3)cnc2cc1OC,,,CHEMBL1127568,J Med Chem,1994.0,,CHEMBL66932,,CHEMBL66932,,0.0,http://www.openphacts.org/units/Nanomolar,117765.0,>,1.0,1.0,>,,IC50,nM,,20000.0,CHEMBL203,Homo sapiens,Epidermal growth factor receptor,9606.0,,,IC50,uM,UO_0000065,,20.0,4.698970004336019,0.0,380.429,2.9616800000000016,3,6,125.02,6,3,3,c1ccc(COc2cnc3ccccc3c2)cc1,False,False,False,False
,,330793.0,[],CHEMBL676067,Inhibitory activity against epidermal growth factor receptor (EGFR),B,,,BAO_0000190,BAO_0000357,single protein format,COc1cc(/C=C(\C#N)C(N)=O)cc(CSc2nc3cc(Cl)ccc3s2)c1O,,,CHEMBL1136802,J Med Chem,2003.0,"{'bei': '9.45', 'le': '0.20', 'lle': '-0.27', 'sei': '3.74'}",CHEMBL115519,,CHEMBL115519,4.08,0.0,http://www.openphacts.org/units/Nanomolar,275727.0,=,1.0,1.0,=,,IC50,nM,,83176.38,CHEMBL203,Homo sapiens,Epidermal growth factor receptor,9606.0,,,pIC50,,UO_0000065,,4.08,4.079999984911641,0.0,540.8650000000005,4.721700000000006,1,7,62.75,8,4,3,c1ccc(CSc2nc3ccccc3s2)cc1,False,False,False,True
,,330795.0,[],CHEMBL676067,Inhibitory activity against epidermal growth factor receptor (EGFR),B,,,BAO_0000190,BAO_0000357,single protein format,COc1cc(/C=C(\C#N)C(N)=O)cc(CSc2ccccn2)c1O,,,CHEMBL1136802,J Med Chem,2003.0,"{'bei': '16.02', 'le': '0.31', 'lle': '2.99', 'sei': '5.01'}",CHEMBL119156,,CHEMBL119156,5.47,1.0,http://www.openphacts.org/units/Nanomolar,275722.0,=,1.0,1.0,=,,IC50,nM,,3388.44,CHEMBL203,Homo sapiens,Epidermal growth factor receptor,9606.0,,,pIC50,,UO_0000065,,5.47,5.470000200122707,0.0,540.8650000000005,4.721700000000006,1,7,62.75,8,4,3,c1ccc(CSc2ccccn2)cc1,False,False,False,True
,,330797.0,[],CHEMBL676067,Inhibitory activity against epidermal growth factor receptor (EGFR),B,,,BAO_0000190,BAO_0000357,single protein format,COc1cc(/C=C(\C#N)C(N)=O)cc(CSc2ccccc2C(=O)O)c1O,,,CHEMBL1136802,J Med Chem,2003.0,"{'bei': '16.00', 'le': '0.31', 'lle': '3.37', 'sei': '4.60'}",CHEMBL119987,,CHEMBL119987,6.15,1.0,http://www.openphacts.org/units/Nanomolar,275721.0,=,1.0,1.0,=,,IC50,nM,,707.95,CHEMBL203,Homo sapiens,Epidermal growth factor receptor,9606.0,,,pIC50,,UO_0000065,,6.15,6.149997413907539,1.0,493.3520000000003,5.143300000000004,1,6,59.51,6,4,3,c1ccc(CSc2ccccc2)cc1,False,False,False,True
,,330799.0,[],CHEMBL676067,Inhibitory activity against epidermal growth factor receptor (EGFR),B,,,BAO_0000190,BAO_0000357,single protein format,Cc1ccc(C(=O)/C(C#N)=C/c2ccc(O)c(O)c2)cc1,,,CHEMBL1136802,J Med Chem,2003.0,"{'bei': '17.26', 'le': '0.31', 'lle': '1.62', 'sei': '5.93'}",CHEMBL54471,,CHEMBL54471,4.82,1.0,http://www.openphacts.org/units/Nanomolar,275718.0,=,1.0,1.0,=,,IC50,nM,,15135.61,CHEMBL203,Homo sapiens,Epidermal growth factor receptor,9606.0,,,pIC50,,UO_0000065,,4.82,4.820000071285178,0.0,493.3520000000003,5.143300000000004,1,6,59.51,6,4,3,O=C(/C=C/c1ccccc1)c1ccccc1,False,False,False,False
,,330836.0,[],CHEMBL677388,Inhibition of epidermal growth factor receptor kinase activity at a concentration of 2 uM of ATP,B,,,BAO_0000190,BAO_0000357,single protein format,COc1cc2c(Nc3ccc(Cl)cc3F)ncnc2cc1OCCCN1CCN(C)CC1.Cl,,,CHEMBL1135889,J Med Chem,2002.0,"{'bei': '15.49', 'le': '0.30', 'lle': '2.93', 'sei': '11.35'}",CHEMBL1744347,,CHEMBL431696,7.12,0.0,http://www.openphacts.org/units/Nanomolar,35663.0,=,1.0,1.0,=,,IC50,nM,,75.0,CHEMBL203,Homo sapiens,Epidermal growth factor receptor,9606.0,,,IC50,uM,UO_0000065,,0.075,7.1249387366083,1.0,255.31699999999995,3.819300000000002,0,3,31.35,3,3,2,c1ccc(Nc2ncnc3cc(OCCCN4CCNCC4)ccc23)cc1,False,True,False,False
,,330838.0,[],CHEMBL691873,Inhibition of human endothelial cell growth stimulate by endothelial growth factor,F,,,BAO_0000190,BAO_0000219,cell-based format,COc1cc2c(Nc3ccc(Cl)cc3F)ncnc2cc1OCCCN1CCN(C)CC1.Cl,,,CHEMBL1135889,J Med Chem,2002.0,,CHEMBL1744347,,CHEMBL431696,7.0,0.0,http://www.openphacts.org/units/Nanomolar,35663.0,=,1.0,1.0,=,,IC50,nM,,100.0,CHEMBL203,Homo sapiens,Epidermal growth factor receptor,9606.0,,,IC50,uM,UO_0000065,,0.1,7.0,1.0,266.3,3.162980000000001,0,4,55.14,4,2,2,c1ccc(Nc2ncnc3cc(OCCCN4CCNCC4)ccc23)cc1,False,True,False,False
,,331168.0,[],CHEMBL677206,Inhibition of epidermal growth factor receptor (EGFr),B,,,BAO_0000190,BAO_0000357,single protein format,Cn1c([Se][Se]c2c(C(=O)O)c3ccccc3n2C)c(C(=O)O)c2ccccc21,,,CHEMBL1129933,J Med Chem,1997.0,"{'bei': '10.78', 'le': None, 'lle': None, 'sei': None}",CHEMBL334915,,CHEMBL334915,5.46,0.0,http://www.openphacts.org/units/Nanomolar,259286.0,=,1.0,1.0,=,,IC50,nM,,3500.0,CHEMBL203,Homo sapiens,Epidermal growth factor receptor,9606.0,,,IC50,uM,UO_0000065,,3.5,5.455931955649724,0.0,332.4690000000001,4.681050000000004,3,4,77.1,3,1,1,c1ccc2[nH]c([Se][Se]c3cc4ccccc4[nH]3)cc2c1,False,False,False,False
,,331829.0,[],CHEMBL679946,Concentration required to inhibit phosphorylation of isolated human epidermal growth factor tyrosine kinase receptor by 50%,B,,,BAO_0000190,BAO_0000357,single protein format,COc1cc2cc(-c3ccccc3)cnc2cc1OC,,,CHEMBL1127568,J Med Chem,1994.0,,CHEMBL66063,,CHEMBL66063,,0.0,http://www.openphacts.org/units/Nanomolar,117788.0,>,1.0,1.0,>,,IC50,nM,,20000.0,CHEMBL203,Homo sapiens,Epidermal growth factor receptor,9606.0,,,IC50,uM,UO_0000065,,20.0,4.698970004336019,0.0,511.8230000000004,5.4260000000000055,1,6,59.51,6,4,3,c1ccc(-c2cnc3ccccc3c2)cc1,False,False,False,False
,,331831.0,[],CHEMBL679946,Concentration required to inhibit phosphorylation of isolated human epidermal growth factor tyrosine kinase receptor by 50%,B,,,BAO_0000190,BAO_0000357,single protein format,COc1cc2cc(-c3ccc(Cl)s3)cnc2cc1OC,,,CHEMBL1127568,J Med Chem,1994.0,,CHEMBL69820,,CHEMBL69820,,0.0,http://www.openphacts.org/units/Nanomolar,117781.0,>,1.0,1.0,>,,IC50,nM,,20000.0,CHEMBL203,Homo sapiens,Epidermal growth factor receptor,9606.0,,,IC50,uM,UO_0000065,,20.0,4.698970004336019,0.0,511.8230000000004,5.4260000000000055,1,6,59.51,6,4,3,c1csc(-c2cnc3ccccc3c2)c1,False,False,False,False
,,332153.0,[],CHEMBL676067,Inhibitory activity against epidermal growth factor receptor (EGFR),B,,,BAO_0000190,BAO_0000357,single protein format,CC(NC(=O)/C(C#N)=C/c1ccc(O)c(O)c1)c1ccccc1,,,CHEMBL1136802,J Med Chem,2003.0,"{'bei': '18.16', 'le': '0.33', 'lle': '2.72', 'sei': '6.00'}",CHEMBL55979,,CHEMBL55979,5.6,1.0,http://www.openphacts.org/units/Nanomolar,275692.0,=,1.0,1.0,=,,IC50,nM,,2511.89,CHEMBL203,Homo sapiens,Epidermal growth factor receptor,9606.0,,,pIC50,,UO_0000065,,5.6,5.59999938302362,0.0,475.3620000000004,5.004200000000005,1,6,59.51,6,4,3,O=C(/C=C/c1ccccc1)NCc1ccccc1,False,False,False,True
,,332171.0,[],CHEMBL677388,Inhibition of epidermal growth factor receptor kinase activity at a concentration of 2 uM of ATP,B,,,BAO_0000190,BAO_0000357,single protein format,COc1cc2c(Nc3ccc(Cl)cc3F)ncnc2cc1OCCN1CCOCC1,,,CHEMBL1135889,J Med Chem,2002.0,"{'bei': '14.78', 'le': '0.29', 'lle': '2.51', 'sei': '9.31'}",CHEMBL25610,,CHEMBL25610,6.4,0.0,http://www.openphacts.org/units/Nanomolar,35672.0,=,1.0,1.0,=,,IC50,nM,,400.0,CHEMBL203,Homo sapiens,Epidermal growth factor receptor,9606.0,,,IC50,uM,UO_0000065,,0.4,6.3979400086720375,1.0,475.3620000000004,5.004200000000005,1,6,59.51,6,4,3,c1ccc(Nc2ncnc3cc(OCCN4CCOCC4)ccc23)cc1,False,True,False,False
,,332173.0,[],CHEMBL691873,Inhibition of human endothelial cell growth stimulate by endothelial growth factor,F,,,BAO_0000190,BAO_0000219,cell-based format,COc1cc2c(Nc3ccc(Cl)cc3F)ncnc2cc1OCCN1CCOCC1,,,CHEMBL1135889,J Med Chem,2002.0,,CHEMBL25610,,CHEMBL25610,6.52,0.0,http://www.openphacts.org/units/Nanomolar,35672.0,=,1.0,1.0,=,,IC50,nM,,300.0,CHEMBL203,Homo sapiens,Epidermal growth factor receptor,9606.0,,,IC50,uM,UO_0000065,,0.3,6.522878745280337,1.0,742.6440000000001,2.295800000000005,6,4,141.82,13,6,6,c1ccc(Nc2ncnc3cc(OCCN4CCOCC4)ccc23)cc1,False,True,False,False
,,332492.0,[],CHEMBL677206,Inhibition of epidermal growth factor receptor (EGFr),B,,,BAO_0000190,BAO_0000357,single protein format,CNC(=O)c1c([Se][Se]c2c(C(=O)NC)c3ccccc3n2C)n(C)c2ccccc12,,,CHEMBL1129933,J Med Chem,1997.0,"{'bei': '9.80', 'le': None, 'lle': None, 'sei': None}",CHEMBL137422,,CHEMBL137422,5.21,0.0,http://www.openphacts.org/units/Nanomolar,259289.0,=,1.0,1.0,=,,IC50,nM,,6100.0,CHEMBL203,Homo sapiens,Epidermal growth factor receptor,9606.0,,,IC50,uM,UO_0000065,,6.1,5.214670164989233,0.0,742.6440000000001,2.295800000000005,6,4,141.82,13,6,6,c1ccc2[nH]c([Se][Se]c3cc4ccccc4[nH]3)cc2c1,False,False,False,False
,,333312.0,[],CHEMBL679946,Concentration required to inhibit phosphorylation of isolated human epidermal growth factor tyrosine kinase receptor by 50%,B,,,BAO_0000190,BAO_0000357,single protein format,COc1cc2cc(-c3ccsc3)cnc2cc1OC,,,CHEMBL1127568,J Med Chem,1994.0,,CHEMBL66643,,CHEMBL66643,,0.0,http://www.openphacts.org/units/Nanomolar,117752.0,>,1.0,1.0,>,,IC50,nM,,20000.0,CHEMBL203,Homo sapiens,Epidermal growth factor receptor,9606.0,,,IC50,uM,UO_0000065,,20.0,4.698970004336019,0.0,239.343,4.580140000000003,0,2,12.89,1,3,3,c1ccc2ncc(-c3ccsc3)cc2c1,False,False,False,False
,,333315.0,[],CHEMBL679946,Concentration required to inhibit phosphorylation of isolated human epidermal growth factor tyrosine kinase receptor by 50%,B,,,BAO_0000190,BAO_0000357,single protein format,COc1cc2cc(-c3ccc(O)nc3)cnc2cc1OC,,,CHEMBL1127568,J Med Chem,1994.0,,CHEMBL66981,,CHEMBL66981,,0.0,http://www.openphacts.org/units/Nanomolar,117762.0,>,1.0,1.0,>,,IC50,nM,,20000.0,CHEMBL203,Homo sapiens,Epidermal growth factor receptor,9606.0,,,IC50,uM,UO_0000065,,20.0,4.698970004336019,0.0,283.302,4.058100000000003,0,3,31.35,3,3,3,c1cncc(-c2cnc3ccccc3c2)c1,False,False,False,False
,,333587.0,[],CHEMBL676067,Inhibitory activity against epidermal growth factor receptor (EGFR),B,,,BAO_0000190,BAO_0000357,single protein format,Cc1cc(C)c(NC(=O)/C(C#N)=C/c2ccc(O)c(O)c2)c(C)c1,,,CHEMBL1136802,J Med Chem,2003.0,"{'bei': '14.64', 'le': '0.27', 'lle': '1.15', 'sei': '5.06'}",CHEMBL141238,,CHEMBL141238,4.72,0.0,http://www.openphacts.org/units/Nanomolar,275708.0,=,1.0,1.0,=,,IC50,nM,,19054.61,CHEMBL203,Homo sapiens,Epidermal growth factor receptor,9606.0,,,pIC50,,UO_0000065,,4.72,4.719999935717911,0.0,239.343,4.580140000000003,0,2,12.89,1,3,3,O=C(/C=C/c1ccccc1)Nc1ccccc1,False,True,False,True
,,333903.0,[],CHEMBL677206,Inhibition of epidermal growth factor receptor (EGFr),B,,,BAO_0000190,BAO_0000357,single protein format,NC(Cc1c(SSc2[nH]c3ccccc3c2CC(N)C(=O)NCc2ccccc2)[nH]c2ccccc12)C(=O)NCc1ccccc1,,,CHEMBL1129933,J Med Chem,1997.0,"{'bei': '7.91', 'le': '0.15', 'lle': '-0.69', 'sei': '3.62'}",CHEMBL336174,,CHEMBL336174,5.13,1.0,http://www.openphacts.org/units/Nanomolar,259285.0,=,1.0,1.0,=,,IC50,nM,,7400.0,CHEMBL203,Homo sapiens,Epidermal growth factor receptor,9606.0,,,IC50,uM,UO_0000065,,7.4,5.130768280269024,0.0,331.31800000000004,4.205800000000004,0,4,40.58,4,3,3,O=C(CCc1c(SSc2[nH]c3ccccc3c2CCC(=O)NCc2ccccc2)[nH]c2ccccc12)NCc1ccccc1,False,False,False,False
,,333913.0,[],CHEMBL677383,Inhibition of epidermal growth factor receptor (EGFr) autophosphorylation,F,,,BAO_0000190,BAO_0000019,assay format,NC(Cc1c(SSc2[nH]c3ccccc3c2CC(N)C(=O)NCc2ccccc2)[nH]c2ccccc12)C(=O)NCc1ccccc1,,,CHEMBL1129933,J Med Chem,1997.0,,CHEMBL336174,,CHEMBL336174,,0.0,http://www.openphacts.org/units/Nanomolar,259285.0,>,1.0,1.0,>,,IC50,nM,,100000.0,CHEMBL203,Homo sapiens,Epidermal growth factor receptor,9606.0,,,IC50,uM,UO_0000065,,100.0,4.0,0.0,438.57800000000015,4.188600000000004,2,4,68.06,5,4,4,O=C(CCc1c(SSc2[nH]c3ccccc3c2CCC(=O)NCc2ccccc2)[nH]c2ccccc12)NCc1ccccc1,False,False,False,False
,,334584.0,[],CHEMBL679946,Concentration required to inhibit phosphorylation of isolated human epidermal growth factor tyrosine kinase receptor by 50%,B,,,BAO_0000190,BAO_0000357,single protein format,COc1cc2cc(-c3ccc(F)c(F)c3)cnc2cc1OC,,,CHEMBL1127568,J Med Chem,1994.0,,CHEMBL67424,,CHEMBL67424,,0.0,http://www.openphacts.org/units/Nanomolar,117750.0,>,1.0,1.0,>,,IC50,nM,,20000.0,CHEMBL203,Homo sapiens,Epidermal growth factor receptor,9606.0,,,IC50,uM,UO_0000065,,20.0,4.698970004336019,0.0,674.6099999999999,2.066600000000003,4,4,96.26,15,4,4,c1ccc(-c2cnc3ccccc3c2)cc1,False,False,False,False
,,334586.0,[],CHEMBL679946,Concentration required to inhibit phosphorylation of isolated human epidermal growth factor tyrosine kinase receptor by 50%,B,,,BAO_0000190,BAO_0000357,single protein format,COc1cc2cc(-c3ccc(F)cc3)cnc2cc1OC,,,CHEMBL1127568,J Med Chem,1994.0,,CHEMBL68401,,CHEMBL68401,,0.0,http://www.openphacts.org/units/Nanomolar,117736.0,>,1.0,1.0,>,,IC50,nM,,20000.0,CHEMBL203,Homo sapiens,Epidermal growth factor receptor,9606.0,,,IC50,uM,UO_0000065,,20.0,4.698970004336019,0.0,295.3380000000001,3.927600000000002,0,4,40.58,4,3,3,c1ccc(-c2cnc3ccccc3c2)cc1,False,False,False,False
,,334917.0,[],CHEMBL677388,Inhibition of epidermal growth factor receptor kinase activity at a concentration of 2 uM of ATP,B,,,BAO_0000190,BAO_0000357,single protein format,COc1cc2c(Nc3ccc(Br)cc3F)ncnc2cc1OCCC1CCNCC1,,,CHEMBL1135889,J Med Chem,2002.0,"{'bei': '14.09', 'le': '0.30', 'lle': '1.65', 'sei': '9.81'}",CHEMBL26641,,CHEMBL26641,6.7,0.0,http://www.openphacts.org/units/Nanomolar,35666.0,=,1.0,1.0,=,,IC50,nM,,200.0,CHEMBL203,Homo sapiens,Epidermal growth factor receptor,9606.0,,,IC50,uM,UO_0000065,,0.2,6.698970004336019,1.0,295.3380000000001,3.831000000000002,0,4,40.58,5,3,3,c1ccc(Nc2ncnc3cc(OCCC4CCNCC4)ccc23)cc1,False,True,False,False
,,334919.0,[],CHEMBL691873,Inhibition of human endothelial cell growth stimulate by endothelial growth factor,F,,,BAO_0000190,BAO_0000219,cell-based format,COc1cc2c(Nc3ccc(Br)cc3F)ncnc2cc1OCCC1CCNCC1,,,CHEMBL1135889,J Med Chem,2002.0,,CHEMBL26641,,CHEMBL26641,7.1,0.0,http://www.openphacts.org/units/Nanomolar,35666.0,=,1.0,1.0,=,,IC50,nM,,80.0,CHEMBL203,Homo sapiens,Epidermal growth factor receptor,9606.0,,,IC50,uM,UO_0000065,,0.08,7.096910013008056,1.0,431.9260000000001,4.348480000000002,2,7,109.23,6,3,3,c1ccc(Nc2ncnc3cc(OCCC4CCNCC4)ccc23)cc1,False,True,False,False
,,335194.0,[],CHEMBL677206,Inhibition of epidermal growth factor receptor (EGFr),B,,,BAO_0000190,BAO_0000357,single protein format,CCN(CC)CCn1c([Se][Se]c2c(C(=O)NC)c3ccccc3n2CCN(CC)CC)c(C(=O)NC)c2ccccc21,,,CHEMBL1129933,J Med Chem,1997.0,"{'bei': '7.35', 'le': None, 'lle': None, 'sei': None}",CHEMBL334439,,CHEMBL334439,5.16,0.0,http://www.openphacts.org/units/Nanomolar,259296.0,=,1.0,1.0,=,,IC50,nM,,6900.0,CHEMBL203,Homo sapiens,Epidermal growth factor receptor,9606.0,,,IC50,uM,UO_0000065,,6.9,5.161150909262744,0.0,341.392,2.4803800000000016,2,6,109.23,6,2,2,c1ccc2[nH]c([Se][Se]c3cc4ccccc4[nH]3)cc2c1,False,False,False,False
,,335757.0,[],CHEMBL679946,Concentration required to inhibit phosphorylation of isolated human epidermal growth factor tyrosine kinase receptor by 50%,B,,,BAO_0000190,BAO_0000357,single protein format,COc1ccc(-c2cnc3cc(OC)c(OC)cc3c2)cn1,,,CHEMBL1127568,J Med Chem,1994.0,,CHEMBL66612,,CHEMBL66612,,0.0,http://www.openphacts.org/units/Nanomolar,117730.0,>,1.0,1.0,>,,IC50,nM,,20000.0,CHEMBL203,Homo sapiens,Epidermal growth factor receptor,9606.0,,,IC50,uM,UO_0000065,,20.0,4.698970004336019,0.0,384.41300000000007,2.783580000000001,3,6,133.64,7,2,2,c1cncc(-c2cnc3ccccc3c2)c1,False,False,False,False
,,335759.0,[],CHEMBL679946,Concentration required to inhibit phosphorylation of isolated human epidermal growth factor tyrosine kinase receptor by 50%,B,,,BAO_0000190,BAO_0000357,single protein format,COc1cc2cc(-c3ccc(N(C)C)cc3)cnc2cc1OC,,,CHEMBL1127568,J Med Chem,1994.0,,CHEMBL66502,,CHEMBL66502,,0.0,http://www.openphacts.org/units/Nanomolar,117733.0,>,1.0,1.0,>,,IC50,nM,,20000.0,CHEMBL203,Homo sapiens,Epidermal growth factor receptor,9606.0,,,IC50,uM,UO_0000065,,20.0,4.698970004336019,0.0,279.295,3.196100000000002,2,4,81.32000000000001,3,2,2,c1ccc(-c2cnc3ccccc3c2)cc1,False,True,False,False
,,335761.0,[],CHEMBL679946,Concentration required to inhibit phosphorylation of isolated human epidermal growth factor tyrosine kinase receptor by 50%,B,,,BAO_0000190,BAO_0000357,single protein format,COc1ccc(/C=C/c2cnc3cc(OC)c(OC)cc3c2)cc1,,,CHEMBL1127568,J Med Chem,1994.0,"{'bei': '14.62', 'le': '0.27', 'lle': '0.27', 'sei': '11.58'}",CHEMBL66101,,CHEMBL66101,4.7,0.0,http://www.openphacts.org/units/Nanomolar,117744.0,=,1.0,1.0,=,,IC50,nM,,20000.0,CHEMBL203,Homo sapiens,Epidermal growth factor receptor,9606.0,,,IC50,uM,UO_0000065,,20.0,4.698970004336019,0.0,496.4140000000004,4.612600000000006,1,7,62.75,8,4,3,C(=C\c1cnc2ccccc2c1)/c1ccccc1,False,False,False,False
,,335845.0,[],CHEMBL679946,Concentration required to inhibit phosphorylation of isolated human epidermal growth factor tyrosine kinase receptor by 50%,B,,,BAO_0000190,BAO_0000357,single protein format,COc1cc2cc(-c3ccc(-c4ccccc4)cc3)cnc2cc1OC,,,CHEMBL1127568,J Med Chem,1994.0,,CHEMBL66329,,CHEMBL66329,,0.0,http://www.openphacts.org/units/Nanomolar,117756.0,>,1.0,1.0,>,,IC50,nM,,20000.0,CHEMBL203,Homo sapiens,Epidermal growth factor receptor,9606.0,,,IC50,uM,UO_0000065,,20.0,4.698970004336019,0.0,496.4140000000004,4.612600000000006,1,7,62.75,8,4,3,c1ccc(-c2ccc(-c3cnc4ccccc4c3)cc2)cc1,False,False,False,False
,,335847.0,[],CHEMBL679946,Concentration required to inhibit phosphorylation of isolated human epidermal growth factor tyrosine kinase receptor by 50%,B,,,BAO_0000190,BAO_0000357,single protein format,COc1cc2cc(-c3ccc(Cl)c(Cl)c3)cnc2cc1OC,,,CHEMBL1127568,J Med Chem,1994.0,,CHEMBL67702,,CHEMBL67702,,0.0,http://www.openphacts.org/units/Nanomolar,117784.0,>,1.0,1.0,>,,IC50,nM,,20000.0,CHEMBL203,Homo sapiens,Epidermal growth factor receptor,9606.0,,,IC50,uM,UO_0000065,,20.0,4.698970004336019,0.0,506.2780000000002,1.3405999999999996,2,2,84.46000000000001,5,4,4,c1ccc(-c2cnc3ccccc3c2)cc1,False,False,False,False
,,335849.0,[],CHEMBL679946,Concentration required to inhibit phosphorylation of isolated human epidermal growth factor tyrosine kinase receptor by 50%,B,,,BAO_0000190,BAO_0000357,single protein format,c1ccc2ncc(-c3ccsc3)cc2c1,,,CHEMBL1127568,J Med Chem,1994.0,,CHEMBL304310,,CHEMBL304310,,0.0,http://www.openphacts.org/units/Nanomolar,117775.0,>,1.0,1.0,>,,IC50,nM,,20000.0,CHEMBL203,Homo sapiens,Epidermal growth factor receptor,9606.0,,,IC50,uM,UO_0000065,,20.0,4.698970004336019,0.0,265.312,3.919000000000003,0,3,31.35,3,3,3,c1ccc2ncc(-c3ccsc3)cc2c1,False,False,False,False
,,336075.0,[],CHEMBL676067,Inhibitory activity against epidermal growth factor receptor (EGFR),B,,,BAO_0000190,BAO_0000357,single protein format,N#C/C(=C\c1ccc(O)c(O)c1)C(=O)c1ccccc1Cl,,,CHEMBL1136802,J Med Chem,2003.0,"{'bei': '17.28', 'le': '0.34', 'lle': '1.64', 'sei': '6.37'}",CHEMBL59145,,CHEMBL59145,5.18,1.0,http://www.openphacts.org/units/Nanomolar,275733.0,=,1.0,1.0,=,,IC50,nM,,6606.93,CHEMBL203,Homo sapiens,Epidermal growth factor receptor,9606.0,,,pIC50,,UO_0000065,,5.18,5.180000294489514,0.0,305.78600000000006,4.633900000000002,0,4,31.35,3,3,3,O=C(C=Cc1ccccc1)c1ccccc1,False,False,False,False
,,336077.0,[],CHEMBL676067,Inhibitory activity against epidermal growth factor receptor (EGFR),B,,,BAO_0000190,BAO_0000357,single protein format,COc1cc(/C=C(\C#N)C(N)=O)cc(CSc2nc3ccccc3s2)c1O,,,CHEMBL1136802,J Med Chem,2003.0,"{'bei': '11.87', 'le': '0.24', 'lle': '1.02', 'sei': '4.32'}",CHEMBL118109,,CHEMBL118109,4.72,1.0,http://www.openphacts.org/units/Nanomolar,275728.0,=,1.0,1.0,=,,IC50,nM,,19054.61,CHEMBL203,Homo sapiens,Epidermal growth factor receptor,9606.0,,,pIC50,,UO_0000065,,4.72,4.719999935717911,0.0,308.337,2.8821800000000017,3,4,93.35,4,2,2,c1ccc(CSc2nc3ccccc3s2)cc1,False,False,False,True
,,336079.0,[],CHEMBL673947,Inhibition of epidermal growth factor receptor (EGFR),B,,,BAO_0000190,BAO_0000357,single protein format,CCOc1ccc2sc(SCc3cc(/C=C(\C#N)C(N)=O)cc(OC)c3O)nc2c1,Outside typical range,"Values for this activity type are unusually large/small, so may not be accurate",CHEMBL1136802,J Med Chem,2003.0,,CHEMBL343875,,CHEMBL343875,,0.0,http://www.openphacts.org/units/Nanomolar,275726.0,=,1.0,1.0,=,,IC50,nM,,165958.69,CHEMBL203,Homo sapiens,Epidermal growth factor receptor,9606.0,,,pIC50,,UO_0000065,,3.78,3.7800000019463225,0.0,432.8830000000004,3.885500000000004,1,7,68.74,7,4,3,c1ccc(CSc2nc3ccccc3s2)cc1,False,False,False,True
,,336398.0,[],CHEMBL677206,Inhibition of epidermal growth factor receptor (EGFr),B,,,BAO_0000190,BAO_0000357,single protein format,Cn1c([Se][Se]c2c(C(=O)OC(C)(C)C)c3ccccc3n2C)c(C(=O)OC(C)(C)C)c2ccccc21,,,CHEMBL1129933,J Med Chem,1997.0,,CHEMBL334973,,CHEMBL334973,,0.0,http://www.openphacts.org/units/Nanomolar,259290.0,>,1.0,1.0,>,,IC50,nM,,100000.0,CHEMBL203,Homo sapiens,Epidermal growth factor receptor,9606.0,,,IC50,uM,UO_0000065,,100.0,4.0,0.0,432.8830000000004,3.885500000000004,1,7,68.74,7,4,3,c1ccc2[nH]c([Se][Se]c3cc4ccccc4[nH]3)cc2c1,False,False,False,False
,,337074.0,[],CHEMBL679946,Concentration required to inhibit phosphorylation of isolated human epidermal growth factor tyrosine kinase receptor by 50%,B,,,BAO_0000190,BAO_0000357,single protein format,COc1cc2cc([N+](=O)[O-])cnc2cc1OC,,,CHEMBL1127568,J Med Chem,1994.0,,CHEMBL66008,,CHEMBL66008,,0.0,http://www.openphacts.org/units/Nanomolar,117754.0,>,1.0,1.0,>,,IC50,nM,,20000.0,CHEMBL203,Homo sapiens,Epidermal growth factor receptor,9606.0,,,IC50,uM,UO_0000065,,20.0,4.698970004336019,0.0,532.3640000000001,0.6634000000000013,2,2,68.06,5,4,4,c1ccc2ncccc2c1,False,False,False,False
,,337412.0,[],CHEMBL677388,Inhibition of epidermal growth factor receptor kinase activity at a concentration of 2 uM of ATP,B,,,BAO_0000190,BAO_0000357,single protein format,COc1cc2c(Nc3c(F)cc(Br)cc3F)ncnc2cc1OCC1CCNCC1,,,CHEMBL1135889,J Med Chem,2002.0,"{'bei': '13.24', 'le': '0.29', 'lle': '1.55', 'sei': '9.29'}",CHEMBL279459,,CHEMBL279459,6.35,0.0,http://www.openphacts.org/units/Nanomolar,35677.0,=,1.0,1.0,=,,IC50,nM,,450.0,CHEMBL203,Homo sapiens,Epidermal growth factor receptor,9606.0,,,IC50,uM,UO_0000065,,0.45,6.346787486224656,1.0,271.34100000000007,3.980500000000003,0,4,31.35,3,3,3,c1ccc(Nc2ncnc3cc(OCC4CCNCC4)ccc23)cc1,False,True,False,False
,,337414.0,[],CHEMBL691873,Inhibition of human endothelial cell growth stimulate by endothelial growth factor,F,,,BAO_0000190,BAO_0000219,cell-based format,COc1cc2c(Nc3c(F)cc(Br)cc3F)ncnc2cc1OCC1CCNCC1,,,CHEMBL1135889,J Med Chem,2002.0,,CHEMBL279459,,CHEMBL279459,6.4,0.0,http://www.openphacts.org/units/Nanomolar,35677.0,=,1.0,1.0,=,,IC50,nM,,400.0,CHEMBL203,Homo sapiens,Epidermal growth factor receptor,9606.0,,,IC50,uM,UO_0000065,,0.4,6.3979400086720375,1.0,282.29900000000004,3.0196000000000014,1,5,64.47,3,3,3,c1ccc(Nc2ncnc3cc(OCC4CCNCC4)ccc23)cc1,False,True,False,False
,,337665.0,[],CHEMBL677206,Inhibition of epidermal growth factor receptor (EGFr),B,,,BAO_0000190,BAO_0000357,single protein format,O=C(NCc1ccccc1)[C@H](Cc1c([Se]c2[nH]c3ccccc3c2C[C@@H](NC(=O)C(F)(F)F)C(=O)NCc2ccccc2)[nH]c2ccccc12)NC(=O)C(F)(F)F,,,CHEMBL1129933,J Med Chem,1997.0,,CHEMBL135241,,CHEMBL135241,,0.0,http://www.openphacts.org/units/Nanomolar,259295.0,>,1.0,1.0,>,,IC50,nM,,50000.0,CHEMBL203,Homo sapiens,Epidermal growth factor receptor,9606.0,,,IC50,uM,UO_0000065,,50.0,4.301029995663981,0.0,322.36400000000003,3.5687400000000027,3,4,93.35,3,2,2,O=C(CCc1c([Se]c2[nH]c3ccccc3c2CCC(=O)NCc2ccccc2)[nH]c2ccccc12)NCc1ccccc1,False,False,False,False
,,338292.0,[],CHEMBL679946,Concentration required to inhibit phosphorylation of isolated human epidermal growth factor tyrosine kinase receptor by 50%,B,,,BAO_0000190,BAO_0000357,single protein format,C(=C/c1cnc2ccccc2c1)\c1ccccc1,,,CHEMBL1127568,J Med Chem,1994.0,,CHEMBL65858,,CHEMBL65858,,0.0,http://www.openphacts.org/units/Nanomolar,117737.0,>,1.0,1.0,>,,IC50,nM,,20000.0,CHEMBL203,Homo sapiens,Epidermal growth factor receptor,9606.0,,,IC50,uM,UO_0000065,,20.0,4.698970004336019,0.0,648.8580000000002,5.821000000000004,6,6,141.82,13,6,6,C(=C\c1cnc2ccccc2c1)/c1ccccc1,False,False,False,False
,,338661.0,[],CHEMBL676067,Inhibitory activity against epidermal growth factor receptor (EGFR),B,,,BAO_0000190,BAO_0000357,single protein format,N#C/C(=C\c1ccc(O)c(O)c1)C(=O)c1cccs1,,,CHEMBL1136802,J Med Chem,2003.0,"{'bei': '16.62', 'le': '0.32', 'lle': '1.56', 'sei': '5.55'}",CHEMBL55994,,CHEMBL55994,4.51,1.0,http://www.openphacts.org/units/Nanomolar,275730.0,=,1.0,1.0,=,,IC50,nM,,30902.95,CHEMBL203,Homo sapiens,Epidermal growth factor receptor,9606.0,,,pIC50,,UO_0000065,,4.51,4.510000060783275,0.0,648.8580000000002,5.821000000000004,6,6,141.82,13,6,6,O=C(C=Cc1ccccc1)c1cccs1,False,False,False,False
,,338663.0,[],CHEMBL676067,Inhibitory activity against epidermal growth factor receptor (EGFR),B,,,BAO_0000190,BAO_0000357,single protein format,COc1cc(C=C(C#N)C#N)cc(CS(=O)(=O)c2ccc(C)cc2)c1O,,,CHEMBL1136802,J Med Chem,2003.0,"{'bei': '12.59', 'le': '0.24', 'lle': '1.53', 'sei': '4.17'}",CHEMBL334032,,CHEMBL334032,4.64,1.0,http://www.openphacts.org/units/Nanomolar,275711.0,=,1.0,1.0,=,,IC50,nM,,22908.68,CHEMBL203,Homo sapiens,Epidermal growth factor receptor,9606.0,,,pIC50,,UO_0000065,,4.64,4.639999934172963,0.0,301.29200000000003,4.197200000000003,0,3,31.35,3,3,3,O=S(=O)(Cc1ccccc1)c1ccccc1,False,False,False,False
,,338669.0,[],CHEMBL677388,Inhibition of epidermal growth factor receptor kinase activity at a concentration of 2 uM of ATP,B,,,BAO_0000190,BAO_0000357,single protein format,COc1cc2c(Nc3cc(O)c(C)cc3F)ncnc2cc1OCC1CCN(C)CC1.Cl,,,CHEMBL1135889,J Med Chem,2002.0,"{'bei': '15.29', 'le': '0.29', 'lle': '2.26', 'sei': '8.18'}",CHEMBL1202473,,CHEMBL24625,6.52,0.0,http://www.openphacts.org/units/Nanomolar,35657.0,=,1.0,1.0,=,,IC50,nM,,300.0,CHEMBL203,Homo sapiens,Epidermal growth factor receptor,9606.0,,,IC50,uM,UO_0000065,,0.3,6.522878745280337,1.0,283.302,4.058100000000003,0,3,31.35,3,3,3,c1ccc(Nc2ncnc3cc(OCC4CCNCC4)ccc23)cc1,False,True,False,False
,,338671.0,[],CHEMBL691873,Inhibition of human endothelial cell growth stimulate by endothelial growth factor,F,,,BAO_0000190,BAO_0000219,cell-based format,COc1cc2c(Nc3cc(O)c(C)cc3F)ncnc2cc1OCC1CCN(C)CC1.Cl,,,CHEMBL1135889,J Med Chem,2002.0,,CHEMBL1202473,,CHEMBL24625,6.7,0.0,http://www.openphacts.org/units/Nanomolar,35657.0,=,1.0,1.0,=,,IC50,nM,,200.0,CHEMBL203,Homo sapiens,Epidermal growth factor receptor,9606.0,,,IC50,uM,UO_0000065,,0.2,6.698970004336019,1.0,475.3620000000004,5.052100000000005,2,6,68.3,7,4,3,c1ccc(Nc2ncnc3cc(OCC4CCNCC4)ccc23)cc1,False,True,False,False
,,338676.0,[],CHEMBL677388,Inhibition of epidermal growth factor receptor kinase activity at a concentration of 2 uM of ATP,B,,,BAO_0000190,BAO_0000357,single protein format,COc1cc2c(Nc3ccc(Cl)cc3F)ncnc2cc1OCCC1CCN(C)CC1,,,CHEMBL1135889,J Med Chem,2002.0,"{'bei': '14.66', 'le': '0.29', 'lle': '1.23', 'sei': '10.96'}",CHEMBL25425,,CHEMBL25425,6.52,0.0,http://www.openphacts.org/units/Nanomolar,35676.0,=,1.0,1.0,=,,IC50,nM,,300.0,CHEMBL203,Homo sapiens,Epidermal growth factor receptor,9606.0,,,IC50,uM,UO_0000065,,0.3,6.522878745280337,1.0,475.3620000000004,5.052100000000005,2,6,68.3,7,4,3,c1ccc(Nc2ncnc3cc(OCCC4CCNCC4)ccc23)cc1,False,True,False,False
,,338678.0,[],CHEMBL691873,Inhibition of human endothelial cell growth stimulate by endothelial growth factor,F,,,BAO_0000190,BAO_0000219,cell-based format,COc1cc2c(Nc3ccc(Cl)cc3F)ncnc2cc1OCCC1CCN(C)CC1,,,CHEMBL1135889,J Med Chem,2002.0,,CHEMBL25425,,CHEMBL25425,6.7,0.0,http://www.openphacts.org/units/Nanomolar,35676.0,=,1.0,1.0,=,,IC50,nM,,200.0,CHEMBL203,Homo sapiens,Epidermal growth factor receptor,9606.0,,,IC50,uM,UO_0000065,,0.2,6.698970004336019,1.0,702.664,2.2730000000000024,2,4,74.54,15,4,4,c1ccc(Nc2ncnc3cc(OCCC4CCNCC4)ccc23)cc1,False,True,False,False
,,339747.0,[],CHEMBL679946,Concentration required to inhibit phosphorylation of isolated human epidermal growth factor tyrosine kinase receptor by 50%,B,,,BAO_0000190,BAO_0000357,single protein format,COc1ccc(-c2cnc3cc(OC)c(OC)cc3c2)cc1F,,,CHEMBL1127568,J Med Chem,1994.0,,CHEMBL67436,,CHEMBL67436,,0.0,http://www.openphacts.org/units/Nanomolar,117771.0,>,1.0,1.0,>,,IC50,nM,,20000.0,CHEMBL203,Homo sapiens,Epidermal growth factor receptor,9606.0,,,IC50,uM,UO_0000065,,20.0,4.698970004336019,0.0,296.326,3.3226000000000013,0,5,53.47,4,3,3,c1ccc(-c2cnc3ccccc3c2)cc1,False,False,False,False
,,340143.0,[],CHEMBL676067,Inhibitory activity against epidermal growth factor receptor (EGFR),B,,,BAO_0000190,BAO_0000357,single protein format,N#C/C(=C\c1ccc(O)c(O)c1)C(=O)c1ccc(F)cc1,,,CHEMBL1136802,J Med Chem,2003.0,"{'bei': '18.68', 'le': '0.34', 'lle': '2.26', 'sei': '6.51'}",CHEMBL55204,,CHEMBL55204,5.29,1.0,http://www.openphacts.org/units/Nanomolar,275731.0,=,1.0,1.0,=,,IC50,nM,,5128.61,CHEMBL203,Homo sapiens,Epidermal growth factor receptor,9606.0,,,pIC50,,UO_0000065,,5.29,5.290000325166601,0.0,308.3810000000001,3.985000000000003,0,4,34.59,4,3,3,O=C(C=Cc1ccccc1)c1ccccc1,False,False,False,False
,,340148.0,[],CHEMBL677388,Inhibition of epidermal growth factor receptor kinase activity at a concentration of 2 uM of ATP,B,,,BAO_0000190,BAO_0000357,single protein format,COCCOc1cc2ncnc(Nc3ccc(Cl)cc3F)c2cc1OC,,,CHEMBL1135889,J Med Chem,2002.0,"{'bei': '18.53', 'le': '0.37', 'lle': '2.80', 'sei': '10.69'}",CHEMBL286160,,CHEMBL286160,7.0,0.0,http://www.openphacts.org/units/Nanomolar,35655.0,=,1.0,1.0,=,,IC50,nM,,100.0,CHEMBL203,Homo sapiens,Epidermal growth factor receptor,9606.0,,,IC50,uM,UO_0000065,,0.1,7.0,1.0,321.376,4.431000000000004,0,4,40.58,5,3,3,c1ccc(Nc2ncnc3ccccc23)cc1,False,True,False,False
,,340150.0,[],CHEMBL691873,Inhibition of human endothelial cell growth stimulate by endothelial growth factor,F,,,BAO_0000190,BAO_0000219,cell-based format,COCCOc1cc2ncnc(Nc3ccc(Cl)cc3F)c2cc1OC,,,CHEMBL1135889,J Med Chem,2002.0,,CHEMBL286160,,CHEMBL286160,7.0,0.0,http://www.openphacts.org/units/Nanomolar,35655.0,=,1.0,1.0,=,,IC50,nM,,100.0,CHEMBL203,Homo sapiens,Epidermal growth factor receptor,9606.0,,,IC50,uM,UO_0000065,,0.1,7.0,1.0,341.41000000000014,5.586000000000005,0,3,31.35,4,4,4,c1ccc(Nc2ncnc3ccccc23)cc1,False,True,False,False
,,340163.0,[],CHEMBL677388,Inhibition of epidermal growth factor receptor kinase activity at a concentration of 2 uM of ATP,B,,,BAO_0000190,BAO_0000357,single protein format,COc1cc2c(Nc3cc(O)c(Cl)cc3F)ncnc2cc1OCC1CCN(C)CC1.Cl,,,CHEMBL1135889,J Med Chem,2002.0,"{'bei': '15.66', 'le': '0.31', 'lle': '2.40', 'sei': '8.78'}",CHEMBL2448066,,CHEMBL24409,7.0,0.0,http://www.openphacts.org/units/Nanomolar,35683.0,=,1.0,1.0,=,,IC50,nM,,100.0,CHEMBL203,Homo sapiens,Epidermal growth factor receptor,9606.0,,,IC50,uM,UO_0000065,,0.1,7.0,1.0,334.2020000000001,5.225800000000002,0,3,31.35,3,3,3,c1ccc(Nc2ncnc3cc(OCC4CCNCC4)ccc23)cc1,False,True,False,False
,,340165.0,[],CHEMBL691873,Inhibition of human endothelial cell growth stimulate by endothelial growth factor,F,,,BAO_0000190,BAO_0000219,cell-based format,COc1cc2c(Nc3cc(O)c(Cl)cc3F)ncnc2cc1OCC1CCN(C)CC1.Cl,,,CHEMBL1135889,J Med Chem,2002.0,,CHEMBL2448066,,CHEMBL24409,7.16,0.0,http://www.openphacts.org/units/Nanomolar,35683.0,=,1.0,1.0,=,,IC50,nM,,70.0,CHEMBL203,Homo sapiens,Epidermal growth factor receptor,9606.0,,,IC50,uM,UO_0000065,,0.07,7.154901959985743,1.0,211.289,3.963300000000002,0,2,12.89,1,3,3,c1ccc(Nc2ncnc3cc(OCC4CCNCC4)ccc23)cc1,False,True,False,False
,,340430.0,[],CHEMBL677206,Inhibition of epidermal growth factor receptor (EGFr),B,,,BAO_0000190,BAO_0000357,single protein format,N[C@H](Cc1c([Se][Se]c2[nH]c3ccccc3c2C[C@H](N)C(=O)NCc2ccccc2)[nH]c2ccccc12)C(=O)NCc1ccccc1,,,CHEMBL1129933,J Med Chem,1997.0,"{'bei': '7.93', 'le': None, 'lle': None, 'sei': None}",CHEMBL336409,,CHEMBL336409,5.89,0.0,http://www.openphacts.org/units/Nanomolar,259292.0,=,1.0,1.0,=,,IC50,nM,,1300.0,CHEMBL203,Homo sapiens,Epidermal growth factor receptor,9606.0,,,IC50,uM,UO_0000065,,1.3,5.886056647693163,0.0,299.713,3.541080000000001,2,4,81.32,3,2,2,O=C(CCc1c([Se][Se]c2[nH]c3ccccc3c2CCC(=O)NCc2ccccc2)[nH]c2ccccc12)NCc1ccccc1,False,False,False,False
,,341113.0,[],CHEMBL679946,Concentration required to inhibit phosphorylation of isolated human epidermal growth factor tyrosine kinase receptor by 50%,B,,,BAO_0000190,BAO_0000357,single protein format,COc1cc2cc(-c3c[nH]c4ccccc34)cnc2cc1OC,,,CHEMBL1127568,J Med Chem,1994.0,,CHEMBL302545,,CHEMBL302545,,0.0,http://www.openphacts.org/units/Nanomolar,117791.0,>,1.0,1.0,>,,IC50,nM,,20000.0,CHEMBL203,Homo sapiens,Epidermal growth factor receptor,9606.0,,,IC50,uM,UO_0000065,,20.0,4.698970004336019,0.0,397.4810000000001,3.695080000000002,2,7,109.23,6,3,3,c1ccc2ncc(-c3c[nH]c4ccccc34)cc2c1,False,False,False,False
,,341376.0,[],CHEMBL676067,Inhibitory activity against epidermal growth factor receptor (EGFR),B,,,BAO_0000190,BAO_0000357,single protein format,COc1ccc(NC(=O)/C(C#N)=C/c2ccc(O)c(O)c2)c(OC)c1,,,CHEMBL1136802,J Med Chem,2003.0,"{'bei': '13.52', 'le': '0.25', 'lle': '1.94', 'sei': '4.11'}",CHEMBL57251,,CHEMBL57251,4.6,0.0,http://www.openphacts.org/units/Nanomolar,275695.0,=,1.0,1.0,=,,IC50,nM,,25118.86,CHEMBL203,Homo sapiens,Epidermal growth factor receptor,9606.0,,,pIC50,,UO_0000065,,4.6,4.600000074606178,0.0,441.5340000000002,4.093780000000002,2,8,118.46,8,3,3,O=C(/C=C/c1ccccc1)Nc1ccccc1,False,True,False,True
,,341378.0,[],CHEMBL676067,Inhibitory activity against epidermal growth factor receptor (EGFR),B,,,BAO_0000190,BAO_0000357,single protein format,N#C/C(=C\c1ccc(O)c(O)c1)C(=O)NCc1ccccc1,,,CHEMBL1136802,J Med Chem,2003.0,"{'bei': '21.41', 'le': '0.39', 'lle': '3.98', 'sei': '6.75'}",CHEMBL56543,,CHEMBL56543,6.3,0.0,http://www.openphacts.org/units/Nanomolar,275693.0,=,1.0,1.0,=,,IC50,nM,,501.19,CHEMBL203,Homo sapiens,Epidermal growth factor receptor,9606.0,,,pIC50,,UO_0000065,,6.3,6.299997602857746,1.0,618.4940000000001,3.8548000000000022,0,4,62.46,5,4,4,O=C(C=Cc1ccccc1)NCc1ccccc1,False,False,False,True
,,342252.0,[],CHEMBL679946,Concentration required to inhibit phosphorylation of isolated human epidermal growth factor tyrosine kinase receptor by 50%,B,,,BAO_0000190,BAO_0000357,single protein format,c1ccc2ncc(-c3c[nH]c4ccccc34)cc2c1,,,CHEMBL1127568,J Med Chem,1994.0,,CHEMBL309116,,CHEMBL309116,,0.0,http://www.openphacts.org/units/Nanomolar,117753.0,>,1.0,1.0,>,,IC50,nM,,20000.0,CHEMBL203,Homo sapiens,Epidermal growth factor receptor,9606.0,,,IC50,uM,UO_0000065,,20.0,4.698970004336019,0.0,234.211,2.1602,0,5,74.49000000000001,3,2,2,c1ccc2ncc(-c3c[nH]c4ccccc34)cc2c1,False,False,False,False
,,342254.0,[],CHEMBL679946,Concentration required to inhibit phosphorylation of isolated human epidermal growth factor tyrosine kinase receptor by 50%,B,,,BAO_0000190,BAO_0000357,single protein format,COc1cc2cc(C#CC3CCCCC3)cnc2cc1OC,,,CHEMBL1127568,J Med Chem,1994.0,,CHEMBL63575,,CHEMBL63575,,0.0,http://www.openphacts.org/units/Nanomolar,117768.0,>,1.0,1.0,>,,IC50,nM,,20000.0,CHEMBL203,Homo sapiens,Epidermal growth factor receptor,9606.0,,,IC50,uM,UO_0000065,,20.0,4.698970004336019,0.0,479.3250000000003,4.801100000000004,2,6,68.3,6,4,3,C(#CC1CCCCC1)c1cnc2ccccc2c1,False,False,False,False
,,342459.0,[],CHEMBL676067,Inhibitory activity against epidermal growth factor receptor (EGFR),B,,,BAO_0000190,BAO_0000357,single protein format,N#C/C(=C\c1ccc(O)c(O)c1)C(=O)c1ccccc1,,,CHEMBL1136802,J Med Chem,2003.0,"{'bei': '18.28', 'le': '0.33', 'lle': '1.96', 'sei': '5.96'}",CHEMBL56132,,CHEMBL56132,4.85,1.0,http://www.openphacts.org/units/Nanomolar,275732.0,=,1.0,1.0,=,,IC50,nM,,14125.38,CHEMBL203,Homo sapiens,Epidermal growth factor receptor,9606.0,,,pIC50,,UO_0000065,,4.85,4.849999859991125,0.0,479.3250000000003,4.801100000000004,2,6,68.3,6,4,3,O=C(C=Cc1ccccc1)c1ccccc1,False,False,False,False
,,342461.0,[],CHEMBL676067,Inhibitory activity against epidermal growth factor receptor (EGFR),B,,,BAO_0000190,BAO_0000357,single protein format,COc1cc(C=C(C#N)C#N)cc(C)c1O,,,CHEMBL1136802,J Med Chem,2003.0,"{'bei': '18.95', 'le': '0.35', 'lle': '1.92', 'sei': '5.27'}",CHEMBL120564,,CHEMBL120564,4.06,1.0,http://www.openphacts.org/units/Nanomolar,275710.0,=,1.0,1.0,=,,IC50,nM,,87096.36,CHEMBL203,Homo sapiens,Epidermal growth factor receptor,9606.0,,,pIC50,,UO_0000065,,4.06,4.059999994991732,0.0,855.6980000000001,4.116200000000001,6,4,147.98,14,6,6,c1ccccc1,False,False,False,False
,,342469.0,[],CHEMBL677388,Inhibition of epidermal growth factor receptor kinase activity at a concentration of 2 uM of ATP,B,,,BAO_0000190,BAO_0000357,single protein format,COc1cc2c(Nc3ccc(Br)cc3F)ncnc2cc1OC/C=C/CN1CCCC1.Cl,,,CHEMBL1135889,J Med Chem,2002.0,"{'bei': '14.36', 'le': '0.31', 'lle': '1.69', 'sei': '11.76'}",CHEMBL1202478,,CHEMBL25630,7.0,0.0,http://www.openphacts.org/units/Nanomolar,35669.0,=,1.0,1.0,=,,IC50,nM,,100.0,CHEMBL203,Homo sapiens,Epidermal growth factor receptor,9606.0,,,IC50,uM,UO_0000065,,0.1,7.0,1.0,231.298,4.405200000000003,0,1,12.89,2,3,3,C(=C\CN1CCCC1)/COc1ccc2c(Nc3ccccc3)ncnc2c1,False,True,False,False
,,342471.0,[],CHEMBL691873,Inhibition of human endothelial cell growth stimulate by endothelial growth factor,F,,,BAO_0000190,BAO_0000219,cell-based format,COc1cc2c(Nc3ccc(Br)cc3F)ncnc2cc1OC/C=C/CN1CCCC1.Cl,,,CHEMBL1135889,J Med Chem,2002.0,,CHEMBL1202478,,CHEMBL25630,7.05,0.0,http://www.openphacts.org/units/Nanomolar,35669.0,=,1.0,1.0,=,,IC50,nM,,90.0,CHEMBL203,Homo sapiens,Epidermal growth factor receptor,9606.0,,,IC50,uM,UO_0000065,,0.09,7.045757490560675,1.0,271.297,2.949180000000001,2,5,81.32,3,2,2,C(=C\CN1CCCC1)/COc1ccc2c(Nc3ccccc3)ncnc2c1,False,True,False,False
,,343342.0,[],CHEMBL679946,Concentration required to inhibit phosphorylation of isolated human epidermal growth factor tyrosine kinase receptor by 50%,B,,,BAO_0000190,BAO_0000357,single protein format,Clc1cc2cc(-c3ccsc3)cnc2cc1Cl,,,CHEMBL1127568,J Med Chem,1994.0,,CHEMBL66718,,CHEMBL66718,,0.0,http://www.openphacts.org/units/Nanomolar,117748.0,>,1.0,1.0,>,,IC50,nM,,20000.0,CHEMBL203,Homo sapiens,Epidermal growth factor receptor,9606.0,,,IC50,uM,UO_0000065,,20.0,4.698970004336019,0.0,368.4140000000001,3.1136800000000027,1,6,111.18,5,2,2,c1ccc2ncc(-c3ccsc3)cc2c1,False,False,False,False
,,343638.0,[],CHEMBL676067,Inhibitory activity against epidermal growth factor receptor (EGFR),B,,,BAO_0000190,BAO_0000357,single protein format,N#C/C(=C\c1cc(O)c(O)c(CSCc2ccccc2)c1)C(N)=O,,,CHEMBL1136802,J Med Chem,2003.0,"{'bei': '18.18', 'le': '0.35', 'lle': '3.27', 'sei': '5.77'}",CHEMBL432428,,CHEMBL432428,6.19,1.0,http://www.openphacts.org/units/Nanomolar,275704.0,=,1.0,1.0,=,,IC50,nM,,645.65,CHEMBL203,Homo sapiens,Epidermal growth factor receptor,9606.0,,,pIC50,,UO_0000065,,6.19,6.190002844637807,1.0,462.95300000000026,4.677520000000005,2,7,79.74,6,4,3,c1ccc(CSCc2ccccc2)cc1,False,False,False,True
,,343640.0,[],CHEMBL676067,Inhibitory activity against epidermal growth factor receptor (EGFR),B,,,BAO_0000190,BAO_0000357,single protein format,COc1cc(/C=C(/C#N)C(N)=O)cc(CSCc2ccc(Cl)cc2)c1O,,,CHEMBL1136802,J Med Chem,2003.0,"{'bei': '12.34', 'le': '0.25', 'lle': '0.92', 'sei': '4.98'}",CHEMBL141175,,CHEMBL141175,4.8,0.0,http://www.openphacts.org/units/Nanomolar,275701.0,=,1.0,1.0,=,,IC50,nM,,15848.93,CHEMBL203,Homo sapiens,Epidermal growth factor receptor,9606.0,,,pIC50,,UO_0000065,,4.8,4.800000052738446,0.0,462.95300000000026,4.677520000000005,2,7,79.74,6,4,3,c1ccc(CSCc2ccccc2)cc1,False,False,False,True
,,344684.0,[],CHEMBL679946,Concentration required to inhibit phosphorylation of isolated human epidermal growth factor tyrosine kinase receptor by 50%,B,,,BAO_0000190,BAO_0000357,single protein format,COc1cc2cc(-c3ccc([N+](=O)[O-])cc3)cnc2cc1OC,,,CHEMBL1127568,J Med Chem,1994.0,,CHEMBL69585,,CHEMBL69585,,0.0,http://www.openphacts.org/units/Nanomolar,117728.0,>,1.0,1.0,>,,IC50,nM,,20000.0,CHEMBL203,Homo sapiens,Epidermal growth factor receptor,9606.0,,,IC50,uM,UO_0000065,,20.0,4.698970004336019,0.0,444.9380000000004,5.285200000000006,1,6,59.51,7,4,3,c1ccc(-c2cnc3ccccc3c2)cc1,False,True,False,False
,,345343.0,[],CHEMBL677206,Inhibition of epidermal growth factor receptor (EGFr),B,,,BAO_0000190,BAO_0000357,single protein format,O=C(NCc1ccccc1)[C@H](Cc1c([Se][Se]c2[nH]c3ccccc3c2C[C@@H](NC(=O)C(F)(F)F)C(=O)NCc2ccccc2)[nH]c2ccccc12)NC(=O)C(F)(F)F,,,CHEMBL1129933,J Med Chem,1997.0,"{'bei': '5.52', 'le': None, 'lle': None, 'sei': None}",CHEMBL336410,,CHEMBL336410,5.16,0.0,http://www.openphacts.org/units/Nanomolar,259294.0,=,1.0,1.0,=,,IC50,nM,,7000.0,CHEMBL203,Homo sapiens,Epidermal growth factor receptor,9606.0,,,IC50,uM,UO_0000065,,7.0,5.154901959985743,0.0,444.9380000000004,5.285200000000006,1,6,59.51,7,4,3,O=C(CCc1c([Se][Se]c2[nH]c3ccccc3c2CCC(=O)NCc2ccccc2)[nH]c2ccccc12)NCc1ccccc1,False,False,False,False
,,346047.0,[],CHEMBL674029,Inhibition of EGF-stimulated EGFR tyrosine kinase activity using plasma membrane vesicles shed from cultured human A431 carcinoma cells,F,,,BAO_0000190,BAO_0000219,cell-based format,COC(=O)CCCc1c(SSc2c(CCCC(=O)OC)c3ccccc3n2C)n(C)c2ccccc12,,,CHEMBL1127050,J Med Chem,1993.0,,CHEMBL419280,,CHEMBL419280,,0.0,http://www.openphacts.org/units/Nanomolar,146857.0,>,1.0,1.0,>,,IC50,nM,,100000.0,CHEMBL203,Homo sapiens,Epidermal growth factor receptor,9606.0,,,IC50,uM,UO_0000065,,100.0,4.0,0.0,313.32800000000003,4.066700000000003,0,4,40.58,4,3,3,c1ccc2[nH]c(SSc3cc4ccccc4[nH]3)cc2c1,False,False,False,False
,,346388.0,[],CHEMBL680028,Inhibition of autophosphorylation of cytoplasmic domain of epidermal growth factor receptor,B,,,BAO_0000190,BAO_0000357,single protein format,COc1cc2ncc(C#N)c(Nc3ccc(F)c(Cl)c3)c2cc1NC(=O)/C=C/CN1CCOCC1,,,CHEMBL1145020,J Med Chem,2003.0,"{'bei': '9.81', 'le': '0.19', 'lle': '0.39', 'sei': '4.89'}",CHEMBL113996,,CHEMBL113996,4.87,0.0,http://www.openphacts.org/units/Nanomolar,308370.0,=,1.0,1.0,=,,IC50,nM,,13570.0,CHEMBL203,Homo sapiens,Epidermal growth factor receptor,9606.0,,,IC50,uM,UO_0000065,,13.57,4.867420152340263,0.0,283.258,3.0267800000000014,2,4,81.32,3,2,2,O=C(/C=C/CN1CCOCC1)Nc1ccc2nccc(Nc3ccccc3)c2c1,False,True,False,True
,,347377.0,[],CHEMBL674029,Inhibition of EGF-stimulated EGFR tyrosine kinase activity using plasma membrane vesicles shed from cultured human A431 carcinoma cells,F,,,BAO_0000190,BAO_0000219,cell-based format,COC(=O)CC1C(=S)N(C)c2ccccc21,,,CHEMBL1127050,J Med Chem,1993.0,,CHEMBL80001,,CHEMBL80001,,0.0,http://www.openphacts.org/units/Nanomolar,146845.0,>,1.0,1.0,>,,IC50,nM,,100000.0,CHEMBL203,Homo sapiens,Epidermal growth factor receptor,9606.0,,,IC50,uM,UO_0000065,,100.0,4.0,0.0,377.80300000000017,4.199700000000004,1,6,65.5,7,3,3,S=C1Cc2ccccc2N1,False,True,False,False
,,347654.0,[],CHEMBL680028,Inhibition of autophosphorylation of cytoplasmic domain of epidermal growth factor receptor,B,,,BAO_0000190,BAO_0000357,single protein format,CCOc1cc2ncc(C#N)c(Nc3ccc(F)c(Cl)c3)c2cc1NC(=O)/C=C/CN(C)C,,,CHEMBL1145020,J Med Chem,2003.0,"{'bei': '15.17', 'le': '0.29', 'lle': '2.00', 'sei': '7.86'}",CHEMBL607707,PELITINIB,CHEMBL607707,7.1,1.0,http://www.openphacts.org/units/Nanomolar,308351.0,=,1.0,1.0,=,,IC50,nM,,80.0,CHEMBL203,Homo sapiens,Epidermal growth factor receptor,9606.0,,,IC50,uM,UO_0000065,,0.08,7.096910013008056,1.0,377.80300000000017,4.199700000000004,1,6,65.5,7,3,3,c1ccc(Nc2ccnc3ccccc23)cc1,False,True,False,True
,,347659.0,[],CHEMBL680028,Inhibition of autophosphorylation of cytoplasmic domain of epidermal growth factor receptor,B,,,BAO_0000190,BAO_0000357,single protein format,CCN(CC)C(C)/C=C/C(=O)Nc1cc2c(Nc3ccc(F)c(Cl)c3)c(C#N)cnc2cc1OC,,,CHEMBL1145020,J Med Chem,2003.0,"{'bei': '10.72', 'le': '0.21', 'lle': '-0.56', 'sei': '5.89'}",CHEMBL325156,,CHEMBL325156,5.32,0.0,http://www.openphacts.org/units/Nanomolar,308367.0,=,1.0,1.0,=,,IC50,nM,,4840.0,CHEMBL203,Homo sapiens,Epidermal growth factor receptor,9606.0,,,IC50,uM,UO_0000065,,4.84,5.315154638355588,0.0,483.37100000000027,5.022500000000004,2,7,79.74,6,4,3,c1ccc(Nc2ccnc3ccccc23)cc1,False,True,False,True
,,348082.0,[],CHEMBL677387,Inhibition of phosphorylation of polyglutamic acid/tyrosine random copolymer by epidermal growth factor receptor.,B,,,BAO_0000190,BAO_0000357,single protein format,Brc1cccc(Nc2ncnc3cc(NCCCCN4CCOCC4)ncc23)c1,,,CHEMBL1130246,J Med Chem,1997.0,"{'bei': '18.08', 'le': '0.39', 'lle': '4.21', 'sei': '10.99'}",CHEMBL126384,,CHEMBL126384,8.27,0.0,http://www.openphacts.org/units/Nanomolar,243813.0,=,1.0,1.0,=,,IC50,nM,,5.4,CHEMBL203,Homo sapiens,Epidermal growth factor receptor,9606.0,,,IC50,nM,UO_0000065,,5.4,8.267606240177031,1.0,483.37100000000027,5.022500000000004,2,7,79.74,6,4,3,c1ccc(Nc2ncnc3cc(NCCCCN4CCOCC4)ncc23)cc1,False,True,False,False
,,348083.0,[],CHEMBL677387,Inhibition of phosphorylation of polyglutamic acid/tyrosine random copolymer by epidermal growth factor receptor.,B,,,BAO_0000190,BAO_0000357,single protein format,Cc1cccc(Nc2ncnc3cc(NCCCN4CCOCC4)ncc23)c1,,,CHEMBL1130246,J Med Chem,1997.0,"{'bei': '21.22', 'le': '0.39', 'lle': '4.82', 'sei': '10.68'}",CHEMBL129509,,CHEMBL129509,8.03,0.0,http://www.openphacts.org/units/Nanomolar,243820.0,=,1.0,1.0,=,,IC50,nM,,9.3,CHEMBL203,Homo sapiens,Epidermal growth factor receptor,9606.0,,,IC50,nM,UO_0000065,,9.3,8.031517051446064,1.0,742.6440000000001,2.295800000000005,6,4,141.82,13,6,6,c1ccc(Nc2ncnc3cc(NCCCN4CCOCC4)ncc23)cc1,False,True,False,False
,,348688.0,[],CHEMBL674029,Inhibition of EGF-stimulated EGFR tyrosine kinase activity using plasma membrane vesicles shed from cultured human A431 carcinoma cells,F,,,BAO_0000190,BAO_0000219,cell-based format,CN1C(=S)C(CCCC(=O)O)c2ccccc21,,,CHEMBL1127050,J Med Chem,1993.0,,CHEMBL83390,,CHEMBL83390,,0.0,http://www.openphacts.org/units/Nanomolar,146869.0,>,1.0,1.0,>,,IC50,nM,,100000.0,CHEMBL203,Homo sapiens,Epidermal growth factor receptor,9606.0,,,IC50,uM,UO_0000065,,100.0,4.0,0.0,304.34900000000005,4.400300000000003,1,3,47.14,3,4,4,S=C1Cc2ccccc2N1,False,True,False,False
,,348689.0,[],CHEMBL674029,Inhibition of EGF-stimulated EGFR tyrosine kinase activity using plasma membrane vesicles shed from cultured human A431 carcinoma cells,F,,,BAO_0000190,BAO_0000219,cell-based format,COC(=O)CCCC1C(=S)N(C)c2ccccc21,,,CHEMBL1127050,J Med Chem,1993.0,,CHEMBL84512,,CHEMBL84512,,0.0,http://www.openphacts.org/units/Nanomolar,146867.0,>,1.0,1.0,>,,IC50,nM,,100000.0,CHEMBL203,Homo sapiens,Epidermal growth factor receptor,9606.0,,,IC50,uM,UO_0000065,,100.0,4.0,0.0,340.3350000000001,2.660680000000001,3,6,111.81,5,2,2,S=C1Cc2ccccc2N1,False,True,False,False
,,350016.0,[],CHEMBL674029,Inhibition of EGF-stimulated EGFR tyrosine kinase activity using plasma membrane vesicles shed from cultured human A431 carcinoma cells,F,,,BAO_0000190,BAO_0000219,cell-based format,COC(=O)CCc1c(SSc2c(CCC(=O)OC)c3ccccc3n2C)n(C)c2ccccc12,,,CHEMBL1127050,J Med Chem,1993.0,,CHEMBL314029,,CHEMBL314029,,0.0,http://www.openphacts.org/units/Nanomolar,146864.0,>,1.0,1.0,>,,IC50,nM,,100000.0,CHEMBL203,Homo sapiens,Epidermal growth factor receptor,9606.0,,,IC50,uM,UO_0000065,,100.0,4.0,0.0,294.31,2.32118,3,4,93.35,4,2,2,c1ccc2[nH]c(SSc3cc4ccccc4[nH]3)cc2c1,False,False,False,False
,,350018.0,[],CHEMBL674029,Inhibition of EGF-stimulated EGFR tyrosine kinase activity using plasma membrane vesicles shed from cultured human A431 carcinoma cells,F,,,BAO_0000190,BAO_0000219,cell-based format,COC(=O)CCCc1c(SSc2[nH]c3ccccc3c2CCCC(=O)OC)[nH]c2ccccc12,,,CHEMBL1127050,J Med Chem,1993.0,,CHEMBL420400,,CHEMBL420400,,0.0,http://www.openphacts.org/units/Nanomolar,146858.0,>,1.0,1.0,>,,IC50,nM,,100000.0,CHEMBL203,Homo sapiens,Epidermal growth factor receptor,9606.0,,,IC50,uM,UO_0000065,,100.0,4.0,0.0,244.297,4.3831000000000016,1,1,28.68,1,4,4,c1ccc2[nH]c(SSc3cc4ccccc4[nH]3)cc2c1,False,False,False,False
,,351746.0,[],CHEMBL680028,Inhibition of autophosphorylation of cytoplasmic domain of epidermal growth factor receptor,B,,,BAO_0000190,BAO_0000357,single protein format,COCC#CC(=O)Nc1ccc2ncc(C#N)c(Nc3cccc(Br)c3)c2c1,,,CHEMBL1145020,J Med Chem,2003.0,"{'bei': '13.82', 'le': '0.29', 'lle': '1.82', 'sei': '6.91'}",CHEMBL114593,,CHEMBL114593,6.02,0.0,http://www.openphacts.org/units/Nanomolar,308352.0,=,1.0,1.0,=,,IC50,nM,,960.0,CHEMBL203,Homo sapiens,Epidermal growth factor receptor,9606.0,,,IC50,uM,UO_0000065,,0.96,6.017728766960431,1.0,295.382,4.183800000000003,0,3,31.35,2,3,2,c1ccc(Nc2ccnc3ccccc23)cc1,False,True,False,False
,,352154.0,[],CHEMBL677387,Inhibition of phosphorylation of polyglutamic acid/tyrosine random copolymer by epidermal growth factor receptor.,B,,,BAO_0000190,BAO_0000357,single protein format,CN(C)CCN(C)c1cc2ncnc(Nc3cccc(Br)c3)c2cn1,,,CHEMBL1130246,J Med Chem,1997.0,"{'bei': '18.43', 'le': '0.40', 'lle': '3.87', 'sei': '12.94'}",CHEMBL126137,,CHEMBL126137,7.4,0.0,http://www.openphacts.org/units/Nanomolar,243828.0,=,1.0,1.0,=,,IC50,nM,,40.0,CHEMBL203,Homo sapiens,Epidermal growth factor receptor,9606.0,,,IC50,nM,UO_0000065,,40.0,7.397940008672037,1.0,265.268,2.8876800000000014,2,4,81.32,3,2,2,c1ccc(Nc2ncnc3ccncc23)cc1,False,True,False,False
,,352155.0,[],CHEMBL677387,Inhibition of phosphorylation of polyglutamic acid/tyrosine random copolymer by epidermal growth factor receptor.,B,,,BAO_0000190,BAO_0000357,single protein format,Brc1cccc(Nc2ncnc3cc(NCCN4CCOCC4)ncc23)c1,,,CHEMBL1130246,J Med Chem,1997.0,"{'bei': '19.79', 'le': '0.43', 'lle': '5.21', 'sei': '11.30'}",CHEMBL128987,,CHEMBL128987,8.49,0.0,http://www.openphacts.org/units/Nanomolar,243815.0,=,1.0,1.0,=,,IC50,nM,,3.2,CHEMBL203,Homo sapiens,Epidermal growth factor receptor,9606.0,,,IC50,nM,UO_0000065,,3.2,8.494850021680094,1.0,214.224,2.1397800000000005,1,4,77.03999999999999,2,1,1,c1ccc(Nc2ncnc3cc(NCCN4CCOCC4)ncc23)cc1,False,True,False,False
,,352156.0,[],CHEMBL673451,Inhibition of epidermal growth factor receptor (EGFR) autophosphorylation in A431 cells,B,,,BAO_0000190,BAO_0000219,cell-based format,Brc1cccc(Nc2ncnc3cc(NCCN4CCOCC4)ncc23)c1,,,CHEMBL1130246,J Med Chem,1997.0,"{'bei': '17.34', 'le': '0.38', 'lle': '4.16', 'sei': '9.90'}",CHEMBL128987,,CHEMBL128987,7.44,0.0,http://www.openphacts.org/units/Nanomolar,243815.0,=,1.0,1.0,=,,IC50,nM,,36.0,CHEMBL203,Homo sapiens,Epidermal growth factor receptor,9606.0,,,IC50,nM,UO_0000065,,36.0,7.443697499232712,1.0,523.8340000000004,5.7362000000000055,1,6,59.51,8,4,3,c1ccc(Nc2ncnc3cc(NCCN4CCOCC4)ncc23)cc1,False,True,False,False
,,352157.0,[],CHEMBL677387,Inhibition of phosphorylation of polyglutamic acid/tyrosine random copolymer by epidermal growth factor receptor.,B,,,BAO_0000190,BAO_0000357,single protein format,OCCN(CCO)CCNc1cc2ncnc(Nc3cccc(Br)c3)c2cn1,,,CHEMBL1130246,J Med Chem,1997.0,"{'bei': '17.96', 'le': '0.39', 'lle': '5.81', 'sei': '7.55'}",CHEMBL435993,,CHEMBL435993,8.04,0.0,http://www.openphacts.org/units/Nanomolar,243810.0,=,1.0,1.0,=,,IC50,nM,,9.2,CHEMBL203,Homo sapiens,Epidermal growth factor receptor,9606.0,,,IC50,nM,UO_0000065,,9.2,8.036212172654444,1.0,523.8340000000004,5.7362000000000055,1,6,59.51,8,4,3,c1ccc(Nc2ncnc3ccncc23)cc1,False,True,False,False
,,352158.0,[],CHEMBL677386,Inhibition of epidermal growth factor receptor (EGFR) from human A431 carcinoma cells,B,,,BAO_0000190,BAO_0000219,cell-based format,Cc1cccc(Nc2ncnc3cc(NCCCn4ccnc4)ncc23)c1,,,CHEMBL1130246,J Med Chem,1997.0,"{'bei': '23.53', 'le': '0.43', 'lle': '4.68', 'sei': '10.50'}",CHEMBL340898,,CHEMBL340898,8.46,0.0,http://www.openphacts.org/units/Nanomolar,243827.0,=,1.0,1.0,=,,IC50,nM,,3.5,CHEMBL203,Homo sapiens,Epidermal growth factor receptor,9606.0,,,IC50,nM,UO_0000065,,3.5,8.455931955649724,1.0,280.179,5.270100000000002,0,2,12.89,1,3,3,c1ccc(Nc2ncnc3cc(NCCCn4ccnc4)ncc23)cc1,False,True,False,False
,,352160.0,[],CHEMBL677387,Inhibition of phosphorylation of polyglutamic acid/tyrosine random copolymer by epidermal growth factor receptor.,B,,,BAO_0000190,BAO_0000357,single protein format,Cc1cccc(Nc2ncnc3cc(NCCCCN(C)C)ncc23)c1,,,CHEMBL1130246,J Med Chem,1997.0,"{'bei': '23.59', 'le': '0.43', 'lle': '4.44', 'sei': '12.53'}",CHEMBL338215,,CHEMBL338215,8.27,0.0,http://www.openphacts.org/units/Nanomolar,243821.0,=,1.0,1.0,=,,IC50,nM,,5.4,CHEMBL203,Homo sapiens,Epidermal growth factor receptor,9606.0,,,IC50,nM,UO_0000065,,5.4,8.267606240177031,1.0,340.40400000000005,2.9234800000000014,3,5,107.34,6,2,2,c1ccc(Nc2ncnc3ccncc23)cc1,False,True,False,False
,,352831.0,[],CHEMBL674029,Inhibition of EGF-stimulated EGFR tyrosine kinase activity using plasma membrane vesicles shed from cultured human A431 carcinoma cells,F,,,BAO_0000190,BAO_0000219,cell-based format,CN1C(=S)C(CCC(=O)O)c2ccccc21,,,CHEMBL1127050,J Med Chem,1993.0,,CHEMBL309765,,CHEMBL309765,5.17,0.0,http://www.openphacts.org/units/Nanomolar,146846.0,=,1.0,1.0,=,,IC50,nM,,6700.0,CHEMBL203,Homo sapiens,Epidermal growth factor receptor,9606.0,,,IC50,uM,UO_0000065,,6.7,5.173925197299173,0.0,388.8760000000001,3.879880000000003,2,5,96.34,7,2,2,S=C1Cc2ccccc2N1,False,True,False,False
,,352832.0,[],CHEMBL674029,Inhibition of EGF-stimulated EGFR tyrosine kinase activity using plasma membrane vesicles shed from cultured human A431 carcinoma cells,F,,,BAO_0000190,BAO_0000219,cell-based format,COC(=O)CCC1C(S)=Nc2ccccc21,,,CHEMBL1127050,J Med Chem,1993.0,,CHEMBL309716,,CHEMBL309716,,0.0,http://www.openphacts.org/units/Nanomolar,146872.0,>,1.0,1.0,>,,IC50,nM,,100000.0,CHEMBL203,Homo sapiens,Epidermal growth factor receptor,9606.0,,,IC50,uM,UO_0000065,,100.0,4.0,0.0,310.3090000000001,3.827200000000003,0,5,74.49000000000001,4,3,3,C1=Nc2ccccc2C1,False,True,False,False
,,352834.0,[],CHEMBL674029,Inhibition of EGF-stimulated EGFR tyrosine kinase activity using plasma membrane vesicles shed from cultured human A431 carcinoma cells,F,,,BAO_0000190,BAO_0000219,cell-based format,COC(=O)Cc1c(Sc2c(CC(=O)OC)c3ccccc3n2C)n(C)c2ccccc12,,,CHEMBL1127050,J Med Chem,1993.0,,CHEMBL311811,,CHEMBL311811,,0.0,http://www.openphacts.org/units/Nanomolar,146850.0,>,1.0,1.0,>,,IC50,nM,,100000.0,CHEMBL203,Homo sapiens,Epidermal growth factor receptor,9606.0,,,IC50,uM,UO_0000065,,100.0,4.0,0.0,934.658,3.735400000000001,6,4,147.98,15,6,6,c1ccc2[nH]c(Sc3cc4ccccc4[nH]3)cc2c1,False,False,False,False
,,353187.0,[],CHEMBL680028,Inhibition of autophosphorylation of cytoplasmic domain of epidermal growth factor receptor,B,,,BAO_0000190,BAO_0000357,single protein format,COc1cc(NC(=O)/C=C/CN(C)C)cc2c(Nc3cccc(Br)c3)c(C#N)cnc12,,,CHEMBL1145020,J Med Chem,2003.0,"{'bei': '11.53', 'le': '0.24', 'lle': '0.86', 'sei': '6.14'}",CHEMBL116857,,CHEMBL116857,5.54,0.0,http://www.openphacts.org/units/Nanomolar,308384.0,=,1.0,1.0,=,,IC50,nM,,2880.0,CHEMBL203,Homo sapiens,Epidermal growth factor receptor,9606.0,,,IC50,uM,UO_0000065,,2.88,5.540607512240769,0.0,524.7080000000002,6.460800000000006,0,6,62.46000000000001,11,4,4,c1ccc(Nc2ccnc3ccccc23)cc1,False,True,False,True
,,353631.0,[],CHEMBL677387,Inhibition of phosphorylation of polyglutamic acid/tyrosine random copolymer by epidermal growth factor receptor.,B,,,BAO_0000190,BAO_0000357,single protein format,CN1CCN(CCCNc2cc3ncnc(Nc4cccc(Br)c4)c3cn2)CC1,,,CHEMBL1130246,J Med Chem,1997.0,"{'bei': '18.21', 'le': '0.39', 'lle': '4.73', 'sei': '12.01'}",CHEMBL340484,,CHEMBL340484,8.31,0.0,http://www.openphacts.org/units/Nanomolar,243811.0,=,1.0,1.0,=,,IC50,nM,,4.9,CHEMBL203,Homo sapiens,Epidermal growth factor receptor,9606.0,,,IC50,nM,UO_0000065,,4.9,8.309803919971486,1.0,495.9420000000004,4.478080000000003,2,7,99.51,7,4,3,c1ccc(Nc2ncnc3cc(NCCCN4CCNCC4)ncc23)cc1,False,True,False,False
,,353632.0,[],CHEMBL677387,Inhibition of phosphorylation of polyglutamic acid/tyrosine random copolymer by epidermal growth factor receptor.,B,,,BAO_0000190,BAO_0000357,single protein format,OCCN(CCO)CCCNc1cc2ncnc(Nc3cccc(Br)c3)c2cn1,,,CHEMBL1130246,J Med Chem,1997.0,"{'bei': '19.34', 'le': '0.42', 'lle': '6.30', 'sei': '8.38'}",CHEMBL127058,,CHEMBL127058,8.92,0.0,http://www.openphacts.org/units/Nanomolar,243809.0,=,1.0,1.0,=,,IC50,nM,,1.2,CHEMBL203,Homo sapiens,Epidermal growth factor receptor,9606.0,,,IC50,nM,UO_0000065,,1.2,8.920818753952375,1.0,235.308,2.1105,0,3,29.54,2,2,1,c1ccc(Nc2ncnc3ccncc23)cc1,False,True,False,False
,,353633.0,[],CHEMBL677387,Inhibition of phosphorylation of polyglutamic acid/tyrosine random copolymer by epidermal growth factor receptor.,B,,,BAO_0000190,BAO_0000357,single protein format,O=S(=O)(O)CCNc1cc2ncnc(Nc3cccc(Br)c3)c2cn1,,,CHEMBL1130246,J Med Chem,1997.0,"{'bei': '20.87', 'le': '0.48', 'lle': '6.02', 'sei': '7.56'}",CHEMBL128467,,CHEMBL128467,8.85,0.0,http://www.openphacts.org/units/Nanomolar,243823.0,=,1.0,1.0,=,,IC50,nM,,1.4,CHEMBL203,Homo sapiens,Epidermal growth factor receptor,9606.0,,,IC50,nM,UO_0000065,,1.4,8.853871964321762,1.0,467.9320000000002,5.097580000000004,2,6,90.28,8,3,3,c1ccc(Nc2ncnc3ccncc23)cc1,False,True,False,False
,,353634.0,[],CHEMBL673451,Inhibition of epidermal growth factor receptor (EGFR) autophosphorylation in A431 cells,B,,,BAO_0000190,BAO_0000219,cell-based format,O=S(=O)(O)CCNc1cc2ncnc(Nc3cccc(Br)c3)c2cn1,,,CHEMBL1130246,J Med Chem,1997.0,,CHEMBL128467,,CHEMBL128467,,0.0,http://www.openphacts.org/units/Nanomolar,243823.0,>,1.0,1.0,>,,IC50,nM,,1000.0,CHEMBL203,Homo sapiens,Epidermal growth factor receptor,9606.0,,,IC50,nM,UO_0000065,,1000.0,6.0,1.0,495.98600000000016,5.876180000000006,2,6,90.28,9,3,3,c1ccc(Nc2ncnc3ccncc23)cc1,False,True,False,False
,,354789.0,[],CHEMBL680028,Inhibition of autophosphorylation of cytoplasmic domain of epidermal growth factor receptor,B,,,BAO_0000190,BAO_0000357,single protein format,COCC#CC(=O)Nc1cc2c(Nc3cccc(Br)c3)c(C#N)cnc2cc1OC,,,CHEMBL1145020,J Med Chem,2003.0,"{'bei': '13.11', 'le': '0.28', 'lle': '1.89', 'sei': '6.34'}",CHEMBL326280,,CHEMBL326280,6.1,0.0,http://www.openphacts.org/units/Nanomolar,308357.0,=,1.0,1.0,=,,IC50,nM,,790.0,CHEMBL203,Homo sapiens,Epidermal growth factor receptor,9606.0,,,IC50,uM,UO_0000065,,0.79,6.102372908709558,1.0,457.3760000000004,4.055200000000002,2,7,75.2,8,4,3,c1ccc(Nc2ccnc3ccccc23)cc1,False,True,False,False
,,354794.0,[],CHEMBL680028,Inhibition of autophosphorylation of cytoplasmic domain of epidermal growth factor receptor,B,,,BAO_0000190,BAO_0000357,single protein format,C=C(CN(C)C)C(=O)Nc1cc2c(Nc3ccc(F)c(Cl)c3)c(C#N)cnc2cc1OCC,,,CHEMBL1145020,J Med Chem,2003.0,"{'bei': '13.36', 'le': '0.26', 'lle': '1.15', 'sei': '6.92'}",CHEMBL117326,,CHEMBL117326,6.25,0.0,http://www.openphacts.org/units/Nanomolar,308377.0,=,1.0,1.0,=,,IC50,nM,,560.0,CHEMBL203,Homo sapiens,Epidermal growth factor receptor,9606.0,,,IC50,uM,UO_0000065,,0.56,6.251811972993799,1.0,378.48000000000025,3.2110200000000013,2,7,75.2,7,4,3,c1ccc(Nc2ccnc3ccccc23)cc1,False,True,False,True
,,355097.0,[],CHEMBL677387,Inhibition of phosphorylation of polyglutamic acid/tyrosine random copolymer by epidermal growth factor receptor.,B,,,BAO_0000190,BAO_0000357,single protein format,CN(CC(O)CO)c1cc2ncnc(Nc3cccc(Br)c3)c2cn1,,,CHEMBL1130246,J Med Chem,1997.0,"{'bei': '21.01', 'le': '0.46', 'lle': '6.17', 'sei': '9.00'}",CHEMBL340700,,CHEMBL340700,8.49,0.0,http://www.openphacts.org/units/Nanomolar,243836.0,=,1.0,1.0,=,,IC50,nM,,3.2,CHEMBL203,Homo sapiens,Epidermal growth factor receptor,9606.0,,,IC50,nM,UO_0000065,,3.2,8.494850021680094,1.0,249.335,2.8023000000000007,1,2,40.540000000000006,4,2,1,c1ccc(Nc2ncnc3ccncc23)cc1,False,True,False,False
,,355098.0,[],CHEMBL677386,Inhibition of epidermal growth factor receptor (EGFR) from human A431 carcinoma cells,B,,,BAO_0000190,BAO_0000219,cell-based format,Brc1cccc(Nc2ncnc3cc(NCCc4c[nH]cn4)ncc23)c1,,,CHEMBL1130246,J Med Chem,1997.0,"{'bei': '22.04', 'le': '0.47', 'lle': '5.13', 'sei': '9.89'}",CHEMBL338114,,CHEMBL338114,9.04,0.0,http://www.openphacts.org/units/Nanomolar,243807.0,=,1.0,1.0,=,,IC50,nM,,0.91,CHEMBL203,Homo sapiens,Epidermal growth factor receptor,9606.0,,,IC50,nM,UO_0000065,,0.91,9.040958607678906,1.0,263.362,2.8907000000000016,0,3,29.54,4,2,1,c1ccc(Nc2ncnc3cc(NCCc4c[nH]cn4)ncc23)cc1,False,True,False,False
,,355813.0,[],CHEMBL674029,Inhibition of EGF-stimulated EGFR tyrosine kinase activity using plasma membrane vesicles shed from cultured human A431 carcinoma cells,F,,,BAO_0000190,BAO_0000219,cell-based format,COC(=O)CCCC1C(S)=Nc2ccccc21,,,CHEMBL1127050,J Med Chem,1993.0,,CHEMBL312402,,CHEMBL312402,,0.0,http://www.openphacts.org/units/Nanomolar,146868.0,>,1.0,1.0,>,,IC50,nM,,100000.0,CHEMBL203,Homo sapiens,Epidermal growth factor receptor,9606.0,,,IC50,uM,UO_0000065,,100.0,4.0,0.0,496.6540000000002,5.6806000000000045,0,6,62.46000000000001,9,4,4,C1=Nc2ccccc2C1,False,True,False,False
,,356555.0,[],CHEMBL677387,Inhibition of phosphorylation of polyglutamic acid/tyrosine random copolymer by epidermal growth factor receptor.,B,,,BAO_0000190,BAO_0000357,single protein format,CN(CCO)c1cc2ncnc(Nc3cccc(Br)c3)c2cn1,,,CHEMBL1130246,J Med Chem,1997.0,"{'bei': '22.94', 'le': '0.51', 'lle': '5.63', 'sei': '11.57'}",CHEMBL341319,,CHEMBL341319,8.59,0.0,http://www.openphacts.org/units/Nanomolar,243800.0,=,1.0,1.0,=,,IC50,nM,,2.6,CHEMBL203,Homo sapiens,Epidermal growth factor receptor,9606.0,,,IC50,nM,UO_0000065,,2.6,8.585026652029182,1.0,496.65400000000034,6.440000000000006,2,6,84.18,11,4,4,c1ccc(Nc2ncnc3ccncc23)cc1,False,True,False,False
,,356556.0,[],CHEMBL677387,Inhibition of phosphorylation of polyglutamic acid/tyrosine random copolymer by epidermal growth factor receptor.,B,,,BAO_0000190,BAO_0000357,single protein format,NNc1cc2ncnc(Nc3cccc(Br)c3)c2cn1,,,CHEMBL1130246,J Med Chem,1997.0,"{'bei': '24.61', 'le': '0.56', 'lle': '5.33', 'sei': '9.18'}",CHEMBL340508,,CHEMBL340508,8.15,0.0,http://www.openphacts.org/units/Nanomolar,243808.0,=,1.0,1.0,=,,IC50,nM,,7.1,CHEMBL203,Homo sapiens,Epidermal growth factor receptor,9606.0,,,IC50,nM,UO_0000065,,7.1,8.148741651280925,1.0,435.2810000000001,4.200880000000002,2,5,87.03999999999999,4,3,3,c1ccc(Nc2ncnc3ccncc23)cc1,False,True,False,False
,,357623.0,[],CHEMBL680028,Inhibition of autophosphorylation of cytoplasmic domain of epidermal growth factor receptor,B,,,BAO_0000190,BAO_0000357,single protein format,COCCOCC#CC(=O)Nc1ccc2ncc(C#N)c(Nc3cccc(Br)c3)c2c1,,,CHEMBL1145020,J Med Chem,2003.0,"{'bei': '12.58', 'le': '0.27', 'lle': '1.81', 'sei': '6.27'}",CHEMBL115440,,CHEMBL115440,6.03,0.0,http://www.openphacts.org/units/Nanomolar,308354.0,=,1.0,1.0,=,,IC50,nM,,930.0,CHEMBL203,Homo sapiens,Epidermal growth factor receptor,9606.0,,,IC50,uM,UO_0000065,,0.93,6.031517051446065,1.0,401.31200000000007,3.528700000000001,1,6,57.18000000000001,6,3,3,c1ccc(Nc2ccnc3ccccc23)cc1,False,True,False,False
,,357628.0,[],CHEMBL680028,Inhibition of autophosphorylation of cytoplasmic domain of epidermal growth factor receptor,B,,,BAO_0000190,BAO_0000357,single protein format,COc1cc2ncnc(Nc3cccc(Br)c3)c2cc1OC,,,CHEMBL1145020,J Med Chem,2003.0,"{'bei': '19.86', 'le': '0.44', 'lle': '3.00', 'sei': '12.72'}",CHEMBL29197,,CHEMBL29197,7.16,0.0,http://www.openphacts.org/units/Nanomolar,308376.0,=,1.0,1.0,=,,IC50,nM,,70.0,CHEMBL203,Homo sapiens,Epidermal growth factor receptor,9606.0,,,IC50,uM,UO_0000065,,0.07,7.154901959985743,1.0,429.3220000000003,3.275000000000001,2,7,75.2,6,4,3,c1ccc(Nc2ncnc3ccccc23)cc1,False,True,False,False
,,358710.0,[],CHEMBL674029,Inhibition of EGF-stimulated EGFR tyrosine kinase activity using plasma membrane vesicles shed from cultured human A431 carcinoma cells,F,,,BAO_0000190,BAO_0000219,cell-based format,O=C(O)CCCC1C(S)=Nc2ccccc21,,,CHEMBL1127050,J Med Chem,1993.0,,CHEMBL84513,,CHEMBL84513,5.17,0.0,http://www.openphacts.org/units/Nanomolar,146870.0,=,1.0,1.0,=,,IC50,nM,,6700.0,CHEMBL203,Homo sapiens,Epidermal growth factor receptor,9606.0,,,IC50,uM,UO_0000065,,6.7,5.173925197299173,0.0,429.3220000000003,3.275000000000001,2,7,75.2,6,4,3,C1=Nc2ccccc2C1,False,True,False,False
,,358711.0,[],CHEMBL674029,Inhibition of EGF-stimulated EGFR tyrosine kinase activity using plasma membrane vesicles shed from cultured human A431 carcinoma cells,F,,,BAO_0000190,BAO_0000219,cell-based format,Cc1ccc2[nH]c(SSc3[nH]c4ccc(C)cc4c3CCC(=O)O)c(CCC(=O)O)c2c1,,,CHEMBL1127050,J Med Chem,1993.0,,CHEMBL83559,,CHEMBL83559,5.08,0.0,http://www.openphacts.org/units/Nanomolar,146863.0,=,1.0,1.0,=,,IC50,nM,,8400.0,CHEMBL203,Homo sapiens,Epidermal growth factor receptor,9606.0,,,IC50,uM,UO_0000065,,8.4,5.075720713938118,0.0,447.3370000000001,2.229399999999999,4,8,106.43,10,3,3,c1ccc2[nH]c(SSc3cc4ccccc4[nH]3)cc2c1,False,False,False,False
,,358713.0,[],CHEMBL674029,Inhibition of EGF-stimulated EGFR tyrosine kinase activity using plasma membrane vesicles shed from cultured human A431 carcinoma cells,F,,,BAO_0000190,BAO_0000219,cell-based format,O=C(O)CCCc1c(SSc2[nH]c3ccccc3c2CCCC(=O)O)[nH]c2ccccc12,,,CHEMBL1127050,J Med Chem,1993.0,,CHEMBL79531,,CHEMBL79531,4.75,0.0,http://www.openphacts.org/units/Nanomolar,146860.0,=,1.0,1.0,=,,IC50,nM,,18000.0,CHEMBL203,Homo sapiens,Epidermal growth factor receptor,9606.0,,,IC50,uM,UO_0000065,,18.0,4.7447274948966935,0.0,359.43700000000007,3.775520000000002,2,6,80.55,7,4,4,c1ccc2[nH]c(SSc3cc4ccccc4[nH]3)cc2c1,False,False,False,False
,,359002.0,[],CHEMBL680028,Inhibition of autophosphorylation of cytoplasmic domain of epidermal growth factor receptor,B,,,BAO_0000190,BAO_0000357,single protein format,C=CC(=O)Nc1ccc2ncnc(Nc3cccc(Br)c3)c2c1,,,CHEMBL1145020,J Med Chem,2003.0,"{'bei': '23.56', 'le': '0.52', 'lle': '4.44', 'sei': '13.00'}",CHEMBL285063,,CHEMBL285063,8.7,1.0,http://www.openphacts.org/units/Nanomolar,308374.0,=,1.0,1.0,=,,IC50,nM,,2.0,CHEMBL203,Homo sapiens,Epidermal growth factor receptor,9606.0,,,IC50,uM,UO_0000065,,0.002,8.698970004336019,1.0,350.4700000000001,3.8305200000000026,2,6,65.97,8,3,3,c1ccc(Nc2ncnc3ccccc23)cc1,False,True,False,True
,,359320.0,[],CHEMBL677387,Inhibition of phosphorylation of polyglutamic acid/tyrosine random copolymer by epidermal growth factor receptor.,B,,,BAO_0000190,BAO_0000357,single protein format,OCCNc1cc2ncnc(Nc3cccc(Br)c3)c2cn1,,,CHEMBL1130246,J Med Chem,1997.0,"{'bei': '26.71', 'le': '0.60', 'lle': '6.68', 'sei': '11.60'}",CHEMBL127041,,CHEMBL127041,9.62,0.0,http://www.openphacts.org/units/Nanomolar,243799.0,=,1.0,1.0,=,,IC50,nM,,0.24,CHEMBL203,Homo sapiens,Epidermal growth factor receptor,9606.0,,,IC50,nM,UO_0000065,,0.24,9.619788758288394,1.0,235.308,2.4122000000000003,1,2,40.540000000000006,3,2,1,c1ccc(Nc2ncnc3ccncc23)cc1,False,True,False,False
,,360083.0,[],CHEMBL674029,Inhibition of EGF-stimulated EGFR tyrosine kinase activity using plasma membrane vesicles shed from cultured human A431 carcinoma cells,F,,,BAO_0000190,BAO_0000219,cell-based format,COC(=O)CCc1c(SSc2[nH]c3ccccc3c2CCC(=O)OC)[nH]c2ccccc12,,,CHEMBL1127050,J Med Chem,1993.0,,CHEMBL79808,,CHEMBL79808,4.68,0.0,http://www.openphacts.org/units/Nanomolar,146874.0,=,1.0,1.0,=,,IC50,nM,,21000.0,CHEMBL203,Homo sapiens,Epidermal growth factor receptor,9606.0,,,IC50,uM,UO_0000065,,21.0,4.6777807052660805,0.0,235.308,2.6968000000000005,1,3,38.66,3,2,1,c1ccc2[nH]c(SSc3cc4ccccc4[nH]3)cc2c1,False,False,False,False
,,360394.0,[],CHEMBL680028,Inhibition of autophosphorylation of cytoplasmic domain of epidermal growth factor receptor,B,,,BAO_0000190,BAO_0000357,single protein format,CCOc1cc2ncc(C#N)c(Nc3cccc(Br)c3)c2cc1NC(=O)/C=C/CN1CCOCC1,,,CHEMBL1145020,J Med Chem,2003.0,"{'bei': '9.30', 'le': '0.19', 'lle': '0.15', 'sei': '5.01'}",CHEMBL116012,,CHEMBL116012,4.99,0.0,http://www.openphacts.org/units/Nanomolar,308385.0,=,1.0,1.0,=,,IC50,nM,,10320.0,CHEMBL203,Homo sapiens,Epidermal growth factor receptor,9606.0,,,IC50,uM,UO_0000065,,10.32,4.986320302708807,0.0,436.5330000000001,4.252200000000004,0,5,62.46000000000001,6,4,4,O=C(/C=C/CN1CCOCC1)Nc1ccc2nccc(Nc3ccccc3)c2c1,False,True,False,True
,,360720.0,[],CHEMBL677386,Inhibition of epidermal growth factor receptor (EGFR) from human A431 carcinoma cells,B,,,BAO_0000190,BAO_0000219,cell-based format,Brc1cccc(Nc2ncnc3cc(NCCCn4ccnc4)ncc23)c1,,,CHEMBL1130246,J Med Chem,1997.0,"{'bei': '21.90', 'le': '0.47', 'lle': '5.06', 'sei': '11.54'}",CHEMBL126791,,CHEMBL126791,9.29,0.0,http://www.openphacts.org/units/Nanomolar,243798.0,=,1.0,1.0,=,,IC50,nM,,0.51,CHEMBL203,Homo sapiens,Epidermal growth factor receptor,9606.0,,,IC50,nM,UO_0000065,,0.51,9.292429823902063,1.0,480.36600000000016,4.677480000000004,2,6,90.28,7,3,3,c1ccc(Nc2ncnc3cc(NCCCn4ccnc4)ncc23)cc1,False,True,False,False
,,360722.0,[],CHEMBL677387,Inhibition of phosphorylation of polyglutamic acid/tyrosine random copolymer by epidermal growth factor receptor.,B,,,BAO_0000190,BAO_0000357,single protein format,CNc1cc2ncnc(Nc3cccc(Br)c3)c2cn1,,,CHEMBL1130246,J Med Chem,1997.0,"{'bei': '29.94', 'le': '0.68', 'lle': '6.32', 'sei': '15.76'}",CHEMBL54400,,CHEMBL54400,9.89,1.0,http://www.openphacts.org/units/Nanomolar,243802.0,=,1.0,1.0,=,,IC50,nM,,0.13,CHEMBL203,Homo sapiens,Epidermal growth factor receptor,9606.0,,,IC50,nM,UO_0000065,,0.13,9.886056647693165,1.0,456.39200000000017,3.580300000000001,2,7,69.21000000000001,7,4,3,c1ccc(Nc2ncnc3ccncc23)cc1,False,True,False,False
,,360723.0,[],CHEMBL673451,Inhibition of epidermal growth factor receptor (EGFR) autophosphorylation in A431 cells,B,,,BAO_0000190,BAO_0000219,cell-based format,CNc1cc2ncnc(Nc3cccc(Br)c3)c2cn1,,,CHEMBL1130246,J Med Chem,1997.0,"{'bei': '23.61', 'le': '0.53', 'lle': '4.23', 'sei': '12.43'}",CHEMBL54400,,CHEMBL54400,7.8,1.0,http://www.openphacts.org/units/Nanomolar,243802.0,=,1.0,1.0,=,,IC50,nM,,16.0,CHEMBL203,Homo sapiens,Epidermal growth factor receptor,9606.0,,,IC50,nM,UO_0000065,,16.0,7.795880017344075,1.0,461.3640000000001,2.6194999999999995,4,8,106.43,11,3,3,c1ccc(Nc2ncnc3ccncc23)cc1,False,True,False,False
,,360724.0,[],CHEMBL677387,Inhibition of phosphorylation of polyglutamic acid/tyrosine random copolymer by epidermal growth factor receptor.,B,,,BAO_0000190,BAO_0000357,single protein format,O=C(O)CCCNc1cc2ncnc(Nc3cccc(Br)c3)c2cn1,,,CHEMBL1130246,J Med Chem,1997.0,"{'bei': '23.75', 'le': '0.52', 'lle': '5.74', 'sei': '9.55'}",CHEMBL128468,,CHEMBL128468,9.55,0.0,http://www.openphacts.org/units/Nanomolar,243825.0,=,1.0,1.0,=,,IC50,nM,,0.28,CHEMBL203,Homo sapiens,Epidermal growth factor receptor,9606.0,,,IC50,nM,UO_0000065,,0.28,9.55284196865778,1.0,424.2800000000001,2.8306000000000004,3,7,117.1,6,3,3,c1ccc(Nc2ncnc3ccncc23)cc1,False,True,False,False
,,360725.0,[],CHEMBL677387,Inhibition of phosphorylation of polyglutamic acid/tyrosine random copolymer by epidermal growth factor receptor.,B,,,BAO_0000190,BAO_0000357,single protein format,Cc1cccc(Nc2ncnc3cc(NCCCN4CCN(C)CC4)ncc23)c1,,,CHEMBL1130246,J Med Chem,1997.0,"{'bei': '21.08', 'le': '0.39', 'lle': '5.12', 'sei': '11.92'}",CHEMBL341522,,CHEMBL341522,8.25,0.0,http://www.openphacts.org/units/Nanomolar,243819.0,=,1.0,1.0,=,,IC50,nM,,5.6,CHEMBL203,Homo sapiens,Epidermal growth factor receptor,9606.0,,,IC50,nM,UO_0000065,,5.6,8.2518119729938,1.0,424.2800000000001,2.8306000000000004,3,7,117.1,6,3,3,c1ccc(Nc2ncnc3cc(NCCCN4CCNCC4)ncc23)cc1,False,True,False,False
,,361249.0,[],CHEMBL674029,Inhibition of EGF-stimulated EGFR tyrosine kinase activity using plasma membrane vesicles shed from cultured human A431 carcinoma cells,F,,,BAO_0000190,BAO_0000219,cell-based format,COC(=O)Cc1c(SSc2c(CC(=O)OC)c3ccccc3n2C)n(C)c2ccccc12,,,CHEMBL1127050,J Med Chem,1993.0,,CHEMBL83837,,CHEMBL83837,4.48,0.0,http://www.openphacts.org/units/Nanomolar,146851.0,=,1.0,1.0,=,,IC50,nM,,33000.0,CHEMBL203,Homo sapiens,Epidermal growth factor receptor,9606.0,,,IC50,uM,UO_0000065,,33.0,4.481486060122112,0.0,465.3070000000002,4.209480000000003,2,6,96.27,5,3,3,c1ccc2[nH]c(SSc3cc4ccccc4[nH]3)cc2c1,False,False,False,False
,,361550.0,[],CHEMBL680028,Inhibition of autophosphorylation of cytoplasmic domain of epidermal growth factor receptor,B,,,BAO_0000190,BAO_0000357,single protein format,COc1cc2ncc(C#N)c(Nc3cccc(Br)c3)c2cc1OC,,,CHEMBL1145020,J Med Chem,2003.0,"{'bei': '17.49', 'le': '0.38', 'lle': '2.09', 'sei': '10.01'}",CHEMBL111038,,CHEMBL111038,6.72,0.0,http://www.openphacts.org/units/Nanomolar,308375.0,=,1.0,1.0,=,,IC50,nM,,190.0,CHEMBL203,Homo sapiens,Epidermal growth factor receptor,9606.0,,,IC50,uM,UO_0000065,,0.19,6.721246399047171,1.0,467.9320000000002,5.097580000000004,2,6,90.28,8,3,3,c1ccc(Nc2ccnc3ccccc23)cc1,False,True,False,False
,,361830.0,[],CHEMBL677387,Inhibition of phosphorylation of polyglutamic acid/tyrosine random copolymer by epidermal growth factor receptor.,B,,,BAO_0000190,BAO_0000357,single protein format,[O-][N+]1(CCCNc2cc3ncnc(Nc4cccc(Br)c4)c3cn2)CCOCC1,,,CHEMBL1130246,J Med Chem,1997.0,"{'bei': '19.88', 'le': '0.43', 'lle': '5.45', 'sei': '9.61'}",CHEMBL339416,,CHEMBL339416,9.13,0.0,http://www.openphacts.org/units/Nanomolar,243812.0,=,1.0,1.0,=,,IC50,nM,,0.74,CHEMBL203,Homo sapiens,Epidermal growth factor receptor,9606.0,,,IC50,nM,UO_0000065,,0.74,9.130768280269024,1.0,404.2680000000001,2.3203,3,7,94.4,6,3,3,c1ccc(Nc2ncnc3cc(NCCC[NH+]4CCOCC4)ncc23)cc1,False,True,False,False
,,361831.0,[],CHEMBL673451,Inhibition of epidermal growth factor receptor (EGFR) autophosphorylation in A431 cells,B,,,BAO_0000190,BAO_0000219,cell-based format,[O-][N+]1(CCCNc2cc3ncnc(Nc4cccc(Br)c4)c3cn2)CCOCC1,,,CHEMBL1130246,J Med Chem,1997.0,,CHEMBL339416,,CHEMBL339416,,0.0,http://www.openphacts.org/units/Nanomolar,243812.0,>,1.0,1.0,>,,IC50,nM,,1000.0,CHEMBL203,Homo sapiens,Epidermal growth factor receptor,9606.0,,,IC50,nM,UO_0000065,,1000.0,6.0,1.0,410.2790000000001,3.9086,3,6,91.41,6,4,4,c1ccc(Nc2ncnc3cc(NCCC[NH+]4CCOCC4)ncc23)cc1,False,True,False,False
,,362610.0,[],CHEMBL674029,Inhibition of EGF-stimulated EGFR tyrosine kinase activity using plasma membrane vesicles shed from cultured human A431 carcinoma cells,F,,,BAO_0000190,BAO_0000219,cell-based format,O=CN/C=C/c1cc(O)ccc1O,,,CHEMBL1127050,J Med Chem,1993.0,,CHEMBL47986,ERBSTATIN,CHEMBL47986,5.7,0.0,http://www.openphacts.org/units/Nanomolar,146844.0,=,1.0,1.0,=,,IC50,nM,,2000.0,CHEMBL203,Homo sapiens,Epidermal growth factor receptor,9606.0,,,IC50,uM,UO_0000065,,2.0,5.698970004336019,0.0,249.33500000000004,3.0869000000000018,1,3,38.66,4,2,1,c1ccccc1,False,False,False,False
,,362975.0,[],CHEMBL680028,Inhibition of autophosphorylation of cytoplasmic domain of epidermal growth factor receptor,B,,,BAO_0000190,BAO_0000357,single protein format,CN(C)C/C=C/C(=O)Nc1ccc2ncc(C#N)c(Nc3cccc(Br)c3)c2c1,,,CHEMBL1145020,J Med Chem,2003.0,"{'bei': '14.45', 'le': '0.31', 'lle': '1.84', 'sei': '8.03'}",CHEMBL30973,,CHEMBL30973,6.51,0.0,http://www.openphacts.org/units/Nanomolar,308355.0,=,1.0,1.0,=,,IC50,nM,,310.0,CHEMBL203,Homo sapiens,Epidermal growth factor receptor,9606.0,,,IC50,uM,UO_0000065,,0.31,6.508638306165727,1.0,374.2420000000001,2.9594000000000005,2,6,74.17,5,3,3,c1ccc(Nc2ccnc3ccccc23)cc1,False,True,False,True
,,362980.0,[],CHEMBL680028,Inhibition of autophosphorylation of cytoplasmic domain of epidermal growth factor receptor,B,,,BAO_0000190,BAO_0000357,single protein format,COc1cc(NC(=O)/C=C/CN2CCOCC2)cc2c(Nc3cccc(Br)c3)c(C#N)cnc12,,,CHEMBL1145020,J Med Chem,2003.0,"{'bei': '10.09', 'le': '0.21', 'lle': '0.82', 'sei': '5.29'}",CHEMBL113985,,CHEMBL113985,5.27,0.0,http://www.openphacts.org/units/Nanomolar,308383.0,=,1.0,1.0,=,,IC50,nM,,5390.0,CHEMBL203,Homo sapiens,Epidermal growth factor receptor,9606.0,,,IC50,uM,UO_0000065,,5.39,5.268411234813262,0.0,331.177,2.8165000000000004,3,6,88.75,3,3,3,O=C(/C=C/CN1CCOCC1)Nc1ccc2nccc(Nc3ccccc3)c2c1,False,True,False,True
,,364250.0,[],CHEMBL674029,Inhibition of EGF-stimulated EGFR tyrosine kinase activity using plasma membrane vesicles shed from cultured human A431 carcinoma cells,F,,,BAO_0000190,BAO_0000219,cell-based format,O=C(O)Cc1c(SSc2[nH]c3ccccc3c2CC(=O)O)[nH]c2ccccc12,,,CHEMBL1127050,J Med Chem,1993.0,,CHEMBL419650,,CHEMBL419650,4.99,0.0,http://www.openphacts.org/units/Nanomolar,146854.0,=,1.0,1.0,=,,IC50,nM,,10200.0,CHEMBL203,Homo sapiens,Epidermal growth factor receptor,9606.0,,,IC50,uM,UO_0000065,,10.2,4.991399828238082,0.0,479.3340000000001,4.217480000000002,2,6,96.27,7,3,3,c1ccc2[nH]c(SSc3cc4ccccc4[nH]3)cc2c1,False,False,False,False
,,364684.0,[],CHEMBL680028,Inhibition of autophosphorylation of cytoplasmic domain of epidermal growth factor receptor,B,,,BAO_0000190,BAO_0000357,single protein format,N#Cc1cnc2ccc(NC(=O)C#CCN3CCSCC3)cc2c1Nc1cccc(Br)c1,,,CHEMBL1145020,J Med Chem,2003.0,"{'bei': '12.36', 'le': '0.27', 'lle': '1.66', 'sei': '7.72'}",CHEMBL327023,,CHEMBL327023,6.26,0.0,http://www.openphacts.org/units/Nanomolar,308362.0,=,1.0,1.0,=,,IC50,nM,,550.0,CHEMBL203,Homo sapiens,Epidermal growth factor receptor,9606.0,,,IC50,uM,UO_0000065,,0.55,6.259637310505756,1.0,360.2110000000001,4.153100000000003,1,5,56.27000000000001,4,3,3,O=C(C#CCN1CCSCC1)Nc1ccc2nccc(Nc3ccccc3)c2c1,False,True,False,False
,,365714.0,[],CHEMBL674029,Inhibition of EGF-stimulated EGFR tyrosine kinase activity using plasma membrane vesicles shed from cultured human A431 carcinoma cells,F,,,BAO_0000190,BAO_0000219,cell-based format,CN1C(=S)C(CC(=O)O)c2ccccc21,,,CHEMBL1127050,J Med Chem,1993.0,,CHEMBL314416,,CHEMBL314416,,0.0,http://www.openphacts.org/units/Nanomolar,146876.0,>,1.0,1.0,>,,IC50,nM,,100000.0,CHEMBL203,Homo sapiens,Epidermal growth factor receptor,9606.0,,,IC50,uM,UO_0000065,,100.0,4.0,0.0,235.308,2.9985000000000017,2,2,49.66,4,2,1,S=C1Cc2ccccc2N1,False,True,False,False
,,365715.0,[],CHEMBL674029,Inhibition of EGF-stimulated EGFR tyrosine kinase activity using plasma membrane vesicles shed from cultured human A431 carcinoma cells,F,,,BAO_0000190,BAO_0000219,cell-based format,COC(=O)CCC1C(=S)N(C)c2ccccc21,,,CHEMBL1127050,J Med Chem,1993.0,,CHEMBL311609,,CHEMBL311609,,0.0,http://www.openphacts.org/units/Nanomolar,146871.0,>,1.0,1.0,>,,IC50,nM,,100000.0,CHEMBL203,Homo sapiens,Epidermal growth factor receptor,9606.0,,,IC50,uM,UO_0000065,,100.0,4.0,0.0,468.6000000000004,6.099840000000005,4,4,106.18,9,4,4,S=C1Cc2ccccc2N1,False,True,False,False
,,366137.0,[],CHEMBL680028,Inhibition of autophosphorylation of cytoplasmic domain of epidermal growth factor receptor,B,,,BAO_0000190,BAO_0000357,single protein format,CCCN(CC#CC(=O)Nc1ccc2ncc(C#N)c(Nc3cccc(Br)c3)c2c1)CCC,,,CHEMBL1145020,J Med Chem,2003.0,"{'bei': '13.65', 'le': '0.28', 'lle': '1.21', 'sei': '8.50'}",CHEMBL115187,,CHEMBL115187,6.89,0.0,http://www.openphacts.org/units/Nanomolar,308360.0,=,1.0,1.0,=,,IC50,nM,,130.0,CHEMBL203,Homo sapiens,Epidermal growth factor receptor,9606.0,,,IC50,uM,UO_0000065,,0.13,6.886056647693163,1.0,468.6000000000003,6.263200000000004,4,4,106.18,11,4,4,c1ccc(Nc2ccnc3ccccc23)cc1,False,True,False,False
,,366476.0,[],CHEMBL677387,Inhibition of phosphorylation of polyglutamic acid/tyrosine random copolymer by epidermal growth factor receptor.,B,,,BAO_0000190,BAO_0000357,single protein format,CNc1ccc2c(Nc3cccc(Br)c3)ncnc2c1,,,CHEMBL1130246,J Med Chem,1997.0,"{'bei': '25.51', 'le': '0.57', 'lle': '4.22', 'sei': '16.85'}",CHEMBL92812,,CHEMBL92812,8.4,0.0,http://www.openphacts.org/units/Nanomolar,243816.0,=,1.0,1.0,=,,IC50,nM,,4.0,CHEMBL203,Homo sapiens,Epidermal growth factor receptor,9606.0,,,IC50,nM,UO_0000065,,4.0,8.397940008672037,1.0,369.222,4.260400000000002,2,4,66.91,4,3,3,c1ccc(Nc2ncnc3ccccc23)cc1,False,True,False,False
,,367209.0,[],CHEMBL674029,Inhibition of EGF-stimulated EGFR tyrosine kinase activity using plasma membrane vesicles shed from cultured human A431 carcinoma cells,F,,,BAO_0000190,BAO_0000219,cell-based format,O=C(O)CCC1C(S)=Nc2ccccc21,,,CHEMBL1127050,J Med Chem,1993.0,,CHEMBL309276,,CHEMBL309276,5.79,0.0,http://www.openphacts.org/units/Nanomolar,146875.0,=,1.0,1.0,=,,IC50,nM,,1620.0,CHEMBL203,Homo sapiens,Epidermal growth factor receptor,9606.0,,,IC50,uM,UO_0000065,,1.62,5.790484985457369,0.0,360.21500000000003,2.9351000000000003,3,6,82.96,5,3,3,C1=Nc2ccccc2C1,False,True,False,False
,,367543.0,[],CHEMBL680028,Inhibition of autophosphorylation of cytoplasmic domain of epidermal growth factor receptor,B,,,BAO_0000190,BAO_0000357,single protein format,CC#CC(=O)Nc1ccc2ncc(C#N)c(Nc3cccc(Br)c3)c2c1,,,CHEMBL1145020,J Med Chem,2003.0,"{'bei': '14.87', 'le': '0.32', 'lle': '1.46', 'sei': '7.75'}",CHEMBL283682,,CHEMBL283682,6.03,0.0,http://www.openphacts.org/units/Nanomolar,308353.0,=,1.0,1.0,=,,IC50,nM,,940.0,CHEMBL203,Homo sapiens,Epidermal growth factor receptor,9606.0,,,IC50,uM,UO_0000065,,0.94,6.026872146400302,1.0,468.6000000000003,5.659800000000004,2,6,84.18,9,4,4,c1ccc(Nc2ccnc3ccccc23)cc1,False,True,False,False
,,367856.0,[],CHEMBL677387,Inhibition of phosphorylation of polyglutamic acid/tyrosine random copolymer by epidermal growth factor receptor.,B,,,BAO_0000190,BAO_0000357,single protein format,CN(C)CCCCNc1cc2ncnc(Nc3cccc(Br)c3)c2cn1,,,CHEMBL1130246,J Med Chem,1997.0,"{'bei': '19.58', 'le': '0.43', 'lle': '3.85', 'sei': '12.32'}",CHEMBL129825,,CHEMBL129825,8.13,0.0,http://www.openphacts.org/units/Nanomolar,243830.0,=,1.0,1.0,=,,IC50,nM,,7.4,CHEMBL203,Homo sapiens,Epidermal growth factor receptor,9606.0,,,IC50,nM,UO_0000065,,7.4,8.130768280269024,1.0,536.4300000000002,4.838180000000003,2,7,99.51,8,4,3,c1ccc(Nc2ncnc3ccncc23)cc1,False,True,False,False
,,367865.0,[],CHEMBL677387,Inhibition of phosphorylation of polyglutamic acid/tyrosine random copolymer by epidermal growth factor receptor.,B,,,BAO_0000190,BAO_0000357,single protein format,Nc1ccc2c(Nc3cccc(Br)c3)ncnc2c1,,,CHEMBL1130246,J Med Chem,1997.0,"{'bei': '31.73', 'le': '0.72', 'lle': '6.28', 'sei': '15.67'}",CHEMBL420624,,CHEMBL420624,10.0,1.0,http://www.openphacts.org/units/Nanomolar,243805.0,=,1.0,1.0,=,,IC50,nM,,0.1,CHEMBL203,Homo sapiens,Epidermal growth factor receptor,9606.0,,,IC50,nM,UO_0000065,,0.1,10.0,1.0,424.30600000000015,4.229600000000001,2,6,80.55,7,4,4,c1ccc(Nc2ncnc3ccccc23)cc1,False,True,False,False
,,368896.0,[],CHEMBL680028,Inhibition of autophosphorylation of cytoplasmic domain of epidermal growth factor receptor,B,,,BAO_0000190,BAO_0000357,single protein format,COc1cc2ncc(C#N)c(Nc3cccc(Br)c3)c2cc1NC(=O)/C=C/CN1CCOCC1,,,CHEMBL1145020,J Med Chem,2003.0,"{'bei': '10.37', 'le': '0.22', 'lle': '0.97', 'sei': '5.44'}",CHEMBL332497,,CHEMBL332497,5.42,0.0,http://www.openphacts.org/units/Nanomolar,308387.0,=,1.0,1.0,=,,IC50,nM,,3830.0,CHEMBL203,Homo sapiens,Epidermal growth factor receptor,9606.0,,,IC50,uM,UO_0000065,,3.83,5.416801226031377,0.0,330.1890000000001,3.5726000000000013,2,5,62.73,3,3,3,O=C(/C=C/CN1CCOCC1)Nc1ccc2nccc(Nc3ccccc3)c2c1,False,True,False,True
,,368901.0,[],CHEMBL680028,Inhibition of autophosphorylation of cytoplasmic domain of epidermal growth factor receptor,B,,,BAO_0000190,BAO_0000357,single protein format,CN(C)C/C=C/C(=O)Nc1cc2c(Nc3ccc(F)c(Cl)c3)c(C#N)cnc2cc1OC(F)(F)F,,,CHEMBL1145020,J Med Chem,2003.0,"{'bei': '10.98', 'le': '0.22', 'lle': '-0.02', 'sei': '6.18'}",CHEMBL421047,,CHEMBL421047,5.58,0.0,http://www.openphacts.org/units/Nanomolar,308369.0,=,1.0,1.0,=,,IC50,nM,,2640.0,CHEMBL203,Homo sapiens,Epidermal growth factor receptor,9606.0,,,IC50,uM,UO_0000065,,2.64,5.578396073130169,0.0,330.1890000000001,3.5726000000000013,2,5,62.73,3,3,3,c1ccc(Nc2ccnc3ccccc23)cc1,False,True,False,True
,,368906.0,[],CHEMBL680028,Inhibition of autophosphorylation of cytoplasmic domain of epidermal growth factor receptor,B,,,BAO_0000190,BAO_0000357,single protein format,COc1cc2ncc(C#N)c(Nc3ccc(F)c(Cl)c3)c2cc1NC(=O)/C=C/C(C)N(C)C,,,CHEMBL1145020,J Med Chem,2003.0,"{'bei': '11.29', 'le': '0.22', 'lle': '0.18', 'sei': '5.85'}",CHEMBL113901,,CHEMBL113901,5.28,0.0,http://www.openphacts.org/units/Nanomolar,308368.0,=,1.0,1.0,=,,IC50,nM,,5220.0,CHEMBL203,Homo sapiens,Epidermal growth factor receptor,9606.0,,,IC50,uM,UO_0000065,,5.22,5.282329496997738,0.0,402.25200000000007,3.8076000000000016,3,6,100.03,7,3,3,c1ccc(Nc2ccnc3ccccc23)cc1,False,True,False,True
,,368911.0,[],CHEMBL680028,Inhibition of autophosphorylation of cytoplasmic domain of epidermal growth factor receptor,B,,,BAO_0000190,BAO_0000357,single protein format,C=CC(=O)Nc1ccc2ncc(C#N)c(Nc3cccc(Br)c3)c2c1,,,CHEMBL1145020,J Med Chem,2003.0,"{'bei': '15.84', 'le': '0.34', 'lle': '1.49', 'sei': '8.01'}",CHEMBL281300,,CHEMBL281300,6.23,0.0,http://www.openphacts.org/units/Nanomolar,308365.0,=,1.0,1.0,=,,IC50,nM,,590.0,CHEMBL203,Homo sapiens,Epidermal growth factor receptor,9606.0,,,IC50,uM,UO_0000065,,0.59,6.229147988357855,1.0,391.52300000000025,3.1262200000000018,2,7,69.21000000000001,7,4,3,c1ccc(Nc2ccnc3ccccc23)cc1,False,True,False,True
,,369171.0,[],CHEMBL677387,Inhibition of phosphorylation of polyglutamic acid/tyrosine random copolymer by epidermal growth factor receptor.,B,,,BAO_0000190,BAO_0000357,single protein format,OCC(O)C(O)C(O)C(O)CNc1cc2ncnc(Nc3cccc(Br)c3)c2cn1,,,CHEMBL1130246,J Med Chem,1997.0,"{'bei': '17.32', 'le': '0.38', 'lle': '7.94', 'sei': '5.08'}",CHEMBL129579,,CHEMBL129579,8.32,0.0,http://www.openphacts.org/units/Nanomolar,243834.0,=,1.0,1.0,=,,IC50,nM,,4.8,CHEMBL203,Homo sapiens,Epidermal growth factor receptor,9606.0,,,IC50,nM,UO_0000065,,4.8,8.318758762624412,1.0,468.60000000000014,4.900400000000004,0,6,62.46000000000001,7,4,4,c1ccc(Nc2ncnc3ccncc23)cc1,False,True,False,False
,,369172.0,[],CHEMBL677387,Inhibition of phosphorylation of polyglutamic acid/tyrosine random copolymer by epidermal growth factor receptor.,B,,,BAO_0000190,BAO_0000357,single protein format,CN(C)CCCNc1cc2ncnc(Nc3cccc(Br)c3)c2cn1,,,CHEMBL1130246,J Med Chem,1997.0,"{'bei': '20.07', 'le': '0.44', 'lle': '4.17', 'sei': '12.21'}",CHEMBL126893,,CHEMBL126893,8.06,0.0,http://www.openphacts.org/units/Nanomolar,243831.0,=,1.0,1.0,=,,IC50,nM,,8.8,CHEMBL203,Homo sapiens,Epidermal growth factor receptor,9606.0,,,IC50,nM,UO_0000065,,8.8,8.05551732784983,1.0,384.2330000000001,4.629780000000003,1,5,67.17,4,3,3,c1ccc(Nc2ncnc3ccncc23)cc1,False,True,False,False
,,369173.0,[],CHEMBL677387,Inhibition of phosphorylation of polyglutamic acid/tyrosine random copolymer by epidermal growth factor receptor.,B,,,BAO_0000190,BAO_0000357,single protein format,CNc1cc2ncnc(Nc3cccc(C)c3)c2cn1,,,CHEMBL1130246,J Med Chem,1997.0,"{'bei': '33.37', 'le': '0.60', 'lle': '5.73', 'sei': '14.11'}",CHEMBL127082,,CHEMBL127082,8.85,0.0,http://www.openphacts.org/units/Nanomolar,243822.0,=,1.0,1.0,=,,IC50,nM,,1.4,CHEMBL203,Homo sapiens,Epidermal growth factor receptor,9606.0,,,IC50,nM,UO_0000065,,1.4,8.853871964321762,1.0,459.3480000000002,3.6777000000000015,2,7,95.02,7,4,3,c1ccc(Nc2ncnc3ccncc23)cc1,False,True,False,False
,,369986.0,[],CHEMBL674029,Inhibition of EGF-stimulated EGFR tyrosine kinase activity using plasma membrane vesicles shed from cultured human A431 carcinoma cells,F,,,BAO_0000190,BAO_0000219,cell-based format,COC(=O)CCN1C(=S)C(CCC(=O)OC)(CCC(=O)OC)c2ccccc21,,,CHEMBL1127050,J Med Chem,1993.0,,CHEMBL309513,,CHEMBL309513,,0.0,http://www.openphacts.org/units/Nanomolar,146855.0,>,1.0,1.0,>,,IC50,nM,,100000.0,CHEMBL203,Homo sapiens,Epidermal growth factor receptor,9606.0,,,IC50,uM,UO_0000065,,100.0,4.0,0.0,459.3480000000002,3.6777000000000015,2,7,95.02,7,4,3,S=C1Cc2ccccc2N1,False,True,False,False
,,369987.0,[],CHEMBL674029,Inhibition of EGF-stimulated EGFR tyrosine kinase activity using plasma membrane vesicles shed from cultured human A431 carcinoma cells,F,,,BAO_0000190,BAO_0000219,cell-based format,O=C(O)Cc1c(SSSc2[nH]c3ccccc3c2CC(=O)O)[nH]c2ccccc12,,,CHEMBL1127050,J Med Chem,1993.0,,CHEMBL79970,,CHEMBL79970,5.03,0.0,http://www.openphacts.org/units/Nanomolar,146849.0,=,1.0,1.0,=,,IC50,nM,,9300.0,CHEMBL203,Homo sapiens,Epidermal growth factor receptor,9606.0,,,IC50,uM,UO_0000065,,9.3,5.031517051446065,0.0,179.17499999999998,0.8144999999999998,3,3,69.56,3,1,1,c1ccc2[nH]c(SSSc3cc4ccccc4[nH]3)cc2c1,False,False,False,False
,,369989.0,[],CHEMBL674029,Inhibition of EGF-stimulated EGFR tyrosine kinase activity using plasma membrane vesicles shed from cultured human A431 carcinoma cells,F,,,BAO_0000190,BAO_0000219,cell-based format,Cc1ccc2c(CCC(=O)O)c(SSc3[nH]c4cc(C)ccc4c3CCC(=O)O)[nH]c2c1,,,CHEMBL1127050,J Med Chem,1993.0,,CHEMBL81480,,CHEMBL81480,5.54,0.0,http://www.openphacts.org/units/Nanomolar,146862.0,=,1.0,1.0,=,,IC50,nM,,2900.0,CHEMBL203,Homo sapiens,Epidermal growth factor receptor,9606.0,,,IC50,uM,UO_0000065,,2.9,5.537602002101044,0.0,450.34,4.668880000000003,2,5,81.05000000000001,6,3,3,c1ccc2[nH]c(SSc3cc4ccccc4[nH]3)cc2c1,False,False,False,False
,,369990.0,[],CHEMBL674029,Inhibition of EGF-stimulated EGFR tyrosine kinase activity using plasma membrane vesicles shed from cultured human A431 carcinoma cells,F,,,BAO_0000190,BAO_0000219,cell-based format,Cn1c(SSc2c(CCCC(=O)O)c3ccccc3n2C)c(CCCC(=O)O)c2ccccc21,,,CHEMBL1127050,J Med Chem,1993.0,,CHEMBL82214,,CHEMBL82214,5.08,0.0,http://www.openphacts.org/units/Nanomolar,146859.0,=,1.0,1.0,=,,IC50,nM,,8300.0,CHEMBL203,Homo sapiens,Epidermal growth factor receptor,9606.0,,,IC50,uM,UO_0000065,,8.3,5.080921907623926,0.0,522.4030000000001,4.448080000000003,2,7,99.51,7,4,3,c1ccc2[nH]c(SSc3cc4ccccc4[nH]3)cc2c1,False,False,False,False
,,370697.0,[],CHEMBL677387,Inhibition of phosphorylation of polyglutamic acid/tyrosine random copolymer by epidermal growth factor receptor.,B,,,BAO_0000190,BAO_0000357,single protein format,OCCN(CCO)c1cc2ncnc(Nc3cccc(Br)c3)c2cn1,,,CHEMBL1130246,J Med Chem,1997.0,"{'bei': '19.59', 'le': '0.43', 'lle': '5.60', 'sei': '8.39'}",CHEMBL128759,,CHEMBL128759,7.92,0.0,http://www.openphacts.org/units/Nanomolar,243835.0,=,1.0,1.0,=,,IC50,nM,,12.0,CHEMBL203,Homo sapiens,Epidermal growth factor receptor,9606.0,,,IC50,nM,UO_0000065,,12.0,7.920818753952375,1.0,412.4920000000002,4.702800000000002,4,4,106.18,7,4,4,c1ccc(Nc2ncnc3ccncc23)cc1,False,True,False,False
,,371313.0,[],CHEMBL674029,Inhibition of EGF-stimulated EGFR tyrosine kinase activity using plasma membrane vesicles shed from cultured human A431 carcinoma cells,F,,,BAO_0000190,BAO_0000219,cell-based format,COC(=O)Cc1c(SSSc2[nH]c3ccccc3c2CC(=O)OC)[nH]c2ccccc12,,,CHEMBL1127050,J Med Chem,1993.0,,CHEMBL79621,,CHEMBL79621,4.46,0.0,http://www.openphacts.org/units/Nanomolar,146848.0,=,1.0,1.0,=,,IC50,nM,,35000.0,CHEMBL203,Homo sapiens,Epidermal growth factor receptor,9606.0,,,IC50,uM,UO_0000065,,35.0,4.455931955649724,0.0,506.4290000000001,4.603280000000003,2,6,81.05,4,4,3,c1ccc2[nH]c(SSSc3cc4ccccc4[nH]3)cc2c1,False,False,False,False
,,372730.0,[],CHEMBL674029,Inhibition of EGF-stimulated EGFR tyrosine kinase activity using plasma membrane vesicles shed from cultured human A431 carcinoma cells,F,,,BAO_0000190,BAO_0000219,cell-based format,Cn1c(SSc2c(CC(=O)O)c3ccccc3n2C)c(CC(=O)O)c2ccccc21,,,CHEMBL1127050,J Med Chem,1993.0,,CHEMBL84141,,CHEMBL84141,4.28,0.0,http://www.openphacts.org/units/Nanomolar,146853.0,=,1.0,1.0,=,,IC50,nM,,53000.0,CHEMBL203,Homo sapiens,Epidermal growth factor receptor,9606.0,,,IC50,uM,UO_0000065,,53.0,4.275724130399211,0.0,221.281,2.0221,1,2,40.540000000000006,2,2,1,c1ccc2[nH]c(SSc3cc4ccccc4[nH]3)cc2c1,False,False,False,False
,,374988.0,[],CHEMBL677387,Inhibition of phosphorylation of polyglutamic acid/tyrosine random copolymer by epidermal growth factor receptor.,B,,,BAO_0000190,BAO_0000357,single protein format,OCC(O)CNc1cc2ncnc(Nc3cccc(Br)c3)c2cn1,,,CHEMBL1130246,J Med Chem,1997.0,"{'bei': '23.16', 'le': '0.51', 'lle': '6.74', 'sei': '8.76'}",CHEMBL126372,,CHEMBL126372,9.04,0.0,http://www.openphacts.org/units/Nanomolar,243803.0,=,1.0,1.0,=,,IC50,nM,,0.92,CHEMBL203,Homo sapiens,Epidermal growth factor receptor,9606.0,,,IC50,nM,UO_0000065,,0.92,9.036212172654444,1.0,249.335,2.5006000000000004,0,3,29.54,3,2,1,c1ccc(Nc2ncnc3ccncc23)cc1,False,True,False,False
,,374989.0,[],CHEMBL673451,Inhibition of epidermal growth factor receptor (EGFR) autophosphorylation in A431 cells,B,,,BAO_0000190,BAO_0000219,cell-based format,OCC(O)CNc1cc2ncnc(Nc3cccc(Br)c3)c2cn1,,,CHEMBL1130246,J Med Chem,1997.0,"{'bei': '17.03', 'le': '0.38', 'lle': '4.34', 'sei': '6.44'}",CHEMBL126372,,CHEMBL126372,6.64,0.0,http://www.openphacts.org/units/Nanomolar,243803.0,=,1.0,1.0,=,,IC50,nM,,227.0,CHEMBL203,Homo sapiens,Epidermal growth factor receptor,9606.0,,,IC50,nM,UO_0000065,,227.0,6.6439741428068775,1.0,504.4320000000002,5.676480000000005,2,5,81.05000000000001,8,3,3,c1ccc(Nc2ncnc3ccncc23)cc1,False,True,False,False
,,375981.0,[],CHEMBL680028,Inhibition of autophosphorylation of cytoplasmic domain of epidermal growth factor receptor,B,,,BAO_0000190,BAO_0000357,single protein format,COCC1CCCN1CC#CC(=O)Nc1ccc2ncc(C#N)c(Nc3cccc(Br)c3)c2c1,,,CHEMBL1145020,J Med Chem,2003.0,"{'bei': '13.16', 'le': '0.27', 'lle': '2.15', 'sei': '7.56'}",CHEMBL157128,,CHEMBL157128,6.82,0.0,http://www.openphacts.org/units/Nanomolar,308361.0,=,1.0,1.0,=,,IC50,nM,,150.0,CHEMBL203,Homo sapiens,Epidermal growth factor receptor,9606.0,,,IC50,uM,UO_0000065,,0.15,6.823908740944319,1.0,329.201,4.177600000000002,2,4,49.84,3,3,3,O=C(C#CCN1CCCC1)Nc1ccc2nccc(Nc3ccccc3)c2c1,False,True,False,False
,,375986.0,[],CHEMBL680028,Inhibition of autophosphorylation of cytoplasmic domain of epidermal growth factor receptor,B,,,BAO_0000190,BAO_0000357,single protein format,COc1cc2ncc(C#N)c(Nc3cccc(Br)c3)c2cc1NC(=O)C#CCN(C)C,,,CHEMBL1145020,J Med Chem,2003.0,"{'bei': '14.73', 'le': '0.31', 'lle': '2.93', 'sei': '7.80'}",CHEMBL116853,,CHEMBL116853,7.05,0.0,http://www.openphacts.org/units/Nanomolar,308356.0,=,1.0,1.0,=,,IC50,nM,,90.0,CHEMBL203,Homo sapiens,Epidermal growth factor receptor,9606.0,,,IC50,uM,UO_0000065,,0.09,7.045757490560675,1.0,221.28100000000003,2.6084000000000005,2,2,49.66,3,2,1,c1ccc(Nc2ccnc3ccccc23)cc1,False,True,False,False
,,375991.0,[],CHEMBL680028,Inhibition of autophosphorylation of cytoplasmic domain of epidermal growth factor receptor,B,,,BAO_0000190,BAO_0000357,single protein format,CCOc1cc2ncc(C#N)c(Nc3cccc(Br)c3)c2cc1NC(=O)/C=C/CN(C)C,,,CHEMBL1145020,J Med Chem,2003.0,"{'bei': '11.72', 'le': '0.25', 'lle': '0.73', 'sei': '6.42'}",CHEMBL114728,,CHEMBL114728,5.8,0.0,http://www.openphacts.org/units/Nanomolar,308386.0,=,1.0,1.0,=,,IC50,nM,,1600.0,CHEMBL203,Homo sapiens,Epidermal growth factor receptor,9606.0,,,IC50,uM,UO_0000065,,1.6,5.795880017344075,0.0,405.25500000000005,4.574380000000002,2,4,77.81,3,3,3,c1ccc(Nc2ccnc3ccccc23)cc1,False,True,False,True
,,375996.0,[],CHEMBL680028,Inhibition of autophosphorylation of cytoplasmic domain of epidermal growth factor receptor,B,,,BAO_0000190,BAO_0000357,single protein format,C/C=C/C(=O)Nc1ccc2ncc(C#N)c(Nc3cccc(Br)c3)c2c1,,,CHEMBL1145020,J Med Chem,2003.0,"{'bei': '14.22', 'le': '0.30', 'lle': '0.66', 'sei': '7.44'}",CHEMBL326811,,CHEMBL326811,5.79,0.0,http://www.openphacts.org/units/Nanomolar,308380.0,=,1.0,1.0,=,,IC50,nM,,1620.0,CHEMBL203,Homo sapiens,Epidermal growth factor receptor,9606.0,,,IC50,uM,UO_0000065,,1.62,5.790484985457369,0.0,415.3390000000001,4.284600000000003,2,6,65.97,8,3,3,c1ccc(Nc2ccnc3ccccc23)cc1,False,True,False,True
,,376356.0,[],CHEMBL677387,Inhibition of phosphorylation of polyglutamic acid/tyrosine random copolymer by epidermal growth factor receptor.,B,,,BAO_0000190,BAO_0000357,single protein format,CN(C)c1cc2ncnc(Nc3cccc(Br)c3)c2cn1,,,CHEMBL1130246,J Med Chem,1997.0,"{'bei': '29.18', 'le': '0.65', 'lle': '6.45', 'sei': '18.62'}",CHEMBL53428,,CHEMBL53428,10.05,1.0,http://www.openphacts.org/units/Nanomolar,243801.0,=,1.0,1.0,=,,IC50,nM,,0.09,CHEMBL203,Homo sapiens,Epidermal growth factor receptor,9606.0,,,IC50,nM,UO_0000065,,0.09,10.045757490560677,1.0,315.17400000000004,3.7181000000000015,2,4,63.83,2,3,3,c1ccc(Nc2ncnc3ccncc23)cc1,False,True,False,False
,,376357.0,[],CHEMBL673451,Inhibition of epidermal growth factor receptor (EGFR) autophosphorylation in A431 cells,B,,,BAO_0000190,BAO_0000219,cell-based format,CN(C)c1cc2ncnc(Nc3cccc(Br)c3)c2cn1,,,CHEMBL1130246,J Med Chem,1997.0,"{'bei': '22.82', 'le': '0.51', 'lle': '4.25', 'sei': '14.56'}",CHEMBL53428,,CHEMBL53428,7.85,1.0,http://www.openphacts.org/units/Nanomolar,243801.0,=,1.0,1.0,=,,IC50,nM,,14.0,CHEMBL203,Homo sapiens,Epidermal growth factor receptor,9606.0,,,IC50,nM,UO_0000065,,14.0,7.853871964321762,1.0,522.4030000000002,4.448080000000003,2,7,99.51,7,4,3,c1ccc(Nc2ncnc3ccncc23)cc1,False,True,False,False
,,376358.0,[],CHEMBL677387,Inhibition of phosphorylation of polyglutamic acid/tyrosine random copolymer by epidermal growth factor receptor.,B,,,BAO_0000190,BAO_0000357,single protein format,OCC(CO)Nc1cc2ncnc(Nc3cccc(Br)c3)c2cn1,,,CHEMBL1130246,J Med Chem,1997.0,"{'bei': '20.13', 'le': '0.45', 'lle': '5.55', 'sei': '7.61'}",CHEMBL125568,,CHEMBL125568,7.85,0.0,http://www.openphacts.org/units/Nanomolar,243804.0,=,1.0,1.0,=,,IC50,nM,,14.0,CHEMBL203,Homo sapiens,Epidermal growth factor receptor,9606.0,,,IC50,nM,UO_0000065,,14.0,7.853871964321762,1.0,507.8750000000001,5.597480000000003,2,6,90.28,7,3,3,c1ccc(Nc2ncnc3ccncc23)cc1,False,True,False,False
,,376359.0,[],CHEMBL677387,Inhibition of phosphorylation of polyglutamic acid/tyrosine random copolymer by epidermal growth factor receptor.,B,,,BAO_0000190,BAO_0000357,single protein format,CN(C)CCCCCNc1cc2ncnc(Nc3cccc(Br)c3)c2cn1,,,CHEMBL1130246,J Med Chem,1997.0,"{'bei': '18.81', 'le': '0.41', 'lle': '3.41', 'sei': '12.24'}",CHEMBL129824,,CHEMBL129824,8.08,0.0,http://www.openphacts.org/units/Nanomolar,243829.0,=,1.0,1.0,=,,IC50,nM,,8.4,CHEMBL203,Homo sapiens,Epidermal growth factor receptor,9606.0,,,IC50,nM,UO_0000065,,8.4,8.075720713938118,1.0,467.9320000000002,5.095980000000004,2,6,90.28,7,3,3,c1ccc(Nc2ncnc3ccncc23)cc1,False,True,False,False
,,377315.0,[],CHEMBL680028,Inhibition of autophosphorylation of cytoplasmic domain of epidermal growth factor receptor,B,,,BAO_0000190,BAO_0000357,single protein format,COc1cc2ncc(C#N)c(Nc3ccc(F)c(Cl)c3)c2cc1NC(=O)/C=C/C(C)N1CCOCC1,,,CHEMBL1145020,J Med Chem,2003.0,"{'bei': '9.76', 'le': '0.19', 'lle': '0.11', 'sei': '5.00'}",CHEMBL114073,,CHEMBL114073,4.97,0.0,http://www.openphacts.org/units/Nanomolar,308366.0,=,1.0,1.0,=,,IC50,nM,,10590.0,CHEMBL203,Homo sapiens,Epidermal growth factor receptor,9606.0,,,IC50,uM,UO_0000065,,10.59,4.975104039892515,0.0,393.244,4.737080000000002,2,4,77.81,4,3,3,O=C(/C=C/CN1CCOCC1)Nc1ccc2nccc(Nc3ccccc3)c2c1,False,True,False,True
,,379120.0,[],CHEMBL677387,Inhibition of phosphorylation of polyglutamic acid/tyrosine random copolymer by epidermal growth factor receptor.,B,,,BAO_0000190,BAO_0000357,single protein format,CN(C)CCNc1cc2ncnc(Nc3cccc(Br)c3)c2cn1,,,CHEMBL1130246,J Med Chem,1997.0,"{'bei': '18.97', 'le': '0.42', 'lle': '3.85', 'sei': '11.14'}",CHEMBL128432,,CHEMBL128432,7.35,0.0,http://www.openphacts.org/units/Nanomolar,243832.0,=,1.0,1.0,=,,IC50,nM,,45.0,CHEMBL203,Homo sapiens,Epidermal growth factor receptor,9606.0,,,IC50,nM,UO_0000065,,45.0,7.346787486224656,1.0,480.3190000000001,0.3786999999999998,7,10,163.88,9,3,3,c1ccc(Nc2ncnc3ccncc23)cc1,False,True,False,False
,,379779.0,[],CHEMBL674029,Inhibition of EGF-stimulated EGFR tyrosine kinase activity using plasma membrane vesicles shed from cultured human A431 carcinoma cells,F,,,BAO_0000190,BAO_0000219,cell-based format,O=C(O)CCc1c(SSc2[nH]c3ccccc3c2CCC(=O)O)[nH]c2ccccc12,,,CHEMBL1127050,J Med Chem,1993.0,,CHEMBL79704,,CHEMBL79704,5.38,0.0,http://www.openphacts.org/units/Nanomolar,146856.0,=,1.0,1.0,=,,IC50,nM,,4200.0,CHEMBL203,Homo sapiens,Epidermal growth factor receptor,9606.0,,,IC50,uM,UO_0000065,,4.2,5.376750709602099,0.0,401.31200000000007,3.8945000000000016,2,6,65.97,7,3,3,c1ccc2[nH]c(SSc3cc4ccccc4[nH]3)cc2c1,False,False,False,False
,,380164.0,[],CHEMBL680028,Inhibition of autophosphorylation of cytoplasmic domain of epidermal growth factor receptor,B,,,BAO_0000190,BAO_0000357,single protein format,CC#CC(=O)Nc1cc2c(Nc3cccc(Br)c3)c(C#N)cnc2cc1OC,,,CHEMBL1145020,J Med Chem,2003.0,"{'bei': '13.88', 'le': '0.29', 'lle': '1.46', 'sei': '6.94'}",CHEMBL116525,,CHEMBL116525,6.04,0.0,http://www.openphacts.org/units/Nanomolar,308358.0,=,1.0,1.0,=,,IC50,nM,,910.0,CHEMBL203,Homo sapiens,Epidermal growth factor receptor,9606.0,,,IC50,uM,UO_0000065,,0.91,6.040958607678906,1.0,265.32,3.118520000000001,2,5,62.73,3,3,3,c1ccc(Nc2ccnc3ccccc23)cc1,False,True,False,False
,,380169.0,[],CHEMBL680028,Inhibition of autophosphorylation of cytoplasmic domain of epidermal growth factor receptor,B,,,BAO_0000190,BAO_0000357,single protein format,CN(C)C/C=C/C(=O)Nc1ccc2ncc(C#N)c(Nc3ccc(F)c(Cl)c3)c2c1,,,CHEMBL1145020,J Med Chem,2003.0,"{'bei': '14.60', 'le': '0.28', 'lle': '1.49', 'sei': '7.63'}",CHEMBL323630,,CHEMBL323630,6.19,0.0,http://www.openphacts.org/units/Nanomolar,308382.0,=,1.0,1.0,=,,IC50,nM,,650.0,CHEMBL203,Homo sapiens,Epidermal growth factor receptor,9606.0,,,IC50,uM,UO_0000065,,0.65,6.187086643357144,1.0,407.4880000000002,2.5413,0,7,82.14,9,2,1,c1ccc(Nc2ccnc3ccccc23)cc1,False,True,False,True
,,381225.0,[],CHEMBL674029,Inhibition of EGF-stimulated EGFR tyrosine kinase activity using plasma membrane vesicles shed from cultured human A431 carcinoma cells,F,,,BAO_0000190,BAO_0000219,cell-based format,COC(=O)CCC1(CCC(=O)OC)C(S)=Nc2ccccc21,,,CHEMBL1127050,J Med Chem,1993.0,,CHEMBL312247,,CHEMBL312247,,0.0,http://www.openphacts.org/units/Nanomolar,146865.0,>,1.0,1.0,>,,IC50,nM,,100000.0,CHEMBL203,Homo sapiens,Epidermal growth factor receptor,9606.0,,,IC50,uM,UO_0000065,,100.0,4.0,0.0,444.55900000000025,5.351000000000003,4,5,106.18,8,4,4,C1=Nc2ccccc2C1,False,True,False,False
,,381554.0,[],CHEMBL680028,Inhibition of autophosphorylation of cytoplasmic domain of epidermal growth factor receptor,B,,,BAO_0000190,BAO_0000357,single protein format,CCN(CC)C/C=C/C(=O)Nc1cc2c(Nc3ccc(F)c(Cl)c3)c(C#N)cnc2cc1OC,,,CHEMBL1145020,J Med Chem,2003.0,"{'bei': '11.87', 'le': '0.23', 'lle': '0.23', 'sei': '6.33'}",CHEMBL424252,,CHEMBL424252,5.72,0.0,http://www.openphacts.org/units/Nanomolar,308371.0,=,1.0,1.0,=,,IC50,nM,,1910.0,CHEMBL203,Homo sapiens,Epidermal growth factor receptor,9606.0,,,IC50,uM,UO_0000065,,1.91,5.718966632752273,0.0,468.6000000000003,6.099840000000005,4,4,106.18,9,4,4,c1ccc(Nc2ccnc3ccccc23)cc1,False,True,False,True
,,381559.0,[],CHEMBL680028,Inhibition of autophosphorylation of cytoplasmic domain of epidermal growth factor receptor,B,,,BAO_0000190,BAO_0000357,single protein format,C=CC(=O)Nc1cc2c(Nc3cccc(Br)c3)c(C#N)cnc2cc1OC,,,CHEMBL1145020,J Med Chem,2003.0,"{'bei': '14.39', 'le': '0.31', 'lle': '1.34', 'sei': '7.00'}",CHEMBL324718,,CHEMBL324718,6.09,0.0,http://www.openphacts.org/units/Nanomolar,308364.0,=,1.0,1.0,=,,IC50,nM,,810.0,CHEMBL203,Homo sapiens,Epidermal growth factor receptor,9606.0,,,IC50,uM,UO_0000065,,0.81,6.091514981121351,1.0,496.6540000000003,6.284000000000004,2,4,84.46000000000001,11,4,4,c1ccc(Nc2ccnc3ccccc23)cc1,False,True,False,True
,,383110.0,[],CHEMBL680028,Inhibition of autophosphorylation of cytoplasmic domain of epidermal growth factor receptor,B,,,BAO_0000190,BAO_0000357,single protein format,COc1cc2ncc(C#N)c(Nc3ccc(F)c(Cl)c3)c2cc1NC(=O)/C=C/CN(C)C,,,CHEMBL1145020,J Med Chem,2003.0,"{'bei': '12.41', 'le': '0.24', 'lle': '0.92', 'sei': '6.24'}",CHEMBL114490,,CHEMBL114490,5.63,0.0,http://www.openphacts.org/units/Nanomolar,308372.0,=,1.0,1.0,=,,IC50,nM,,2320.0,CHEMBL203,Homo sapiens,Epidermal growth factor receptor,9606.0,,,IC50,uM,UO_0000065,,2.32,5.634512015109101,0.0,404.2680000000001,2.3218999999999994,3,7,94.4,7,3,3,c1ccc(Nc2ccnc3ccccc23)cc1,False,True,False,True
,,383115.0,[],CHEMBL680028,Inhibition of autophosphorylation of cytoplasmic domain of epidermal growth factor receptor,B,,,BAO_0000190,BAO_0000357,single protein format,C/C=C/C(=O)Nc1cc2c(Nc3ccc(F)c(Cl)c3)c(C#N)cnc2cc1OCC,,,CHEMBL1145020,J Med Chem,2003.0,"{'bei': '12.06', 'le': '0.23', 'lle': '-0.44', 'sei': '5.89'}",CHEMBL113902,,CHEMBL113902,5.12,0.0,http://www.openphacts.org/units/Nanomolar,308379.0,=,1.0,1.0,=,,IC50,nM,,7500.0,CHEMBL203,Homo sapiens,Epidermal growth factor receptor,9606.0,,,IC50,uM,UO_0000065,,7.5,5.1249387366083,0.0,472.6130000000003,5.5278000000000045,2,7,84.18,8,4,4,c1ccc(Nc2ccnc3ccccc23)cc1,False,True,False,True
,,383120.0,[],CHEMBL680028,Inhibition of autophosphorylation of cytoplasmic domain of epidermal growth factor receptor,B,,,BAO_0000190,BAO_0000357,single protein format,C=C(CN1CCOCC1)C(=O)Nc1ccc2ncc(C#N)c(Nc3ccc(F)c(Cl)c3)c2c1,,,CHEMBL1145020,J Med Chem,2003.0,"{'bei': '11.95', 'le': '0.23', 'lle': '1.10', 'sei': '6.17'}",CHEMBL114392,,CHEMBL114392,5.57,0.0,http://www.openphacts.org/units/Nanomolar,308378.0,=,1.0,1.0,=,,IC50,nM,,2700.0,CHEMBL203,Homo sapiens,Epidermal growth factor receptor,9606.0,,,IC50,uM,UO_0000065,,2.7,5.568636235841013,0.0,440.5460000000002,4.723600000000003,2,4,84.46000000000001,7,4,4,C=C(CN1CCOCC1)C(=O)Nc1ccc2nccc(Nc3ccccc3)c2c1,False,True,False,True
,,383125.0,[],CHEMBL680028,Inhibition of autophosphorylation of cytoplasmic domain of epidermal growth factor receptor,B,,,BAO_0000190,BAO_0000357,single protein format,CN(C)C/C=C/C(=O)Nc1ccc2ncnc(Nc3cccc(Br)c3)c2c1,,,CHEMBL1145020,J Med Chem,2003.0,"{'bei': '18.67', 'le': '0.40', 'lle': '3.77', 'sei': '11.35'}",CHEMBL94061,,CHEMBL94061,7.96,1.0,http://www.openphacts.org/units/Nanomolar,308373.0,=,1.0,1.0,=,,IC50,nM,,11.0,CHEMBL203,Homo sapiens,Epidermal growth factor receptor,9606.0,,,IC50,uM,UO_0000065,,0.011,7.958607314841775,1.0,390.2410000000001,2.2960000000000003,4,7,103.19,6,3,3,c1ccc(Nc2ncnc3ccccc23)cc1,False,True,False,True
,,383411.0,[],CHEMBL677386,Inhibition of epidermal growth factor receptor (EGFR) from human A431 carcinoma cells,B,,,BAO_0000190,BAO_0000219,cell-based format,Cc1cccc(Nc2ncnc3cc(NCCc4c[nH]cn4)ncc23)c1,,,CHEMBL1130246,J Med Chem,1997.0,"{'bei': '23.57', 'le': '0.43', 'lle': '4.69', 'sei': '8.91'}",CHEMBL340399,,CHEMBL340399,8.14,0.0,http://www.openphacts.org/units/Nanomolar,243818.0,=,1.0,1.0,=,,IC50,nM,,7.2,CHEMBL203,Homo sapiens,Epidermal growth factor receptor,9606.0,,,IC50,nM,UO_0000065,,7.2,8.142667503568731,1.0,390.2410000000001,2.2960000000000003,4,7,103.19,6,3,3,c1ccc(Nc2ncnc3cc(NCCc4c[nH]cn4)ncc23)cc1,False,True,False,False
,,383413.0,[],CHEMBL677387,Inhibition of phosphorylation of polyglutamic acid/tyrosine random copolymer by epidermal growth factor receptor.,B,,,BAO_0000190,BAO_0000357,single protein format,Nc1cc2ncnc(Nc3cccc(Br)c3)c2cn1,,,CHEMBL1130246,J Med Chem,1997.0,"{'bei': '25.30', 'le': '0.58', 'lle': '4.89', 'sei': '10.43'}",CHEMBL52076,,CHEMBL52076,8.0,1.0,http://www.openphacts.org/units/Nanomolar,243806.0,=,1.0,1.0,=,,IC50,nM,,10.0,CHEMBL203,Homo sapiens,Epidermal growth factor receptor,9606.0,,,IC50,nM,UO_0000065,,10.0,8.0,1.0,518.4150000000002,4.665280000000004,2,6,90.28,6,4,3,c1ccc(Nc2ncnc3ccncc23)cc1,False,True,False,False
,,383414.0,[],CHEMBL673451,Inhibition of epidermal growth factor receptor (EGFR) autophosphorylation in A431 cells,B,,,BAO_0000190,BAO_0000219,cell-based format,Nc1cc2ncnc(Nc3cccc(Br)c3)c2cn1,,,CHEMBL1130246,J Med Chem,1997.0,"{'bei': '22.01', 'le': '0.50', 'lle': '3.85', 'sei': '9.07'}",CHEMBL52076,,CHEMBL52076,6.96,1.0,http://www.openphacts.org/units/Nanomolar,243806.0,=,1.0,1.0,=,,IC50,nM,,110.0,CHEMBL203,Homo sapiens,Epidermal growth factor receptor,9606.0,,,IC50,nM,UO_0000065,,110.0,6.958607314841775,1.0,478.35000000000025,4.124680000000002,2,6,90.28,5,3,3,c1ccc(Nc2ncnc3ccncc23)cc1,False,True,False,False
,,384687.0,[],CHEMBL677387,Inhibition of phosphorylation of polyglutamic acid/tyrosine random copolymer by epidermal growth factor receptor.,B,,,BAO_0000190,BAO_0000357,single protein format,CN(CC(O)C(O)C(O)C(O)CO)c1cc2ncnc(Nc3cccc(Br)c3)c2cn1,,,CHEMBL1130246,J Med Chem,1997.0,"{'bei': '17.18', 'le': '0.37', 'lle': '8.09', 'sei': '5.48'}",CHEMBL127611,,CHEMBL127611,8.49,0.0,http://www.openphacts.org/units/Nanomolar,243833.0,=,1.0,1.0,=,,IC50,nM,,3.2,CHEMBL203,Homo sapiens,Epidermal growth factor receptor,9606.0,,,IC50,nM,UO_0000065,,3.2,8.494850021680094,1.0,494.3930000000002,5.067580000000004,2,6,90.28,8,3,3,c1ccc(Nc2ncnc3ccncc23)cc1,False,True,False,False
,,385535.0,[],CHEMBL674029,Inhibition of EGF-stimulated EGFR tyrosine kinase activity using plasma membrane vesicles shed from cultured human A431 carcinoma cells,F,,,BAO_0000190,BAO_0000219,cell-based format,O=C(O)CCC1(CCC(=O)O)C(S)=Nc2ccccc21,,,CHEMBL1127050,J Med Chem,1993.0,,CHEMBL82640,,CHEMBL82640,,0.0,http://www.openphacts.org/units/Nanomolar,146866.0,>,1.0,1.0,>,,IC50,nM,,100000.0,CHEMBL203,Homo sapiens,Epidermal growth factor receptor,9606.0,,,IC50,uM,UO_0000065,,100.0,4.0,0.0,407.2710000000001,5.127180000000003,2,4,77.81,4,3,3,C1=Nc2ccccc2C1,False,True,False,False
,,385536.0,[],CHEMBL674029,Inhibition of EGF-stimulated EGFR tyrosine kinase activity using plasma membrane vesicles shed from cultured human A431 carcinoma cells,F,,,BAO_0000190,BAO_0000219,cell-based format,Cc1cccc2c(CCC(=O)O)c(SSc3[nH]c4c(C)cccc4c3CCC(=O)O)[nH]c12,,,CHEMBL1127050,J Med Chem,1993.0,,CHEMBL81664,,CHEMBL81664,5.82,0.0,http://www.openphacts.org/units/Nanomolar,146861.0,=,1.0,1.0,=,,IC50,nM,,1500.0,CHEMBL203,Homo sapiens,Epidermal growth factor receptor,9606.0,,,IC50,uM,UO_0000065,,1.5,5.823908740944319,0.0,344.216,3.596900000000001,1,5,53.940000000000005,3,3,3,c1ccc2[nH]c(SSc3cc4ccccc4[nH]3)cc2c1,False,False,False,False
,,385794.0,[],CHEMBL680028,Inhibition of autophosphorylation of cytoplasmic domain of epidermal growth factor receptor,B,,,BAO_0000190,BAO_0000357,single protein format,CC(C)N(CC#CC(=O)Nc1ccc2ncc(C#N)c(Nc3cccc(Br)c3)c2c1)C(C)C,,,CHEMBL1145020,J Med Chem,2003.0,"{'bei': '13.09', 'le': '0.27', 'lle': '0.93', 'sei': '8.15'}",CHEMBL113900,,CHEMBL113900,6.6,0.0,http://www.openphacts.org/units/Nanomolar,308359.0,=,1.0,1.0,=,,IC50,nM,,250.0,CHEMBL203,Homo sapiens,Epidermal growth factor receptor,9606.0,,,IC50,uM,UO_0000065,,0.25,6.6020599913279625,1.0,344.216,3.596900000000001,1,5,53.940000000000005,3,3,3,c1ccc(Nc2ccnc3ccccc23)cc1,False,True,False,False
,,385799.0,[],CHEMBL680028,Inhibition of autophosphorylation of cytoplasmic domain of epidermal growth factor receptor,B,,,BAO_0000190,BAO_0000357,single protein format,N#Cc1cnc2ccc(NC(=O)/C=C/CN3CCOCC3)cc2c1Nc1ccc(F)c(Cl)c1,,,CHEMBL1145020,J Med Chem,2003.0,"{'bei': '12.11', 'le': '0.23', 'lle': '1.17', 'sei': '6.25'}",CHEMBL118000,,CHEMBL118000,5.64,0.0,http://www.openphacts.org/units/Nanomolar,308381.0,=,1.0,1.0,=,,IC50,nM,,2290.0,CHEMBL203,Homo sapiens,Epidermal growth factor receptor,9606.0,,,IC50,uM,UO_0000065,,2.29,5.640164517660112,0.0,390.241,2.296,4,7,103.19,6,3,3,O=C(/C=C/CN1CCOCC1)Nc1ccc2nccc(Nc3ccccc3)c2c1,False,True,False,True
,,386241.0,[],CHEMBL677387,Inhibition of phosphorylation of polyglutamic acid/tyrosine random copolymer by epidermal growth factor receptor.,B,,,BAO_0000190,BAO_0000357,single protein format,Brc1cccc(Nc2ncnc3cc(NCCCN4CCOCC4)ncc23)c1,,,CHEMBL1130246,J Med Chem,1997.0,"{'bei': '19.67', 'le': '0.43', 'lle': '5.05', 'sei': '11.60'}",CHEMBL126623,,CHEMBL126623,8.72,0.0,http://www.openphacts.org/units/Nanomolar,243814.0,=,1.0,1.0,=,,IC50,nM,,1.9,CHEMBL203,Homo sapiens,Epidermal growth factor receptor,9606.0,,,IC50,nM,UO_0000065,,1.9,8.721246399047171,1.0,429.3660000000001,4.674700000000003,2,6,65.97,9,3,3,c1ccc(Nc2ncnc3cc(NCCCN4CCOCC4)ncc23)cc1,False,True,False,False
,,386242.0,[],CHEMBL673451,Inhibition of epidermal growth factor receptor (EGFR) autophosphorylation in A431 cells,B,,,BAO_0000190,BAO_0000219,cell-based format,Brc1cccc(Nc2ncnc3cc(NCCCN4CCOCC4)ncc23)c1,,,CHEMBL1130246,J Med Chem,1997.0,"{'bei': '18.25', 'le': '0.39', 'lle': '4.42', 'sei': '10.76'}",CHEMBL126623,,CHEMBL126623,8.09,0.0,http://www.openphacts.org/units/Nanomolar,243814.0,=,1.0,1.0,=,,IC50,nM,,8.1,CHEMBL203,Homo sapiens,Epidermal growth factor receptor,9606.0,,,IC50,nM,UO_0000065,,8.1,8.09151498112135,1.0,509.96900000000034,4.866580000000004,2,7,99.51,7,4,3,c1ccc(Nc2ncnc3cc(NCCCN4CCOCC4)ncc23)cc1,False,True,False,False
,,386249.0,[],CHEMBL677387,Inhibition of phosphorylation of polyglutamic acid/tyrosine random copolymer by epidermal growth factor receptor.,B,,,BAO_0000190,BAO_0000357,single protein format,CN(CC(=O)O)c1cc2ncnc(Nc3cccc(Br)c3)c2cn1,,,CHEMBL1130246,J Med Chem,1997.0,"{'bei': '20.08', 'le': '0.44', 'lle': '4.75', 'sei': '8.54'}",CHEMBL126903,,CHEMBL126903,7.8,0.0,http://www.openphacts.org/units/Nanomolar,243824.0,=,1.0,1.0,=,,IC50,nM,,16.0,CHEMBL203,Homo sapiens,Epidermal growth factor receptor,9606.0,,,IC50,nM,UO_0000065,,16.0,7.795880017344075,1.0,387.2850000000001,3.5044000000000013,2,6,65.97,6,3,3,c1ccc(Nc2ncnc3ccncc23)cc1,False,True,False,False
,,387040.0,[],CHEMBL674029,Inhibition of EGF-stimulated EGFR tyrosine kinase activity using plasma membrane vesicles shed from cultured human A431 carcinoma cells,F,,,BAO_0000190,BAO_0000219,cell-based format,Cn1c(SSc2c(CCC(=O)O)c3ccccc3n2C)c(CCC(=O)O)c2ccccc21,,,CHEMBL1127050,J Med Chem,1993.0,,CHEMBL84143,,CHEMBL84143,5.51,0.0,http://www.openphacts.org/units/Nanomolar,146847.0,=,1.0,1.0,=,,IC50,nM,,3100.0,CHEMBL203,Homo sapiens,Epidermal growth factor receptor,9606.0,,,IC50,uM,UO_0000065,,3.1,5.508638306165727,0.0,440.5460000000003,5.483000000000003,4,4,106.18,9,4,4,c1ccc2[nH]c(SSc3cc4ccccc4[nH]3)cc2c1,False,False,False,False
,,387974.0,[],CHEMBL677387,Inhibition of phosphorylation of polyglutamic acid/tyrosine random copolymer by epidermal growth factor receptor.,B,,,BAO_0000190,BAO_0000357,single protein format,O=C(O)CCNc1cc2ncnc(Nc3cccc(Br)c3)c2cn1,,,CHEMBL1130246,J Med Chem,1997.0,"{'bei': '23.74', 'le': '0.52', 'lle': '5.79', 'sei': '9.21'}",CHEMBL127086,,CHEMBL127086,9.21,0.0,http://www.openphacts.org/units/Nanomolar,243826.0,=,1.0,1.0,=,,IC50,nM,,0.61,CHEMBL203,Homo sapiens,Epidermal growth factor receptor,9606.0,,,IC50,nM,UO_0000065,,0.61,9.214670164989233,1.0,435.2810000000002,4.582980000000004,2,5,87.04,4,3,3,c1ccc(Nc2ncnc3ccncc23)cc1,False,True,False,False
,,387975.0,[],CHEMBL673451,Inhibition of epidermal growth factor receptor (EGFR) autophosphorylation in A431 cells,B,,,BAO_0000190,BAO_0000219,cell-based format,O=C(O)CCNc1cc2ncnc(Nc3cccc(Br)c3)c2cn1,,,CHEMBL1130246,J Med Chem,1997.0,"{'bei': '12.73', 'le': '0.28', 'lle': '1.52', 'sei': '4.94'}",CHEMBL127086,,CHEMBL127086,4.94,0.0,http://www.openphacts.org/units/Nanomolar,243826.0,=,1.0,1.0,=,,IC50,nM,,11400.0,CHEMBL203,Homo sapiens,Epidermal growth factor receptor,9606.0,,,IC50,nM,UO_0000065,,11400.0,4.943095148663527,0.0,423.8790000000001,4.698880000000004,2,5,81.05000000000001,6,3,3,c1ccc(Nc2ncnc3ccncc23)cc1,False,True,False,False
,,388709.0,[],CHEMBL674029,Inhibition of EGF-stimulated EGFR tyrosine kinase activity using plasma membrane vesicles shed from cultured human A431 carcinoma cells,F,,,BAO_0000190,BAO_0000219,cell-based format,O=C(O)CC1C(S)=Nc2ccccc21,,,CHEMBL1127050,J Med Chem,1993.0,,CHEMBL83429,,CHEMBL83429,4.83,0.0,http://www.openphacts.org/units/Nanomolar,146877.0,=,1.0,1.0,=,,IC50,nM,,14900.0,CHEMBL203,Homo sapiens,Epidermal growth factor receptor,9606.0,,,IC50,uM,UO_0000065,,14.9,4.826813731587726,0.0,321.3980000000001,2.8042000000000007,1,5,64.96000000000001,6,2,1,C1=Nc2ccccc2C1,False,True,False,False
,,388710.0,[],CHEMBL674029,Inhibition of EGF-stimulated EGFR tyrosine kinase activity using plasma membrane vesicles shed from cultured human A431 carcinoma cells,F,,,BAO_0000190,BAO_0000219,cell-based format,COC(=O)CC1C(S)=Nc2ccccc21,,,CHEMBL1127050,J Med Chem,1993.0,,CHEMBL312001,,CHEMBL312001,4.0,0.0,http://www.openphacts.org/units/Nanomolar,146873.0,=,1.0,1.0,=,,IC50,nM,,100000.0,CHEMBL203,Homo sapiens,Epidermal growth factor receptor,9606.0,,,IC50,uM,UO_0000065,,100.0,4.0,0.0,481.9590000000002,5.487680000000005,2,6,90.28,9,3,3,C1=Nc2ccccc2C1,False,True,False,False
,,389022.0,[],CHEMBL680028,Inhibition of autophosphorylation of cytoplasmic domain of epidermal growth factor receptor,B,,,BAO_0000190,BAO_0000357,single protein format,COc1cc2ncc(C#N)c(Nc3cccc(Br)c3)c2cc1NC(=O)/C=C/CN(C)C,,,CHEMBL1145020,J Med Chem,2003.0,"{'bei': '12.70', 'le': '0.27', 'lle': '1.42', 'sei': '6.76'}",CHEMBL263788,,CHEMBL263788,6.1,0.0,http://www.openphacts.org/units/Nanomolar,308388.0,=,1.0,1.0,=,,IC50,nM,,790.0,CHEMBL203,Homo sapiens,Epidermal growth factor receptor,9606.0,,,IC50,uM,UO_0000065,,0.79,6.102372908709558,1.0,423.27000000000015,4.745680000000003,2,5,87.04,5,3,3,c1ccc(Nc2ccnc3ccccc23)cc1,False,True,False,True
,,389440.0,[],CHEMBL677387,Inhibition of phosphorylation of polyglutamic acid/tyrosine random copolymer by epidermal growth factor receptor.,B,,,BAO_0000190,BAO_0000357,single protein format,O=C(O)CNc1cc2ncnc(Nc3cccc(Br)c3)c2cn1,,,CHEMBL1130246,J Med Chem,1997.0,"{'bei': '23.58', 'le': '0.52', 'lle': '5.79', 'sei': '8.82'}",CHEMBL338175,,CHEMBL338175,8.82,0.0,http://www.openphacts.org/units/Nanomolar,243817.0,=,1.0,1.0,=,,IC50,nM,,1.5,CHEMBL203,Homo sapiens,Epidermal growth factor receptor,9606.0,,,IC50,nM,UO_0000065,,1.5,8.823908740944319,1.0,453.9050000000002,4.707480000000004,2,6,90.28,7,3,3,c1ccc(Nc2ncnc3ccncc23)cc1,False,True,False,False
,,389992.0,[],CHEMBL674029,Inhibition of EGF-stimulated EGFR tyrosine kinase activity using plasma membrane vesicles shed from cultured human A431 carcinoma cells,F,,,BAO_0000190,BAO_0000219,cell-based format,COC(=O)Cc1c(SSc2[nH]c3ccccc3c2CC(=O)OC)[nH]c2ccccc12,,,CHEMBL1127050,J Med Chem,1993.0,,CHEMBL83838,,CHEMBL83838,4.75,0.0,http://www.openphacts.org/units/Nanomolar,146852.0,=,1.0,1.0,=,,IC50,nM,,18000.0,CHEMBL203,Homo sapiens,Epidermal growth factor receptor,9606.0,,,IC50,uM,UO_0000065,,18.0,4.7447274948966935,0.0,424.8630000000002,5.555880000000004,2,5,87.04,6,3,3,c1ccc2[nH]c(SSc3cc4ccccc4[nH]3)cc2c1,False,False,False,False
,,390356.0,[],CHEMBL680028,Inhibition of autophosphorylation of cytoplasmic domain of epidermal growth factor receptor,B,,,BAO_0000190,BAO_0000357,single protein format,COCOC#CC(=O)Nc1ccc2ncc(C#N)c(Nc3cccc(Br)c3)c2c1,,,CHEMBL1145020,J Med Chem,2003.0,"{'bei': '14.36', 'le': '0.31', 'lle': '2.35', 'sei': '6.73'}",CHEMBL414631,,CHEMBL414631,6.48,0.0,http://www.openphacts.org/units/Nanomolar,308363.0,=,1.0,1.0,=,,IC50,nM,,330.0,CHEMBL203,Homo sapiens,Epidermal growth factor receptor,9606.0,,,IC50,uM,UO_0000065,,0.33,6.481486060122113,1.0,465.9160000000002,4.469480000000003,2,6,90.28,6,4,3,c1ccc(Nc2ccnc3ccccc23)cc1,False,True,False,False
,,391087.0,[],CHEMBL674693,Inhibition of Epidermal growth factor receptor (EGF-R) tyrosine kinase activity ,B,,,BAO_0000190,BAO_0000357,single protein format,Nc1ncnc2c1c(-c1cccc(O)c1)cn2C1CCC1,,,CHEMBL1134829,Bioorg Med Chem Lett,2001.0,"{'bei': '23.27', 'le': '0.42', 'lle': '3.41', 'sei': '8.48'}",CHEMBL355330,,CHEMBL355330,6.52,0.0,http://www.openphacts.org/units/Nanomolar,333379.0,=,1.0,1.0,=,,IC50,nM,,300.0,CHEMBL203,Homo sapiens,Epidermal growth factor receptor,9606.0,,,IC50,uM,UO_0000065,,0.3,6.522878745280337,1.0,426.3180000000001,4.192200000000002,2,5,70.15,6,3,3,c1ccc(-c2cn(C3CCC3)c3ncncc23)cc1,False,False,False,False
,,391455.0,[],CHEMBL679944,Concentration needed to inhibit the phosphorylation of a 14-residue fragment of phospholipase C-gamma1 by Epidermal growth factor receptor (prepared from human A431 carcinoma cell vesicles by immunoaffinity chromatography),B,,,BAO_0000190,BAO_0000357,single protein format,CN(C)CCNc1[nH]cnc2c3ccccc3nc1-2.Cl,,,CHEMBL1132555,J Med Chem,1999.0,,CHEMBL543457,,CHEMBL1192249,,0.0,http://www.openphacts.org/units/Nanomolar,296365.0,>,1.0,1.0,>,,IC50,nM,,100000.0,CHEMBL203,Homo sapiens,Epidermal growth factor receptor,9606.0,,,IC50,nM,UO_0000065,,100000.0,4.0,0.0,345.41,3.4545200000000014,3,6,91.41,6,4,4,c1ccc2c3nc[nH]cc-3nc2c1,False,False,False,False
,,392440.0,[],CHEMBL674693,Inhibition of Epidermal growth factor receptor (EGF-R) tyrosine kinase activity ,B,,,BAO_0000190,BAO_0000357,single protein format,COc1ccc(-c2cn(C3CCCC3)c3ncnc(N)c23)cc1,,,CHEMBL1134829,Bioorg Med Chem Lett,2001.0,"{'bei': '20.25', 'le': '0.37', 'lle': '2.44', 'sei': '9.47'}",CHEMBL170724,,CHEMBL170724,6.24,0.0,http://www.openphacts.org/units/Nanomolar,333371.0,=,1.0,1.0,=,,IC50,nM,,570.0,CHEMBL203,Homo sapiens,Epidermal growth factor receptor,9606.0,,,IC50,uM,UO_0000065,,0.57,6.2441251443275085,1.0,316.16200000000003,3.113100000000001,2,5,76.72,2,3,3,c1ccc(-c2cn(C3CCCC3)c3ncncc23)cc1,False,False,False,False
,,393597.0,[],CHEMBL674693,Inhibition of Epidermal growth factor receptor (EGF-R) tyrosine kinase activity ,B,,,BAO_0000190,BAO_0000357,single protein format,COc1cccc(-c2cn(C3CC(CNCCO)C3)c3ncnc(N)c23)c1,,,CHEMBL1134829,Bioorg Med Chem Lett,2001.0,"{'bei': '17.17', 'le': '0.32', 'lle': '4.09', 'sei': '6.42'}",CHEMBL168550,,CHEMBL168550,6.31,0.0,http://www.openphacts.org/units/Nanomolar,333374.0,=,1.0,1.0,=,,IC50,nM,,490.0,CHEMBL203,Homo sapiens,Epidermal growth factor receptor,9606.0,,,IC50,uM,UO_0000065,,0.49,6.309803919971486,1.0,316.16200000000003,3.113100000000001,2,5,76.72,2,3,3,c1ccc(-c2cn(C3CCC3)c3ncncc23)cc1,False,False,False,False
,,393852.0,[],CHEMBL679944,Concentration needed to inhibit the phosphorylation of a 14-residue fragment of phospholipase C-gamma1 by Epidermal growth factor receptor (prepared from human A431 carcinoma cell vesicles by immunoaffinity chromatography),B,,,BAO_0000190,BAO_0000357,single protein format,Brc1cccc(Nc2ncnc3ccc4cc[nH]c4c23)c1,,,CHEMBL1132555,J Med Chem,1999.0,"{'bei': '26.26', 'le': '0.58', 'lle': '4.29', 'sei': '16.62'}",CHEMBL153525,,CHEMBL153525,8.91,1.0,http://www.openphacts.org/units/Nanomolar,296373.0,=,1.0,1.0,=,,IC50,nM,,1.24,CHEMBL203,Homo sapiens,Epidermal growth factor receptor,9606.0,,,IC50,nM,UO_0000065,,1.24,8.906578314837764,1.0,494.3460000000001,0.4030000000000007,6,10,155.09000000000003,9,3,3,c1ccc(Nc2ncnc3ccc4cc[nH]c4c23)cc1,False,True,False,False
,,393853.0,[],CHEMBL679944,Concentration needed to inhibit the phosphorylation of a 14-residue fragment of phospholipase C-gamma1 by Epidermal growth factor receptor (prepared from human A431 carcinoma cell vesicles by immunoaffinity chromatography),B,,,BAO_0000190,BAO_0000357,single protein format,C[C@H](Nc1ncnc2c1sc1ccccc12)c1ccccc1,,,CHEMBL1132555,J Med Chem,1999.0,"{'bei': '20.53', 'le': '0.39', 'lle': '1.25', 'sei': '16.58'}",CHEMBL3085277,,CHEMBL3085277,6.27,0.0,http://www.openphacts.org/units/Nanomolar,296402.0,=,1.0,1.0,=,,IC50,nM,,538.0,CHEMBL203,Homo sapiens,Epidermal growth factor receptor,9606.0,,,IC50,nM,UO_0000065,,538.0,6.269217724333611,1.0,293.34400000000005,2.6274000000000006,3,3,86.96,6,2,1,c1ccc(CNc2ncnc3c2sc2ccccc23)cc1,False,False,False,False
,,393859.0,[],CHEMBL679944,Concentration needed to inhibit the phosphorylation of a 14-residue fragment of phospholipase C-gamma1 by Epidermal growth factor receptor (prepared from human A431 carcinoma cell vesicles by immunoaffinity chromatography),B,,,BAO_0000190,BAO_0000357,single protein format,Nc1ccc2sc3c(Nc4cccc(Br)c4)ncnc3c2c1,,,CHEMBL1132555,J Med Chem,1999.0,"{'bei': '25.77', 'le': '0.59', 'lle': '4.64', 'sei': '14.99'}",CHEMBL152905,,CHEMBL152905,9.57,0.0,http://www.openphacts.org/units/Nanomolar,296393.0,=,1.0,1.0,=,,IC50,nM,,0.27,CHEMBL203,Homo sapiens,Epidermal growth factor receptor,9606.0,,,IC50,nM,UO_0000065,,0.27,9.568636235841012,1.0,468.60000000000025,6.099840000000005,4,4,106.18,9,4,4,c1ccc(Nc2ncnc3c2sc2ccccc23)cc1,False,True,False,False
,,393860.0,[],CHEMBL677214,Inhibition of Epidermal growth factor receptor autophosphorylation in A431 cells,B,,,BAO_0000190,BAO_0000219,cell-based format,Nc1ccc2sc3c(Nc4cccc(Br)c4)ncnc3c2c1,,,CHEMBL1132555,J Med Chem,1999.0,"{'bei': '19.03', 'le': '0.44', 'lle': '2.14', 'sei': '11.07'}",CHEMBL152905,,CHEMBL152905,7.07,0.0,http://www.openphacts.org/units/Nanomolar,296393.0,=,1.0,1.0,=,,IC50,nM,,86.0,CHEMBL203,Homo sapiens,Epidermal growth factor receptor,9606.0,,,IC50,nM,UO_0000065,,86.0,7.0655015487564325,1.0,504.4320000000001,5.6732800000000045,2,5,81.05000000000001,6,3,3,c1ccc(Nc2ncnc3c2sc2ccccc23)cc1,False,True,False,False
,,394697.0,[],CHEMBL621024,Inhibition of epidermal growth factor receptor (EGF-R) autophosphorylation in A431 cells,F,,,BAO_0000190,BAO_0000219,cell-based format,COc1ccc(Nc2ncnc3cc(OC)c(OC)cc23)cc1OC,,,CHEMBL1152084,Bioorg Med Chem Lett,1997.0,,CHEMBL100714,,CHEMBL100714,5.55,0.0,http://www.openphacts.org/units/Nanomolar,185638.0,=,1.0,1.0,=,,IC50,nM,,2800.0,CHEMBL203,Homo sapiens,Epidermal growth factor receptor,9606.0,,,IC50,uM,UO_0000065,,2.8,5.552841968657781,0.0,465.91600000000017,4.469480000000003,2,6,90.28,6,4,3,c1ccc(Nc2ncnc3ccccc23)cc1,False,True,False,False
,,394821.0,[],CHEMBL674693,Inhibition of Epidermal growth factor receptor (EGF-R) tyrosine kinase activity ,B,,,BAO_0000190,BAO_0000357,single protein format,COc1ccc(CC(CO)n2cc(-c3cccc(OC)c3)c3c(N)ncnc32)cc1,,,CHEMBL1134829,Bioorg Med Chem Lett,2001.0,"{'bei': '12.39', 'le': '0.23', 'lle': '1.54', 'sei': '5.25'}",CHEMBL168555,,CHEMBL168555,5.01,0.0,http://www.openphacts.org/units/Nanomolar,333363.0,=,1.0,1.0,=,,IC50,nM,,9700.0,CHEMBL203,Homo sapiens,Epidermal growth factor receptor,9606.0,,,IC50,uM,UO_0000065,,9.7,5.013228265733755,0.0,443.34900000000033,3.6651000000000016,2,7,75.2,7,4,3,c1ccc(CCn2cc(-c3ccccc3)c3cncnc32)cc1,False,False,False,False
,,394825.0,[],CHEMBL674693,Inhibition of Epidermal growth factor receptor (EGF-R) tyrosine kinase activity ,B,,,BAO_0000190,BAO_0000357,single protein format,COc1cccc(-c2cn(C3CCCC3)c3ncnc(N)c23)c1,,,CHEMBL1134829,Bioorg Med Chem Lett,2001.0,"{'bei': '20.55', 'le': '0.38', 'lle': '2.54', 'sei': '9.61'}",CHEMBL168382,,CHEMBL168382,6.34,0.0,http://www.openphacts.org/units/Nanomolar,333369.0,=,1.0,1.0,=,,IC50,nM,,460.0,CHEMBL203,Homo sapiens,Epidermal growth factor receptor,9606.0,,,IC50,uM,UO_0000065,,0.46,6.337242168318426,1.0,443.34900000000033,3.6651000000000016,2,7,75.2,7,4,3,c1ccc(-c2cn(C3CCCC3)c3ncncc23)cc1,False,False,False,False
,,394829.0,[],CHEMBL674693,Inhibition of Epidermal growth factor receptor (EGF-R) tyrosine kinase activity ,B,,,BAO_0000190,BAO_0000357,single protein format,Nc1ncnc2c1c(-c1ccccc1)cn2C1CCC(O)C1,,,CHEMBL1134829,Bioorg Med Chem Lett,2001.0,"{'bei': '20.73', 'le': '0.38', 'lle': '3.33', 'sei': '7.93'}",CHEMBL168285,,CHEMBL168285,6.1,0.0,http://www.openphacts.org/units/Nanomolar,333378.0,=,1.0,1.0,=,,IC50,nM,,790.0,CHEMBL203,Homo sapiens,Epidermal growth factor receptor,9606.0,,,IC50,uM,UO_0000065,,0.79,6.102372908709558,1.0,388.225,3.051700000000001,2,6,91.24,5,3,3,c1ccc(-c2cn(C3CCCC3)c3ncncc23)cc1,False,False,False,False
,,394833.0,[],CHEMBL674693,Inhibition of Epidermal growth factor receptor (EGF-R) tyrosine kinase activity ,B,,,BAO_0000190,BAO_0000357,single protein format,COc1cccc(-c2cn(C3CC(CO)C3)c3ncnc(N)c23)c1,,,CHEMBL1134829,Bioorg Med Chem Lett,2001.0,"{'bei': '19.66', 'le': '0.36', 'lle': '3.75', 'sei': '7.40'}",CHEMBL352801,,CHEMBL352801,6.38,0.0,http://www.openphacts.org/units/Nanomolar,333376.0,=,1.0,1.0,=,,IC50,nM,,420.0,CHEMBL203,Homo sapiens,Epidermal growth factor receptor,9606.0,,,IC50,uM,UO_0000065,,0.42,6.376750709602099,1.0,468.60000000000025,5.503800000000004,2,4,84.46000000000001,9,4,4,c1ccc(-c2cn(C3CCC3)c3ncncc23)cc1,False,False,False,False
,,394911.0,[],CHEMBL674026,Inhibition of EGFR kinase,B,,,BAO_0000190,BAO_0000357,single protein format,COc1nccc(-c2c(-c3ccc(F)cc3)ncn2C2CCNCC2)n1,,,CHEMBL1134743,Bioorg Med Chem Lett,2001.0,,CHEMBL95692,SB-242235,CHEMBL95692,,0.0,http://www.openphacts.org/units/Nanomolar,180418.0,>,1.0,1.0,>,,IC50,nM,,10.0,CHEMBL203,Homo sapiens,Epidermal growth factor receptor,9606.0,,,IC50,nM,UO_0000065,,10.0,8.0,1.0,388.2250000000001,3.4175000000000013,3,6,100.03,6,3,3,c1ccc(-c2ncn(C3CCNCC3)c2-c2ccncn2)cc1,False,False,False,False
,,395224.0,[],CHEMBL679944,Concentration needed to inhibit the phosphorylation of a 14-residue fragment of phospholipase C-gamma1 by Epidermal growth factor receptor (prepared from human A431 carcinoma cell vesicles by immunoaffinity chromatography),B,,,BAO_0000190,BAO_0000357,single protein format,COc1cc2ncnc(Nc3cccc(Br)c3)c2cc1OC,,,CHEMBL1132555,J Med Chem,1999.0,"{'bei': '29.43', 'le': '0.66', 'lle': '6.45', 'sei': '18.84'}",CHEMBL29197,,CHEMBL29197,10.6,1.0,http://www.openphacts.org/units/Nanomolar,296408.0,=,1.0,1.0,=,,IC50,nM,,0.025,CHEMBL203,Homo sapiens,Epidermal growth factor receptor,9606.0,,,IC50,nM,UO_0000065,,0.025,10.602059991327964,1.0,388.2250000000001,3.4175000000000013,3,6,100.03,6,3,3,c1ccc(Nc2ncnc3ccccc23)cc1,False,True,False,False
,,396599.0,[],CHEMBL679944,Concentration needed to inhibit the phosphorylation of a 14-residue fragment of phospholipase C-gamma1 by Epidermal growth factor receptor (prepared from human A431 carcinoma cell vesicles by immunoaffinity chromatography),B,,,BAO_0000190,BAO_0000357,single protein format,CCOC(C)=O.CN(C)CCNc1[nH]cnc2nc3ccccc3c1-2,,,CHEMBL1132555,J Med Chem,1999.0,,CHEMBL357326,,CHEMBL1184578,,0.0,http://www.openphacts.org/units/Nanomolar,296364.0,>,1.0,1.0,>,,IC50,nM,,10000.0,CHEMBL203,Homo sapiens,Epidermal growth factor receptor,9606.0,,,IC50,nM,UO_0000065,,10000.0,5.0,0.0,207.254,2.2183,2,2,49.66,2,2,1,c1ccc2c3c[nH]cnc-3nc2c1,False,False,False,False
,,396600.0,[],CHEMBL679944,Concentration needed to inhibit the phosphorylation of a 14-residue fragment of phospholipase C-gamma1 by Epidermal growth factor receptor (prepared from human A431 carcinoma cell vesicles by immunoaffinity chromatography),B,,,BAO_0000190,BAO_0000357,single protein format,CCN(CC)CCn1c2ccccc2c2c(Nc3cccc(Br)c3)ncnc21,,,CHEMBL1132555,J Med Chem,1999.0,"{'bei': '12.29', 'le': '0.26', 'lle': '-0.04', 'sei': '11.72'}",CHEMBL448730,,CHEMBL448730,5.39,0.0,http://www.openphacts.org/units/Nanomolar,296360.0,=,1.0,1.0,=,,IC50,nM,,4100.0,CHEMBL203,Homo sapiens,Epidermal growth factor receptor,9606.0,,,IC50,nM,UO_0000065,,4100.0,5.3872161432802645,0.0,221.28100000000003,2.3067,1,3,38.66,2,2,1,c1ccc(Nc2ncnc3[nH]c4ccccc4c23)cc1,False,True,False,False
,,396601.0,[],CHEMBL679944,Concentration needed to inhibit the phosphorylation of a 14-residue fragment of phospholipase C-gamma1 by Epidermal growth factor receptor (prepared from human A431 carcinoma cell vesicles by immunoaffinity chromatography),B,,,BAO_0000190,BAO_0000357,single protein format,Cc1cccc(Nc2ncnc3c2sc2ccc([N+](=O)[O-])cc23)c1.Cl,,,CHEMBL1132555,J Med Chem,1999.0,"{'bei': '23.66', 'le': '0.45', 'lle': '3.16', 'sei': '9.83'}",CHEMBL544867,,CHEMBL1193456,7.96,0.0,http://www.openphacts.org/units/Nanomolar,296399.0,=,1.0,1.0,=,,IC50,nM,,11.0,CHEMBL203,Homo sapiens,Epidermal growth factor receptor,9606.0,,,IC50,nM,UO_0000065,,11.0,7.958607314841775,1.0,480.3660000000002,4.677480000000003,2,6,90.28,7,3,3,c1ccc(Nc2ncnc3c2sc2ccccc23)cc1,False,True,False,False
,,396602.0,[],CHEMBL679944,Concentration needed to inhibit the phosphorylation of a 14-residue fragment of phospholipase C-gamma1 by Epidermal growth factor receptor (prepared from human A431 carcinoma cell vesicles by immunoaffinity chromatography),B,,,BAO_0000190,BAO_0000357,single protein format,Cl.O=[N+]([O-])c1ccc2sc3c(Nc4cccc(C(F)(F)F)c4)ncnc3c2c1,,,CHEMBL1132555,J Med Chem,1999.0,"{'bei': '16.23', 'le': '0.32', 'lle': '0.82', 'sei': '7.83'}",CHEMBL538814,,CHEMBL1189489,6.34,0.0,http://www.openphacts.org/units/Nanomolar,296398.0,=,1.0,1.0,=,,IC50,nM,,460.0,CHEMBL203,Homo sapiens,Epidermal growth factor receptor,9606.0,,,IC50,nM,UO_0000065,,460.0,6.337242168318426,1.0,374.1980000000001,3.027400000000001,3,6,100.03,5,3,3,c1ccc(Nc2ncnc3c2sc2ccccc23)cc1,False,True,False,False
,,397434.0,[],CHEMBL621024,Inhibition of epidermal growth factor receptor (EGF-R) autophosphorylation in A431 cells,F,,,BAO_0000190,BAO_0000219,cell-based format,COc1ccc(Oc2ncnc3cc(OC)c(OC)cc23)cc1OC,,,CHEMBL1152084,Bioorg Med Chem Lett,1997.0,,CHEMBL431818,,CHEMBL431818,,0.0,http://www.openphacts.org/units/Nanomolar,185640.0,>,1.0,1.0,>,,IC50,nM,,100000.0,CHEMBL203,Homo sapiens,Epidermal growth factor receptor,9606.0,,,IC50,uM,UO_0000065,,100.0,4.0,0.0,440.5460000000003,4.879600000000003,2,6,84.18,7,4,4,c1ccc(Oc2ncnc3ccccc23)cc1,False,False,False,False
,,397799.0,[],CHEMBL679944,Concentration needed to inhibit the phosphorylation of a 14-residue fragment of phospholipase C-gamma1 by Epidermal growth factor receptor (prepared from human A431 carcinoma cell vesicles by immunoaffinity chromatography),B,,,BAO_0000190,BAO_0000357,single protein format,c1ccc2c3nc[nH]c(NC4CCCCC4)c-3nc2c1,,,CHEMBL1132555,J Med Chem,1999.0,,CHEMBL348003,,CHEMBL348003,,0.0,http://www.openphacts.org/units/Nanomolar,296366.0,>,1.0,1.0,>,,IC50,nM,,100000.0,CHEMBL203,Homo sapiens,Epidermal growth factor receptor,9606.0,,,IC50,nM,UO_0000065,,100000.0,4.0,0.0,451.2800000000001,4.132480000000003,2,6,96.27,5,3,3,c1ccc2c3nc[nH]c(NC4CCCCC4)c-3nc2c1,False,False,False,False
,,397800.0,[],CHEMBL679944,Concentration needed to inhibit the phosphorylation of a 14-residue fragment of phospholipase C-gamma1 by Epidermal growth factor receptor (prepared from human A431 carcinoma cell vesicles by immunoaffinity chromatography),B,,,BAO_0000190,BAO_0000357,single protein format,COc1cccc2sc3c(Nc4cccc(Br)c4)ncnc3c12.Cl,,,CHEMBL1132555,J Med Chem,1999.0,"{'bei': '19.93', 'le': '0.46', 'lle': '2.34', 'sei': '16.37'}",CHEMBL542755,,CHEMBL1191631,7.7,0.0,http://www.openphacts.org/units/Nanomolar,296382.0,=,1.0,1.0,=,,IC50,nM,,20.0,CHEMBL203,Homo sapiens,Epidermal growth factor receptor,9606.0,,,IC50,nM,UO_0000065,,20.0,7.698970004336019,1.0,280.3310000000001,3.1111000000000013,2,4,76.96000000000001,2,4,3,c1ccc(Nc2ncnc3c2sc2ccccc23)cc1,False,True,False,False
,,400160.0,[],CHEMBL679944,Concentration needed to inhibit the phosphorylation of a 14-residue fragment of phospholipase C-gamma1 by Epidermal growth factor receptor (prepared from human A431 carcinoma cell vesicles by immunoaffinity chromatography),B,,,BAO_0000190,BAO_0000357,single protein format,CNc1cc2c(Nc3cccc(Br)c3)ncnc2cn1,Outside typical range,"Values for this activity type are unusually large/small, so may not be accurate",CHEMBL1132555,J Med Chem,1999.0,,CHEMBL53753,,CHEMBL53753,,1.0,http://www.openphacts.org/units/Nanomolar,296357.0,=,1.0,1.0,=,,IC50,nM,,0.008,CHEMBL203,Homo sapiens,Epidermal growth factor receptor,9606.0,,,IC50,nM,UO_0000065,,0.008,11.096910013008056,1.0,291.786,2.4580000000000006,2,4,56.84,4,3,1,c1ccc(Nc2ncnc3cnccc23)cc1,False,True,False,False
,,400161.0,[],CHEMBL679944,Concentration needed to inhibit the phosphorylation of a 14-residue fragment of phospholipase C-gamma1 by Epidermal growth factor receptor (prepared from human A431 carcinoma cell vesicles by immunoaffinity chromatography),B,,,BAO_0000190,BAO_0000357,single protein format,COc1ccc2[nH]c3ncnc(Nc4cccc(Br)c4)c3c2c1,,,CHEMBL1132555,J Med Chem,1999.0,"{'bei': '24.16', 'le': '0.53', 'lle': '4.29', 'sei': '14.20'}",CHEMBL153206,,CHEMBL153206,8.92,0.0,http://www.openphacts.org/units/Nanomolar,296405.0,=,1.0,1.0,=,,IC50,nM,,1.2,CHEMBL203,Homo sapiens,Epidermal growth factor receptor,9606.0,,,IC50,nM,UO_0000065,,1.2,8.920818753952375,1.0,308.385,3.8042000000000016,1,4,65.96,3,4,3,c1ccc(Nc2ncnc3[nH]c4ccccc4c23)cc1,False,True,False,False
,,400162.0,[],CHEMBL677214,Inhibition of Epidermal growth factor receptor autophosphorylation in A431 cells,B,,,BAO_0000190,BAO_0000219,cell-based format,COc1ccc2[nH]c3ncnc(Nc4cccc(Br)c4)c3c2c1,,,CHEMBL1132555,J Med Chem,1999.0,"{'bei': '21.36', 'le': '0.47', 'lle': '3.26', 'sei': '12.55'}",CHEMBL153206,,CHEMBL153206,7.89,0.0,http://www.openphacts.org/units/Nanomolar,296405.0,=,1.0,1.0,=,,IC50,nM,,13.0,CHEMBL203,Homo sapiens,Epidermal growth factor receptor,9606.0,,,IC50,nM,UO_0000065,,13.0,7.886056647693163,1.0,367.4530000000001,2.2220999999999997,3,6,98.22,7,4,3,c1ccc(Nc2ncnc3[nH]c4ccccc4c23)cc1,False,True,False,False
,,400167.0,[],CHEMBL679944,Concentration needed to inhibit the phosphorylation of a 14-residue fragment of phospholipase C-gamma1 by Epidermal growth factor receptor (prepared from human A431 carcinoma cell vesicles by immunoaffinity chromatography),B,,,BAO_0000190,BAO_0000357,single protein format,COc1ccc2c(c1)sc1c(Nc3cccc(Br)c3)ncnc12,,,CHEMBL1132555,J Med Chem,1999.0,"{'bei': '18.37', 'le': '0.42', 'lle': '1.74', 'sei': '15.09'}",CHEMBL346846,,CHEMBL346846,7.1,0.0,http://www.openphacts.org/units/Nanomolar,296388.0,=,1.0,1.0,=,,IC50,nM,,80.0,CHEMBL203,Homo sapiens,Epidermal growth factor receptor,9606.0,,,IC50,nM,UO_0000065,,80.0,7.096910013008056,1.0,339.1960000000001,4.617200000000001,2,3,53.6,2,4,4,c1ccc(Nc2ncnc3c2sc2ccccc23)cc1,False,True,False,False
,,401413.0,[],CHEMBL674693,Inhibition of Epidermal growth factor receptor (EGF-R) tyrosine kinase activity ,B,,,BAO_0000190,BAO_0000357,single protein format,COc1ccc(CC(CO)n2cc(-c3cccc(O)c3)c3c(N)ncnc32)cc1,,,CHEMBL1134829,Bioorg Med Chem Lett,2001.0,"{'bei': '14.01', 'le': '0.26', 'lle': '2.30', 'sei': '5.14'}",CHEMBL169467,,CHEMBL169467,5.47,0.0,http://www.openphacts.org/units/Nanomolar,333380.0,=,1.0,1.0,=,,IC50,nM,,3400.0,CHEMBL203,Homo sapiens,Epidermal growth factor receptor,9606.0,,,IC50,uM,UO_0000065,,3.4,5.468521082957745,0.0,305.406,5.017600000000003,1,4,37.81,3,4,4,c1ccc(CCn2cc(-c3ccccc3)c3cncnc32)cc1,False,False,False,False
,,401417.0,[],CHEMBL674693,Inhibition of Epidermal growth factor receptor (EGF-R) tyrosine kinase activity ,B,,,BAO_0000190,BAO_0000357,single protein format,Nc1ncnc2c1c(-c1ccccc1)cn2C1CC(O)C1,,,CHEMBL1134829,Bioorg Med Chem Lett,2001.0,"{'bei': '19.80', 'le': '0.36', 'lle': '3.17', 'sei': '7.21'}",CHEMBL168266,,CHEMBL168266,5.55,0.0,http://www.openphacts.org/units/Nanomolar,333377.0,=,1.0,1.0,=,,IC50,nM,,2820.0,CHEMBL203,Homo sapiens,Epidermal growth factor receptor,9606.0,,,IC50,uM,UO_0000065,,2.82,5.549750891680639,0.0,371.2630000000001,4.932800000000002,2,5,63.83,2,4,4,c1ccc(-c2cn(C3CCC3)c3ncncc23)cc1,False,False,False,False
,,401724.0,[],CHEMBL679944,Concentration needed to inhibit the phosphorylation of a 14-residue fragment of phospholipase C-gamma1 by Epidermal growth factor receptor (prepared from human A431 carcinoma cell vesicles by immunoaffinity chromatography),B,,,BAO_0000190,BAO_0000357,single protein format,CN(C)c1ccc2sc3c(Nc4cccc(Br)c4)ncnc3c2c1,,,CHEMBL1132555,J Med Chem,1999.0,"{'bei': '19.29', 'le': '0.44', 'lle': '2.28', 'sei': '18.77'}",CHEMBL153739,,CHEMBL153739,7.7,0.0,http://www.openphacts.org/units/Nanomolar,296386.0,=,1.0,1.0,=,,IC50,nM,,19.8,CHEMBL203,Homo sapiens,Epidermal growth factor receptor,9606.0,,,IC50,nM,UO_0000065,,19.8,7.703334809738469,1.0,371.2630000000001,4.932800000000002,2,5,63.83,2,4,4,c1ccc(Nc2ncnc3c2sc2ccccc23)cc1,False,True,False,False
,,404127.0,[],CHEMBL674693,Inhibition of Epidermal growth factor receptor (EGF-R) tyrosine kinase activity ,B,,,BAO_0000190,BAO_0000357,single protein format,COc1cccc(-c2cn(C3CC(C(=O)NCCO)C3)c3ncnc(N)c23)c1,,,CHEMBL1134829,Bioorg Med Chem Lett,2001.0,"{'bei': '16.99', 'le': '0.32', 'lle': '4.73', 'sei': '5.62'}",CHEMBL354310,,CHEMBL354310,6.48,0.0,http://www.openphacts.org/units/Nanomolar,333375.0,=,1.0,1.0,=,,IC50,nM,,330.0,CHEMBL203,Homo sapiens,Epidermal growth factor receptor,9606.0,,,IC50,uM,UO_0000065,,0.33,6.481486060122113,1.0,341.36700000000013,3.4078000000000017,1,7,74.73,6,3,3,c1ccc(-c2cn(C3CCC3)c3ncncc23)cc1,False,False,False,False
,,404725.0,[],CHEMBL679944,Concentration needed to inhibit the phosphorylation of a 14-residue fragment of phospholipase C-gamma1 by Epidermal growth factor receptor (prepared from human A431 carcinoma cell vesicles by immunoaffinity chromatography),B,,,BAO_0000190,BAO_0000357,single protein format,Cn1c2ccccc2c2c(Nc3cccc(Br)c3)ncnc21,,,CHEMBL1132555,J Med Chem,1999.0,"{'bei': '17.35', 'le': '0.38', 'lle': '1.50', 'sei': '14.34'}",CHEMBL152984,,CHEMBL152984,6.13,0.0,http://www.openphacts.org/units/Nanomolar,296361.0,=,1.0,1.0,=,,IC50,nM,,742.0,CHEMBL203,Homo sapiens,Epidermal growth factor receptor,9606.0,,,IC50,nM,UO_0000065,,742.0,6.129596094720973,1.0,404.4700000000002,3.4738000000000016,2,6,95.42,7,4,4,c1ccc(Nc2ncnc3[nH]c4ccccc4c23)cc1,False,True,False,False
,,404726.0,[],CHEMBL677214,Inhibition of Epidermal growth factor receptor autophosphorylation in A431 cells,B,,,BAO_0000190,BAO_0000219,cell-based format,Cn1c2ccccc2c2c(Nc3cccc(Br)c3)ncnc21,,,CHEMBL1132555,J Med Chem,1999.0,"{'bei': '17.31', 'le': '0.38', 'lle': '1.48', 'sei': '14.31'}",CHEMBL152984,,CHEMBL152984,6.11,0.0,http://www.openphacts.org/units/Nanomolar,296361.0,=,1.0,1.0,=,,IC50,nM,,769.0,CHEMBL203,Homo sapiens,Epidermal growth factor receptor,9606.0,,,IC50,nM,UO_0000065,,769.0,6.114073660198569,1.0,308.385,3.8042000000000016,1,4,65.96,3,4,3,c1ccc(Nc2ncnc3[nH]c4ccccc4c23)cc1,False,True,False,False
,,404727.0,[],CHEMBL679944,Concentration needed to inhibit the phosphorylation of a 14-residue fragment of phospholipase C-gamma1 by Epidermal growth factor receptor (prepared from human A431 carcinoma cell vesicles by immunoaffinity chromatography),B,,,BAO_0000190,BAO_0000357,single protein format,Cc1nc(Nc2cccc(Br)c2)c2c(n1)[nH]c1ccccc12.Cl,,,CHEMBL1132555,J Med Chem,1999.0,,CHEMBL555739,,CHEMBL1195996,,0.0,http://www.openphacts.org/units/Nanomolar,296359.0,>,1.0,1.0,>,,IC50,nM,,10000.0,CHEMBL203,Homo sapiens,Epidermal growth factor receptor,9606.0,,,IC50,nM,UO_0000065,,10000.0,5.0,0.0,294.35800000000006,2.766400000000001,2,4,76.96,2,4,3,c1ccc(Nc2ncnc3[nH]c4ccccc4c23)cc1,False,True,False,False
,,405888.0,[],CHEMBL679944,Concentration needed to inhibit the phosphorylation of a 14-residue fragment of phospholipase C-gamma1 by Epidermal growth factor receptor (prepared from human A431 carcinoma cell vesicles by immunoaffinity chromatography),B,,,BAO_0000190,BAO_0000357,single protein format,Cl.c1ccc(Nc2[nH]cnc3c4ccccc4nc2-3)cc1,,,CHEMBL1132555,J Med Chem,1999.0,"{'bei': '21.80', 'le': '0.39', 'lle': '1.87', 'sei': '10.59'}",CHEMBL544640,,CHEMBL1193264,5.68,0.0,http://www.openphacts.org/units/Nanomolar,296371.0,=,1.0,1.0,=,,IC50,nM,,2110.0,CHEMBL203,Homo sapiens,Epidermal growth factor receptor,9606.0,,,IC50,nM,UO_0000065,,2110.0,5.675717544702307,0.0,324.384,2.6324999999999994,2,5,86.19,4,4,3,c1ccc(Nc2[nH]cnc3c4ccccc4nc2-3)cc1,False,True,False,False
,,405889.0,[],CHEMBL679944,Concentration needed to inhibit the phosphorylation of a 14-residue fragment of phospholipase C-gamma1 by Epidermal growth factor receptor (prepared from human A431 carcinoma cell vesicles by immunoaffinity chromatography),B,,,BAO_0000190,BAO_0000357,single protein format,c1ccc(Nc2[nH]cnc3nc4ccccc4c2-3)cc1,,,CHEMBL1132555,J Med Chem,1999.0,"{'bei': '25.27', 'le': '0.45', 'lle': '2.77', 'sei': '12.27'}",CHEMBL150280,,CHEMBL150280,6.58,0.0,http://www.openphacts.org/units/Nanomolar,296363.0,=,1.0,1.0,=,,IC50,nM,,264.0,CHEMBL203,Homo sapiens,Epidermal growth factor receptor,9606.0,,,IC50,nM,UO_0000065,,264.0,6.578396073130169,1.0,353.4010000000002,3.079300000000001,1,5,64.86000000000001,4,4,3,c1ccc(Nc2[nH]cnc3nc4ccccc4c2-3)cc1,False,True,False,False
,,405890.0,[],CHEMBL679944,Concentration needed to inhibit the phosphorylation of a 14-residue fragment of phospholipase C-gamma1 by Epidermal growth factor receptor (prepared from human A431 carcinoma cell vesicles by immunoaffinity chromatography),B,,,BAO_0000190,BAO_0000357,single protein format,Cl.O=[N+]([O-])c1ccc2sc3c(Nc4cccc(Br)c4)ncnc3c2c1,,,CHEMBL1132555,J Med Chem,1999.0,"{'bei': '19.71', 'le': '0.45', 'lle': '2.65', 'sei': '9.77'}",CHEMBL553351,,CHEMBL1194821,7.91,0.0,http://www.openphacts.org/units/Nanomolar,296397.0,=,1.0,1.0,=,,IC50,nM,,12.3,CHEMBL203,Homo sapiens,Epidermal growth factor receptor,9606.0,,,IC50,nM,UO_0000065,,12.3,7.910094888560602,1.0,360.2110000000001,4.153100000000003,1,5,56.27000000000001,4,3,3,c1ccc(Nc2ncnc3c2sc2ccccc23)cc1,False,True,False,False
,,405891.0,[],CHEMBL679944,Concentration needed to inhibit the phosphorylation of a 14-residue fragment of phospholipase C-gamma1 by Epidermal growth factor receptor (prepared from human A431 carcinoma cell vesicles by immunoaffinity chromatography),B,,,BAO_0000190,BAO_0000357,single protein format,Clc1cccc(Nc2ncnc3c2sc2ncccc23)c1,,,CHEMBL1132555,J Med Chem,1999.0,,CHEMBL150390,,CHEMBL150390,,0.0,http://www.openphacts.org/units/Nanomolar,296380.0,>,1.0,1.0,>,,IC50,nM,,1000.0,CHEMBL203,Homo sapiens,Epidermal growth factor receptor,9606.0,,,IC50,nM,UO_0000065,,1000.0,6.0,1.0,343.4310000000001,2.6056,2,6,83.14,5,3,1,c1ccc(Nc2ncnc3c2sc2ncccc23)cc1,False,True,False,False
,,406678.0,[],CHEMBL621024,Inhibition of epidermal growth factor receptor (EGF-R) autophosphorylation in A431 cells,F,,,BAO_0000190,BAO_0000219,cell-based format,COc1cc2nccc(Nc3cccc(Br)c3)c2cc1OC,,,CHEMBL1152084,Bioorg Med Chem Lett,1997.0,,CHEMBL98248,,CHEMBL98248,6.43,0.0,http://www.openphacts.org/units/Nanomolar,185637.0,=,1.0,1.0,=,,IC50,nM,,370.0,CHEMBL203,Homo sapiens,Epidermal growth factor receptor,9606.0,,,IC50,uM,UO_0000065,,0.37,6.431798275933005,1.0,438.3730000000001,5.432400000000005,1,4,45.98,7,4,4,c1ccc(Nc2ccnc3ccccc23)cc1,False,True,False,False
,,406680.0,[],CHEMBL621024,Inhibition of epidermal growth factor receptor (EGF-R) autophosphorylation in A431 cells,F,,,BAO_0000190,BAO_0000219,cell-based format,COc1cc2ncnc(Oc3cccc(Br)c3)c2cc1OC,,,CHEMBL1152084,Bioorg Med Chem Lett,1997.0,,CHEMBL98798,,CHEMBL98798,7.16,0.0,http://www.openphacts.org/units/Nanomolar,185636.0,=,1.0,1.0,=,,IC50,nM,,70.0,CHEMBL203,Homo sapiens,Epidermal growth factor receptor,9606.0,,,IC50,uM,UO_0000065,,0.07,7.154901959985743,1.0,372.8370000000001,5.226520000000003,1,6,80.95,3,4,4,c1ccc(Oc2ncnc3ccccc23)cc1,False,False,False,False
,,407148.0,[],CHEMBL679944,Concentration needed to inhibit the phosphorylation of a 14-residue fragment of phospholipase C-gamma1 by Epidermal growth factor receptor (prepared from human A431 carcinoma cell vesicles by immunoaffinity chromatography),B,,,BAO_0000190,BAO_0000357,single protein format,Brc1cccc(Nc2[nH]cnc3nc4ccccc4c2-3)c1,,,CHEMBL1132555,J Med Chem,1999.0,"{'bei': '22.14', 'le': '0.49', 'lle': '2.94', 'sei': '14.01'}",CHEMBL423224,,CHEMBL423224,7.51,0.0,http://www.openphacts.org/units/Nanomolar,296362.0,=,1.0,1.0,=,,IC50,nM,,31.0,CHEMBL203,Homo sapiens,Epidermal growth factor receptor,9606.0,,,IC50,nM,UO_0000065,,31.0,7.508638306165727,1.0,426.8070000000001,5.936900000000002,1,6,80.95,3,4,4,c1ccc(Nc2[nH]cnc3nc4ccccc4c2-3)cc1,False,True,False,False
,,407149.0,[],CHEMBL677214,Inhibition of Epidermal growth factor receptor autophosphorylation in A431 cells,B,,,BAO_0000190,BAO_0000219,cell-based format,Brc1cccc(Nc2[nH]cnc3nc4ccccc4c2-3)c1,,,CHEMBL1132555,J Med Chem,1999.0,"{'bei': '18.28', 'le': '0.40', 'lle': '1.63', 'sei': '11.57'}",CHEMBL423224,,CHEMBL423224,6.2,0.0,http://www.openphacts.org/units/Nanomolar,296362.0,=,1.0,1.0,=,,IC50,nM,,630.0,CHEMBL203,Homo sapiens,Epidermal growth factor receptor,9606.0,,,IC50,nM,UO_0000065,,630.0,6.200659450546418,1.0,342.3510000000001,3.456500000000002,0,7,71.93,6,3,3,c1ccc(Nc2[nH]cnc3nc4ccccc4c2-3)cc1,False,True,False,False
,,407150.0,[],CHEMBL679944,Concentration needed to inhibit the phosphorylation of a 14-residue fragment of phospholipase C-gamma1 by Epidermal growth factor receptor (prepared from human A431 carcinoma cell vesicles by immunoaffinity chromatography),B,,,BAO_0000190,BAO_0000357,single protein format,Nc1ccc2sc3c(Nc4cccc(C(F)(F)F)c4)ncnc3c2c1,,,CHEMBL1132555,J Med Chem,1999.0,"{'bei': '20.33', 'le': '0.40', 'lle': '2.14', 'sei': '11.48'}",CHEMBL347282,,CHEMBL347282,7.33,0.0,http://www.openphacts.org/units/Nanomolar,296394.0,=,1.0,1.0,=,,IC50,nM,,47.0,CHEMBL203,Homo sapiens,Epidermal growth factor receptor,9606.0,,,IC50,nM,UO_0000065,,47.0,7.327902142064283,1.0,266.3479999999999,3.8073000000000015,2,3,53.6,2,4,1,c1ccc(Nc2ncnc3c2sc2ccccc23)cc1,False,True,False,False
,,409490.0,[],CHEMBL679944,Concentration needed to inhibit the phosphorylation of a 14-residue fragment of phospholipase C-gamma1 by Epidermal growth factor receptor (prepared from human A431 carcinoma cell vesicles by immunoaffinity chromatography),B,,,BAO_0000190,BAO_0000357,single protein format,c1ccc(CNc2[nH]cnc3c4ccccc4nc2-3)cc1,,,CHEMBL1132555,J Med Chem,1999.0,"{'bei': '23.10', 'le': '0.41', 'lle': '2.67', 'sei': '11.82'}",CHEMBL357097,,CHEMBL357097,6.34,0.0,http://www.openphacts.org/units/Nanomolar,296368.0,=,1.0,1.0,=,,IC50,nM,,460.0,CHEMBL203,Homo sapiens,Epidermal growth factor receptor,9606.0,,,IC50,nM,UO_0000065,,460.0,6.337242168318426,1.0,422.73500000000007,5.781000000000003,1,5,47.04,3,4,4,c1ccc(CNc2[nH]cnc3c4ccccc4nc2-3)cc1,False,False,False,False
,,409491.0,[],CHEMBL679944,Concentration needed to inhibit the phosphorylation of a 14-residue fragment of phospholipase C-gamma1 by Epidermal growth factor receptor (prepared from human A431 carcinoma cell vesicles by immunoaffinity chromatography),B,,,BAO_0000190,BAO_0000357,single protein format,Brc1cccc(Nc2ncnc3c2sc2ncsc23)c1.CO,,,CHEMBL1132555,J Med Chem,1999.0,"{'bei': '20.37', 'le': '0.51', 'lle': '2.59', 'sei': '14.59'}",CHEMBL346863,,CHEMBL1184382,7.4,0.0,http://www.openphacts.org/units/Nanomolar,296378.0,=,1.0,1.0,=,,IC50,nM,,40.0,CHEMBL203,Homo sapiens,Epidermal growth factor receptor,9606.0,,,IC50,nM,UO_0000065,,40.0,7.397940008672037,1.0,330.189,3.572600000000002,2,5,62.73,3,3,3,c1ccc(Nc2ncnc3c2sc2ncsc23)cc1,False,True,False,False
,,410355.0,[],CHEMBL621024,Inhibition of epidermal growth factor receptor (EGF-R) autophosphorylation in A431 cells,F,,,BAO_0000190,BAO_0000219,cell-based format,COc1cc2nccc(Oc3cccc(Br)c3)c2cc1OC,,,CHEMBL1152084,Bioorg Med Chem Lett,1997.0,,CHEMBL101581,,CHEMBL101581,5.6,0.0,http://www.openphacts.org/units/Nanomolar,185647.0,=,1.0,1.0,=,,IC50,nM,,2500.0,CHEMBL203,Homo sapiens,Epidermal growth factor receptor,9606.0,,,IC50,uM,UO_0000065,,2.5,5.6020599913279625,0.0,369.2220000000001,4.625800000000003,2,4,62.83,3,4,4,c1ccc(Oc2ccnc3ccccc23)cc1,False,False,False,False
,,410436.0,[],CHEMBL674693,Inhibition of Epidermal growth factor receptor (EGF-R) tyrosine kinase activity ,B,,,BAO_0000190,BAO_0000357,single protein format,Nc1ncnc2c1c(-c1ccc(O)cc1)cn2C1CCCC1,,,CHEMBL1134829,Bioorg Med Chem Lett,2001.0,"{'bei': '22.43', 'le': '0.41', 'lle': '3.10', 'sei': '8.58'}",CHEMBL169570,,CHEMBL169570,6.6,0.0,http://www.openphacts.org/units/Nanomolar,333370.0,=,1.0,1.0,=,,IC50,nM,,250.0,CHEMBL203,Homo sapiens,Epidermal growth factor receptor,9606.0,,,IC50,uM,UO_0000065,,0.25,6.6020599913279625,1.0,369.2220000000001,4.625800000000003,2,4,62.83,3,4,4,c1ccc(-c2cn(C3CCCC3)c3ncncc23)cc1,False,False,False,False
,,410710.0,[],CHEMBL679944,Concentration needed to inhibit the phosphorylation of a 14-residue fragment of phospholipase C-gamma1 by Epidermal growth factor receptor (prepared from human A431 carcinoma cell vesicles by immunoaffinity chromatography),B,,,BAO_0000190,BAO_0000357,single protein format,Cc1cccc(Nc2cc(NCCO)ncn2)c1,,,CHEMBL1132555,J Med Chem,1999.0,"{'bei': '36.84', 'le': '0.68', 'lle': '7.07', 'sei': '12.84'}",CHEMBL415738,,CHEMBL415738,9.0,0.0,http://www.openphacts.org/units/Nanomolar,296355.0,=,1.0,1.0,=,,IC50,nM,,1.0,CHEMBL203,Homo sapiens,Epidermal growth factor receptor,9606.0,,,IC50,nM,UO_0000065,,1.0,9.0,1.0,386.27400000000006,5.359200000000003,1,5,47.04,3,4,4,c1ccc(Nc2ccncn2)cc1,False,True,False,False
,,410711.0,[],CHEMBL679944,Concentration needed to inhibit the phosphorylation of a 14-residue fragment of phospholipase C-gamma1 by Epidermal growth factor receptor (prepared from human A431 carcinoma cell vesicles by immunoaffinity chromatography),B,,,BAO_0000190,BAO_0000357,single protein format,Brc1cccc(Nc2ncnc3c2sc2ncccc23)c1,,,CHEMBL1132555,J Med Chem,1999.0,"{'bei': '17.17', 'le': '0.40', 'lle': '1.39', 'sei': '12.10'}",CHEMBL153409,,CHEMBL153409,6.13,0.0,http://www.openphacts.org/units/Nanomolar,296379.0,=,1.0,1.0,=,,IC50,nM,,732.0,CHEMBL203,Homo sapiens,Epidermal growth factor receptor,9606.0,,,IC50,nM,UO_0000065,,732.0,6.135488918941608,1.0,390.44300000000015,3.1708000000000007,3,6,106.42,6,4,4,c1ccc(Nc2ncnc3c2sc2ncccc23)cc1,False,True,False,False
,,411591.0,[],CHEMBL674693,Inhibition of Epidermal growth factor receptor (EGF-R) tyrosine kinase activity ,B,,,BAO_0000190,BAO_0000357,single protein format,COc1ccc(CC(CO)n2cc(-c3ccccc3)c3c(N)ncnc32)cc1,,,CHEMBL1134829,Bioorg Med Chem Lett,2001.0,"{'bei': '12.93', 'le': '0.24', 'lle': '1.37', 'sei': '5.62'}",CHEMBL171256,,CHEMBL171256,4.84,0.0,http://www.openphacts.org/units/Nanomolar,333381.0,=,1.0,1.0,=,,IC50,nM,,14400.0,CHEMBL203,Homo sapiens,Epidermal growth factor receptor,9606.0,,,IC50,uM,UO_0000065,,14.4,4.841637507904751,0.0,280.3310000000001,2.3763000000000005,2,4,76.96,2,4,3,c1ccc(CCn2cc(-c3ccccc3)c3cncnc32)cc1,False,False,False,False
,,411983.0,[],CHEMBL679944,Concentration needed to inhibit the phosphorylation of a 14-residue fragment of phospholipase C-gamma1 by Epidermal growth factor receptor (prepared from human A431 carcinoma cell vesicles by immunoaffinity chromatography),B,,,BAO_0000190,BAO_0000357,single protein format,Clc1cccc(Nc2ncnc3ccccc23)c1,,,CHEMBL1132555,J Med Chem,1999.0,"{'bei': '29.87', 'le': '0.58', 'lle': '3.61', 'sei': '20.20'}",CHEMBL329672,,CHEMBL329672,7.64,1.0,http://www.openphacts.org/units/Nanomolar,296410.0,=,1.0,1.0,=,,IC50,nM,,23.0,CHEMBL203,Homo sapiens,Epidermal growth factor receptor,9606.0,,,IC50,nM,UO_0000065,,23.0,7.638272163982407,1.0,399.31700000000006,5.416600000000003,1,5,41.05,3,4,4,c1ccc(Nc2ncnc3ccccc23)cc1,False,True,False,False
,,412761.0,[],CHEMBL621024,Inhibition of epidermal growth factor receptor (EGF-R) autophosphorylation in A431 cells,F,,,BAO_0000190,BAO_0000219,cell-based format,COc1cc2ncnc(Nc3cccc(Br)c3)c2cc1OC,,,CHEMBL1152084,Bioorg Med Chem Lett,1997.0,,CHEMBL29197,,CHEMBL29197,8.4,1.0,http://www.openphacts.org/units/Nanomolar,185635.0,=,1.0,1.0,=,,IC50,nM,,4.0,CHEMBL203,Homo sapiens,Epidermal growth factor receptor,9606.0,,,IC50,uM,UO_0000065,,0.004,8.397940008672037,1.0,381.4360000000001,1.7486999999999997,3,6,115.29,6,4,3,c1ccc(Nc2ncnc3ccccc23)cc1,False,True,False,False
,,412827.0,[],CHEMBL674693,Inhibition of Epidermal growth factor receptor (EGF-R) tyrosine kinase activity ,B,,,BAO_0000190,BAO_0000357,single protein format,Nc1ncnc2c1c(-c1ccc(O)cc1)cn2C1CCC1,,,CHEMBL1134829,Bioorg Med Chem Lett,2001.0,"{'bei': '22.19', 'le': '0.40', 'lle': '3.11', 'sei': '8.08'}",CHEMBL166765,,CHEMBL166765,6.22,0.0,http://www.openphacts.org/units/Nanomolar,333365.0,=,1.0,1.0,=,,IC50,nM,,600.0,CHEMBL203,Homo sapiens,Epidermal growth factor receptor,9606.0,,,IC50,uM,UO_0000065,,0.6,6.221848749616356,1.0,353.223,4.627600000000002,1,3,42.74,2,4,4,c1ccc(-c2cn(C3CCC3)c3ncncc23)cc1,False,False,False,False
,,414368.0,[],CHEMBL679944,Concentration needed to inhibit the phosphorylation of a 14-residue fragment of phospholipase C-gamma1 by Epidermal growth factor receptor (prepared from human A431 carcinoma cell vesicles by immunoaffinity chromatography),B,,,BAO_0000190,BAO_0000357,single protein format,Cl.Cn1c2ccccc2c2ncnc(Nc3cccc(Br)c3)c21,,,CHEMBL1132555,J Med Chem,1999.0,"{'bei': '19.48', 'le': '0.43', 'lle': '2.25', 'sei': '16.10'}",CHEMBL553137,,CHEMBL1194711,6.88,0.0,http://www.openphacts.org/units/Nanomolar,296369.0,=,1.0,1.0,=,,IC50,nM,,132.0,CHEMBL203,Homo sapiens,Epidermal growth factor receptor,9606.0,,,IC50,nM,UO_0000065,,132.0,6.87942606879415,1.0,353.223,4.627600000000002,1,3,42.74,2,4,4,c1ccc(Nc2ncnc3c2[nH]c2ccccc23)cc1,False,True,False,False
,,415280.0,[],CHEMBL674693,Inhibition of Epidermal growth factor receptor (EGF-R) tyrosine kinase activity ,B,,,BAO_0000190,BAO_0000357,single protein format,Nc1ncnc2c1c(-c1cccc(O)c1)cn2C1CCCC1,,,CHEMBL1134829,Bioorg Med Chem Lett,2001.0,"{'bei': '24.11', 'le': '0.44', 'lle': '3.60', 'sei': '9.22'}",CHEMBL169390,,CHEMBL169390,7.1,0.0,http://www.openphacts.org/units/Nanomolar,333368.0,=,1.0,1.0,=,,IC50,nM,,80.0,CHEMBL203,Homo sapiens,Epidermal growth factor receptor,9606.0,,,IC50,uM,UO_0000065,,0.08,7.096910013008056,1.0,389.684,5.347420000000003,2,3,53.6,2,4,4,c1ccc(-c2cn(C3CCCC3)c3ncncc23)cc1,False,False,False,False
,,415681.0,[],CHEMBL679944,Concentration needed to inhibit the phosphorylation of a 14-residue fragment of phospholipase C-gamma1 by Epidermal growth factor receptor (prepared from human A431 carcinoma cell vesicles by immunoaffinity chromatography),B,,,BAO_0000190,BAO_0000357,single protein format,Brc1cccc(Nc2ncnc3cc4[nH]ccc4cc23)c1,,,CHEMBL1132555,J Med Chem,1999.0,"{'bei': '27.74', 'le': '0.61', 'lle': '4.79', 'sei': '17.55'}",CHEMBL40734,,CHEMBL40734,9.41,0.0,http://www.openphacts.org/units/Nanomolar,296358.0,=,1.0,1.0,=,,IC50,nM,,0.39,CHEMBL203,Homo sapiens,Epidermal growth factor receptor,9606.0,,,IC50,nM,UO_0000065,,0.39,9.4089353929735,1.0,296.7610000000001,4.228100000000002,2,3,53.6,2,4,2,c1ccc(Nc2ncnc3cc4[nH]ccc4cc23)cc1,False,True,False,False
,,416872.0,[],CHEMBL679944,Concentration needed to inhibit the phosphorylation of a 14-residue fragment of phospholipase C-gamma1 by Epidermal growth factor receptor (prepared from human A431 carcinoma cell vesicles by immunoaffinity chromatography),B,,,BAO_0000190,BAO_0000357,single protein format,Brc1cccc(Nc2ncnc3ccc4[nH]cnc4c23)c1,,,CHEMBL1132555,J Med Chem,1999.0,"{'bei': '22.16', 'le': '0.49', 'lle': '3.53', 'sei': '11.34'}",CHEMBL153170,,CHEMBL153170,7.54,1.0,http://www.openphacts.org/units/Nanomolar,296374.0,=,1.0,1.0,=,,IC50,nM,,29.0,CHEMBL203,Homo sapiens,Epidermal growth factor receptor,9606.0,,,IC50,nM,UO_0000065,,29.0,7.5376020021010435,1.0,260.3,3.806300000000001,2,3,53.6,2,4,2,c1ccc(Nc2ncnc3ccc4[nH]cnc4c23)cc1,False,True,False,False
,,418071.0,[],CHEMBL679944,Concentration needed to inhibit the phosphorylation of a 14-residue fragment of phospholipase C-gamma1 by Epidermal growth factor receptor (prepared from human A431 carcinoma cell vesicles by immunoaffinity chromatography),B,,,BAO_0000190,BAO_0000357,single protein format,Brc1cccc(Nc2ncnc3sccc23)c1,,,CHEMBL1132555,J Med Chem,1999.0,"{'bei': '24.35', 'le': '0.60', 'lle': '3.26', 'sei': '19.72'}",CHEMBL355982,,CHEMBL355982,7.46,0.0,http://www.openphacts.org/units/Nanomolar,296356.0,=,1.0,1.0,=,,IC50,nM,,35.0,CHEMBL203,Homo sapiens,Epidermal growth factor receptor,9606.0,,,IC50,nM,UO_0000065,,35.0,7.455931955649724,1.0,437.7060000000001,5.680600000000002,1,6,80.95,3,4,4,c1ccc(Nc2ncnc3sccc23)cc1,False,True,False,False
,,418072.0,[],CHEMBL679944,Concentration needed to inhibit the phosphorylation of a 14-residue fragment of phospholipase C-gamma1 by Epidermal growth factor receptor (prepared from human A431 carcinoma cell vesicles by immunoaffinity chromatography),B,,,BAO_0000190,BAO_0000357,single protein format,Nc1nc(Nc2cccc(Br)c2)c2c(n1)[nH]c1ccccc12,,,CHEMBL1132555,J Med Chem,1999.0,"{'bei': '19.29', 'le': '0.42', 'lle': '2.63', 'sei': '8.58'}",CHEMBL345988,,CHEMBL345988,6.83,0.0,http://www.openphacts.org/units/Nanomolar,296406.0,=,1.0,1.0,=,,IC50,nM,,147.0,CHEMBL203,Homo sapiens,Epidermal growth factor receptor,9606.0,,,IC50,nM,UO_0000065,,147.0,6.832682665251824,1.0,312.785,4.636500000000002,1,5,50.7,2,4,4,c1ccc(Nc2ncnc3[nH]c4ccccc4c23)cc1,False,True,False,False
,,418073.0,[],CHEMBL677214,Inhibition of Epidermal growth factor receptor autophosphorylation in A431 cells,B,,,BAO_0000190,BAO_0000219,cell-based format,Nc1nc(Nc2cccc(Br)c2)c2c(n1)[nH]c1ccccc12,,,CHEMBL1132555,J Med Chem,1999.0,"{'bei': '17.81', 'le': '0.39', 'lle': '2.11', 'sei': '7.92'}",CHEMBL345988,,CHEMBL345988,6.31,0.0,http://www.openphacts.org/units/Nanomolar,296406.0,=,1.0,1.0,=,,IC50,nM,,493.0,CHEMBL203,Homo sapiens,Epidermal growth factor receptor,9606.0,,,IC50,nM,UO_0000065,,493.0,6.30715308072277,1.0,359.2230000000001,4.758100000000003,1,4,43.38,4,3,3,c1ccc(Nc2ncnc3[nH]c4ccccc4c23)cc1,False,True,False,False
,,418074.0,[],CHEMBL679944,Concentration needed to inhibit the phosphorylation of a 14-residue fragment of phospholipase C-gamma1 by Epidermal growth factor receptor (prepared from human A431 carcinoma cell vesicles by immunoaffinity chromatography),B,,,BAO_0000190,BAO_0000357,single protein format,CCN(CC)CCn1c2ccc(OC)cc2c2c(Nc3cccc(Br)c3)ncnc21,,,CHEMBL1132555,J Med Chem,1999.0,"{'bei': '11.46', 'le': '0.24', 'lle': '-0.07', 'sei': '9.73'}",CHEMBL153518,,CHEMBL153518,5.37,0.0,http://www.openphacts.org/units/Nanomolar,296404.0,=,1.0,1.0,=,,IC50,nM,,4270.0,CHEMBL203,Homo sapiens,Epidermal growth factor receptor,9606.0,,,IC50,nM,UO_0000065,,4270.0,5.369572124974976,0.0,361.1950000000001,4.201800000000003,0,5,53.47000000000001,4,3,3,c1ccc(Nc2ncnc3[nH]c4ccccc4c23)cc1,False,True,False,False
,,418075.0,[],CHEMBL679944,Concentration needed to inhibit the phosphorylation of a 14-residue fragment of phospholipase C-gamma1 by Epidermal growth factor receptor (prepared from human A431 carcinoma cell vesicles by immunoaffinity chromatography),B,,,BAO_0000190,BAO_0000357,single protein format,Cl.O=[N+]([O-])c1ccc2sc3c(Nc4ccccc4)ncnc3c2c1,,,CHEMBL1132555,J Med Chem,1999.0,"{'bei': '22.45', 'le': '0.43', 'lle': '2.74', 'sei': '8.94'}",CHEMBL544868,,CHEMBL1193457,7.24,0.0,http://www.openphacts.org/units/Nanomolar,296400.0,=,1.0,1.0,=,,IC50,nM,,58.0,CHEMBL203,Homo sapiens,Epidermal growth factor receptor,9606.0,,,IC50,nM,UO_0000065,,58.0,7.236572006437063,1.0,339.1960000000001,4.568800000000001,2,3,53.6,2,4,2,c1ccc(Nc2ncnc3c2sc2ccccc23)cc1,False,True,False,False
,,418892.0,[],CHEMBL674026,Inhibition of EGFR kinase,B,,,BAO_0000190,BAO_0000357,single protein format,COc1nccc(-c2c(-c3ccc(F)cc3)ncn2[C@H]2CC[C@H](O)CC2)n1,,,CHEMBL1134743,Bioorg Med Chem Lett,2001.0,"{'bei': '19.22', 'le': '0.36', 'lle': '3.45', 'sei': '9.69'}",CHEMBL97162,,CHEMBL97162,7.08,0.0,http://www.openphacts.org/units/Nanomolar,180422.0,=,1.0,1.0,=,,IC50,nM,,83.0,CHEMBL203,Homo sapiens,Epidermal growth factor receptor,9606.0,,,IC50,nM,UO_0000065,,83.0,7.080921907623926,1.0,339.1960000000001,4.568800000000001,2,3,53.6,2,4,2,c1ccc(-c2ncn(C3CCCCC3)c2-c2ccncn2)cc1,False,False,False,False
,,419114.0,[],CHEMBL679944,Concentration needed to inhibit the phosphorylation of a 14-residue fragment of phospholipase C-gamma1 by Epidermal growth factor receptor (prepared from human A431 carcinoma cell vesicles by immunoaffinity chromatography),B,,,BAO_0000190,BAO_0000357,single protein format,Brc1cccc(Nc2ncnc3ccsc23)c1,,,CHEMBL1132555,J Med Chem,1999.0,"{'bei': '25.99', 'le': '0.64', 'lle': '3.76', 'sei': '21.05'}",CHEMBL345294,,CHEMBL345294,7.96,0.0,http://www.openphacts.org/units/Nanomolar,296409.0,=,1.0,1.0,=,,IC50,nM,,11.0,CHEMBL203,Homo sapiens,Epidermal growth factor receptor,9606.0,,,IC50,nM,UO_0000065,,11.0,7.958607314841775,1.0,360.3640000000001,5.189100000000002,2,5,63.83,2,4,4,c1ccc(Nc2ncnc3ccsc23)cc1,False,True,False,False
,,419115.0,[],CHEMBL679944,Concentration needed to inhibit the phosphorylation of a 14-residue fragment of phospholipase C-gamma1 by Epidermal growth factor receptor (prepared from human A431 carcinoma cell vesicles by immunoaffinity chromatography),B,,,BAO_0000190,BAO_0000357,single protein format,C[C@H](Nc1[nH]cnc2c3ccccc3nc1-2)c1ccccc1.Cl,,,CHEMBL1132555,J Med Chem,1999.0,"{'bei': '22.12', 'le': '0.40', 'lle': '2.14', 'sei': '11.90'}",CHEMBL2093928,,CHEMBL103864,6.38,0.0,http://www.openphacts.org/units/Nanomolar,296367.0,=,1.0,1.0,=,,IC50,nM,,419.0,CHEMBL203,Homo sapiens,Epidermal growth factor receptor,9606.0,,,IC50,nM,UO_0000065,,419.0,6.377785977033705,1.0,274.327,3.674800000000001,2,3,53.6,3,4,2,c1ccc(CNc2[nH]cnc3c4ccccc4nc2-3)cc1,False,False,False,False
,,419116.0,[],CHEMBL679944,Concentration needed to inhibit the phosphorylation of a 14-residue fragment of phospholipase C-gamma1 by Epidermal growth factor receptor (prepared from human A431 carcinoma cell vesicles by immunoaffinity chromatography),B,,,BAO_0000190,BAO_0000357,single protein format,Cc1cccc(Nc2ncnc3c2sc2ccc(N)cc23)c1,,,CHEMBL1132555,J Med Chem,1999.0,"{'bei': '28.32', 'le': '0.54', 'lle': '4.20', 'sei': '13.60'}",CHEMBL155278,,CHEMBL155278,8.68,0.0,http://www.openphacts.org/units/Nanomolar,296395.0,=,1.0,1.0,=,,IC50,nM,,2.1,CHEMBL203,Homo sapiens,Epidermal growth factor receptor,9606.0,,,IC50,nM,UO_0000065,,2.1,8.67778070526608,1.0,395.3070000000001,4.415600000000002,2,7,70.93,2,4,4,c1ccc(Nc2ncnc3c2sc2ccccc23)cc1,False,True,False,False
,,419117.0,[],CHEMBL677214,Inhibition of Epidermal growth factor receptor autophosphorylation in A431 cells,B,,,BAO_0000190,BAO_0000219,cell-based format,Cc1cccc(Nc2ncnc3c2sc2ccc(N)cc23)c1,,,CHEMBL1132555,J Med Chem,1999.0,"{'bei': '22.88', 'le': '0.44', 'lle': '2.53', 'sei': '10.98'}",CHEMBL155278,,CHEMBL155278,7.01,0.0,http://www.openphacts.org/units/Nanomolar,296395.0,=,1.0,1.0,=,,IC50,nM,,98.0,CHEMBL203,Homo sapiens,Epidermal growth factor receptor,9606.0,,,IC50,nM,UO_0000065,,98.0,7.008773924307505,1.0,360.2070000000001,4.806800000000003,0,4,40.58,4,3,3,c1ccc(Nc2ncnc3c2sc2ccccc23)cc1,False,True,False,False
,,419123.0,[],CHEMBL679944,Concentration needed to inhibit the phosphorylation of a 14-residue fragment of phospholipase C-gamma1 by Epidermal growth factor receptor (prepared from human A431 carcinoma cell vesicles by immunoaffinity chromatography),B,,,BAO_0000190,BAO_0000357,single protein format,Brc1cccc(Nc2ncnc3c2oc2ccccc23)c1,,,CHEMBL1132555,J Med Chem,1999.0,"{'bei': '18.02', 'le': '0.40', 'lle': '1.25', 'sei': '12.03'}",CHEMBL149512,,CHEMBL149512,6.13,0.0,http://www.openphacts.org/units/Nanomolar,296377.0,=,1.0,1.0,=,,IC50,nM,,740.0,CHEMBL203,Homo sapiens,Epidermal growth factor receptor,9606.0,,,IC50,nM,UO_0000065,,740.0,6.130768280269024,1.0,294.3580000000001,3.5012000000000016,2,4,76.96000000000001,2,4,3,c1ccc(Nc2ncnc3c2oc2ccccc23)cc1,False,True,False,False
,,420001.0,[],CHEMBL621024,Inhibition of epidermal growth factor receptor (EGF-R) autophosphorylation in A431 cells,F,,,BAO_0000190,BAO_0000219,cell-based format,COc1ccc(Nc2ccnc3cc(OC)c(OC)cc23)cc1OC,,,CHEMBL1152084,Bioorg Med Chem Lett,1997.0,,CHEMBL98137,,CHEMBL98137,4.09,0.0,http://www.openphacts.org/units/Nanomolar,185639.0,=,1.0,1.0,=,,IC50,nM,,80500.0,CHEMBL203,Homo sapiens,Epidermal growth factor receptor,9606.0,,,IC50,uM,UO_0000065,,80.5,4.094204119632131,0.0,244.298,1.9328199999999995,3,5,70.07,5,2,2,c1ccc(Nc2ccnc3ccccc23)cc1,False,True,False,False
,,420076.0,[],CHEMBL674693,Inhibition of Epidermal growth factor receptor (EGF-R) tyrosine kinase activity ,B,,,BAO_0000190,BAO_0000357,single protein format,Nc1ncnc2c1c(-c1ccccc1)cn2C(CO)Cc1ccc(O)cc1,,,CHEMBL1134829,Bioorg Med Chem Lett,2001.0,"{'bei': '13.54', 'le': '0.25', 'lle': '1.72', 'sei': '5.02'}",CHEMBL170438,,CHEMBL170438,4.88,0.0,http://www.openphacts.org/units/Nanomolar,333362.0,=,1.0,1.0,=,,IC50,nM,,13200.0,CHEMBL203,Homo sapiens,Epidermal growth factor receptor,9606.0,,,IC50,uM,UO_0000065,,13.2,4.87942606879415,0.0,357.23600000000005,4.745600000000001,1,5,50.7,2,4,4,c1ccc(CCn2cc(-c3ccccc3)c3cncnc32)cc1,False,False,False,False
,,421928.0,[],CHEMBL679944,Concentration needed to inhibit the phosphorylation of a 14-residue fragment of phospholipase C-gamma1 by Epidermal growth factor receptor (prepared from human A431 carcinoma cell vesicles by immunoaffinity chromatography),B,,,BAO_0000190,BAO_0000357,single protein format,Cl.Nc1ccc2c(c1)sc1c(Nc3cccc(Br)c3)ncnc12,,,CHEMBL1132555,J Med Chem,1999.0,"{'bei': '25.12', 'le': '0.58', 'lle': '4.40', 'sei': '14.61'}",CHEMBL539822,,CHEMBL1189963,9.33,0.0,http://www.openphacts.org/units/Nanomolar,296391.0,=,1.0,1.0,=,,IC50,nM,,0.47,CHEMBL203,Homo sapiens,Epidermal growth factor receptor,9606.0,,,IC50,nM,UO_0000065,,0.47,9.327902142064282,1.0,374.4440000000001,3.465200000000001,2,5,86.19,6,4,4,c1ccc(Nc2ncnc3c2sc2ccccc23)cc1,False,True,False,False
,,421929.0,[],CHEMBL679944,Concentration needed to inhibit the phosphorylation of a 14-residue fragment of phospholipase C-gamma1 by Epidermal growth factor receptor (prepared from human A431 carcinoma cell vesicles by immunoaffinity chromatography),B,,,BAO_0000190,BAO_0000357,single protein format,Cl.O=[N+]([O-])c1cccc2c1sc1c(Nc3cccc(Br)c3)ncnc12,,,CHEMBL1132555,J Med Chem,1999.0,"{'bei': '16.95', 'le': '0.39', 'lle': '1.54', 'sei': '8.40'}",CHEMBL540082,,CHEMBL1190080,6.8,0.0,http://www.openphacts.org/units/Nanomolar,296384.0,=,1.0,1.0,=,,IC50,nM,,158.0,CHEMBL203,Homo sapiens,Epidermal growth factor receptor,9606.0,,,IC50,nM,UO_0000065,,158.0,6.801342913045577,1.0,255.708,4.0268000000000015,1,3,37.81,2,3,3,c1ccc(Nc2ncnc3c2sc2ccccc23)cc1,False,True,False,False
,,423336.0,[],CHEMBL679944,Concentration needed to inhibit the phosphorylation of a 14-residue fragment of phospholipase C-gamma1 by Epidermal growth factor receptor (prepared from human A431 carcinoma cell vesicles by immunoaffinity chromatography),B,,,BAO_0000190,BAO_0000357,single protein format,Brc1cccc(Nc2ncnc3c2sc2ccccc23)c1,,,CHEMBL1132555,J Med Chem,1999.0,"{'bei': '24.55', 'le': '0.57', 'lle': '3.39', 'sei': '23.13'}",CHEMBL356850,,CHEMBL356850,8.74,0.0,http://www.openphacts.org/units/Nanomolar,296401.0,=,1.0,1.0,=,,IC50,nM,,1.8,CHEMBL203,Homo sapiens,Epidermal growth factor receptor,9606.0,,,IC50,nM,UO_0000065,,1.8,8.744727494896694,1.0,360.2110000000001,4.153100000000003,1,5,56.27000000000001,4,3,3,c1ccc(Nc2ncnc3c2sc2ccccc23)cc1,False,True,False,False
,,423337.0,[],CHEMBL677214,Inhibition of Epidermal growth factor receptor autophosphorylation in A431 cells,B,,,BAO_0000190,BAO_0000219,cell-based format,Brc1cccc(Nc2ncnc3c2sc2ccccc23)c1,,,CHEMBL1132555,J Med Chem,1999.0,"{'bei': '19.00', 'le': '0.44', 'lle': '1.42', 'sei': '17.90'}",CHEMBL356850,,CHEMBL356850,6.77,0.0,http://www.openphacts.org/units/Nanomolar,296401.0,=,1.0,1.0,=,,IC50,nM,,170.0,CHEMBL203,Homo sapiens,Epidermal growth factor receptor,9606.0,,,IC50,nM,UO_0000065,,170.0,6.769551078621726,1.0,280.3310000000001,3.1111000000000013,2,4,76.96000000000001,2,4,3,c1ccc(Nc2ncnc3c2sc2ccccc23)cc1,False,True,False,False
,,423343.0,[],CHEMBL679944,Concentration needed to inhibit the phosphorylation of a 14-residue fragment of phospholipase C-gamma1 by Epidermal growth factor receptor (prepared from human A431 carcinoma cell vesicles by immunoaffinity chromatography),B,,,BAO_0000190,BAO_0000357,single protein format,CCO.Nc1ccc2sc3c(Nc4ccccc4)ncnc3c2c1,,,CHEMBL1132555,J Med Chem,1999.0,"{'bei': '27.45', 'le': '0.52', 'lle': '3.86', 'sei': '12.58'}",CHEMBL357367,,CHEMBL1184579,8.03,0.0,http://www.openphacts.org/units/Nanomolar,296396.0,=,1.0,1.0,=,,IC50,nM,,9.4,CHEMBL203,Homo sapiens,Epidermal growth factor receptor,9606.0,,,IC50,nM,UO_0000065,,9.4,8.0268721464003,1.0,389.6840000000001,5.049400000000002,1,3,42.74,2,4,4,c1ccc(Nc2ncnc3c2sc2ccccc23)cc1,False,True,False,False
,,423344.0,[],CHEMBL679944,Concentration needed to inhibit the phosphorylation of a 14-residue fragment of phospholipase C-gamma1 by Epidermal growth factor receptor (prepared from human A431 carcinoma cell vesicles by immunoaffinity chromatography),B,,,BAO_0000190,BAO_0000357,single protein format,CO.Nc1cccc2c1sc1c(Nc3cccc(Br)c3)ncnc12,,,CHEMBL1132555,J Med Chem,1999.0,"{'bei': '23.08', 'le': '0.53', 'lle': '3.64', 'sei': '13.42'}",CHEMBL151593,,CHEMBL1181018,8.57,0.0,http://www.openphacts.org/units/Nanomolar,296383.0,=,1.0,1.0,=,,IC50,nM,,2.7,CHEMBL203,Homo sapiens,Epidermal growth factor receptor,9606.0,,,IC50,nM,UO_0000065,,2.7,8.568636235841012,1.0,294.3580000000001,3.5012000000000016,2,4,76.96000000000001,2,4,3,c1ccc(Nc2ncnc3c2sc2ccccc23)cc1,False,True,False,False
,,424483.0,[],CHEMBL679944,Concentration needed to inhibit the phosphorylation of a 14-residue fragment of phospholipase C-gamma1 by Epidermal growth factor receptor (prepared from human A431 carcinoma cell vesicles by immunoaffinity chromatography),B,,,BAO_0000190,BAO_0000357,single protein format,c1ccc(CNc2ncnc3c2sc2ccccc23)cc1,,,CHEMBL1132555,J Med Chem,1999.0,"{'bei': '23.06', 'le': '0.44', 'lle': '2.26', 'sei': '17.77'}",CHEMBL153419,,CHEMBL153419,6.72,0.0,http://www.openphacts.org/units/Nanomolar,296403.0,=,1.0,1.0,=,,IC50,nM,,191.0,CHEMBL203,Homo sapiens,Epidermal growth factor receptor,9606.0,,,IC50,nM,UO_0000065,,191.0,6.718966632752273,1.0,339.196,4.617200000000001,2,3,53.6,2,4,4,c1ccc(CNc2ncnc3c2sc2ccccc23)cc1,False,False,False,False
,,424488.0,[],CHEMBL679944,Concentration needed to inhibit the phosphorylation of a 14-residue fragment of phospholipase C-gamma1 by Epidermal growth factor receptor (prepared from human A431 carcinoma cell vesicles by immunoaffinity chromatography),B,,,BAO_0000190,BAO_0000357,single protein format,Nc1cc2sc3c(Nc4cccc(Br)c4)ncnc3c2cc1F,,,CHEMBL1132555,J Med Chem,1999.0,"{'bei': '23.12', 'le': '0.53', 'lle': '3.93', 'sei': '14.10'}",CHEMBL153573,,CHEMBL153573,9.0,0.0,http://www.openphacts.org/units/Nanomolar,296390.0,=,1.0,1.0,=,,IC50,nM,,1.0,CHEMBL203,Homo sapiens,Epidermal growth factor receptor,9606.0,,,IC50,nM,UO_0000065,,1.0,9.0,1.0,340.1840000000001,4.012200000000001,2,4,66.49000000000001,2,4,4,c1ccc(Nc2ncnc3c2sc2ccccc23)cc1,False,True,False,False
,,424489.0,[],CHEMBL677214,Inhibition of Epidermal growth factor receptor autophosphorylation in A431 cells,B,,,BAO_0000190,BAO_0000219,cell-based format,Nc1cc2sc3c(Nc4cccc(Br)c4)ncnc3c2cc1F,,,CHEMBL1132555,J Med Chem,1999.0,"{'bei': '18.95', 'le': '0.44', 'lle': '2.31', 'sei': '11.56'}",CHEMBL153573,,CHEMBL153573,7.38,0.0,http://www.openphacts.org/units/Nanomolar,296390.0,=,1.0,1.0,=,,IC50,nM,,42.0,CHEMBL203,Homo sapiens,Epidermal growth factor receptor,9606.0,,,IC50,nM,UO_0000065,,42.0,7.376750709602099,1.0,306.18800000000005,4.197400000000001,1,4,37.81,2,3,3,c1ccc(Nc2ncnc3c2sc2ccccc23)cc1,False,True,False,False
,,424490.0,[],CHEMBL679944,Concentration needed to inhibit the phosphorylation of a 14-residue fragment of phospholipase C-gamma1 by Epidermal growth factor receptor (prepared from human A431 carcinoma cell vesicles by immunoaffinity chromatography),B,,,BAO_0000190,BAO_0000357,single protein format,CCNc1cc2sc3c(Nc4cccc(Br)c4)ncnc3c2cc1F.CCO,,,CHEMBL1132555,J Med Chem,1999.0,"{'bei': '19.42', 'le': '0.44', 'lle': '2.18', 'sei': '16.26'}",CHEMBL357570,,CHEMBL1184588,8.1,0.0,http://www.openphacts.org/units/Nanomolar,296389.0,=,1.0,1.0,=,,IC50,nM,,7.9,CHEMBL203,Homo sapiens,Epidermal growth factor receptor,9606.0,,,IC50,nM,UO_0000065,,7.9,8.102372908709558,1.0,354.211,4.199400000000001,3,4,79.62,2,4,4,c1ccc(Nc2ncnc3c2sc2ccccc23)cc1,False,True,False,False
,,424491.0,[],CHEMBL677214,Inhibition of Epidermal growth factor receptor autophosphorylation in A431 cells,B,,,BAO_0000190,BAO_0000219,cell-based format,CCNc1cc2sc3c(Nc4cccc(Br)c4)ncnc3c2cc1F.CCO,,,CHEMBL1132555,J Med Chem,1999.0,"{'bei': '16.94', 'le': '0.39', 'lle': '1.15', 'sei': '14.19'}",CHEMBL357570,,CHEMBL1184588,7.07,0.0,http://www.openphacts.org/units/Nanomolar,296389.0,=,1.0,1.0,=,,IC50,nM,,85.0,CHEMBL203,Homo sapiens,Epidermal growth factor receptor,9606.0,,,IC50,nM,UO_0000065,,85.0,7.070581074285707,1.0,354.211,4.199400000000001,3,4,79.62,2,4,4,c1ccc(Nc2ncnc3c2sc2ccccc23)cc1,False,True,False,False
,,425439.0,[],CHEMBL674693,Inhibition of Epidermal growth factor receptor (EGF-R) tyrosine kinase activity ,B,,,BAO_0000190,BAO_0000357,single protein format,Nc1ncnc2c1c(-c1ccccc1)cn2C1CCCC1,,,CHEMBL1134829,Bioorg Med Chem Lett,2001.0,"{'bei': '22.64', 'le': '0.41', 'lle': '2.50', 'sei': '11.11'}",CHEMBL352954,,CHEMBL352954,6.3,0.0,http://www.openphacts.org/units/Nanomolar,333372.0,=,1.0,1.0,=,,IC50,nM,,500.0,CHEMBL203,Homo sapiens,Epidermal growth factor receptor,9606.0,,,IC50,uM,UO_0000065,,0.5,6.301029995663981,1.0,468.39900000000006,5.441000000000005,1,5,55.21,8,4,4,c1ccc(-c2cn(C3CCCC3)c3ncncc23)cc1,False,False,False,False
,,425685.0,[],CHEMBL679944,Concentration needed to inhibit the phosphorylation of a 14-residue fragment of phospholipase C-gamma1 by Epidermal growth factor receptor (prepared from human A431 carcinoma cell vesicles by immunoaffinity chromatography),B,,,BAO_0000190,BAO_0000357,single protein format,Brc1cccc(Nc2[nH]cnc3c4ccccc4nc2-3)c1.Cl,,,CHEMBL1132555,J Med Chem,1999.0,"{'bei': '21.06', 'le': '0.46', 'lle': '2.57', 'sei': '13.33'}",CHEMBL554983,,CHEMBL1195610,7.14,0.0,http://www.openphacts.org/units/Nanomolar,296370.0,=,1.0,1.0,=,,IC50,nM,,72.0,CHEMBL203,Homo sapiens,Epidermal growth factor receptor,9606.0,,,IC50,nM,UO_0000065,,72.0,7.142667503568731,1.0,358.81000000000006,4.918100000000003,1,6,80.95,3,4,4,c1ccc(Nc2[nH]cnc3c4ccccc4nc2-3)cc1,False,True,False,False
,,425686.0,[],CHEMBL677214,Inhibition of Epidermal growth factor receptor autophosphorylation in A431 cells,B,,,BAO_0000190,BAO_0000219,cell-based format,Brc1cccc(Nc2[nH]cnc3c4ccccc4nc2-3)c1.Cl,,,CHEMBL1132555,J Med Chem,1999.0,"{'bei': '20.73', 'le': '0.46', 'lle': '2.46', 'sei': '13.12'}",CHEMBL554983,,CHEMBL1195610,7.03,0.0,http://www.openphacts.org/units/Nanomolar,296370.0,=,1.0,1.0,=,,IC50,nM,,93.0,CHEMBL203,Homo sapiens,Epidermal growth factor receptor,9606.0,,,IC50,nM,UO_0000065,,93.0,7.031517051446065,1.0,368.4120000000002,3.6308000000000016,1,5,73.06,4,4,3,c1ccc(Nc2[nH]cnc3c4ccccc4nc2-3)cc1,False,True,False,False
,,425687.0,[],CHEMBL679944,Concentration needed to inhibit the phosphorylation of a 14-residue fragment of phospholipase C-gamma1 by Epidermal growth factor receptor (prepared from human A431 carcinoma cell vesicles by immunoaffinity chromatography),B,,,BAO_0000190,BAO_0000357,single protein format,CCO.CNc1ccc2sc3c(Nc4cccc(Br)c4)ncnc3c2c1,,,CHEMBL1132555,J Med Chem,1999.0,"{'bei': '23.25', 'le': '0.53', 'lle': '3.57', 'sei': '17.97'}",CHEMBL358934,,CHEMBL1184611,8.96,0.0,http://www.openphacts.org/units/Nanomolar,296387.0,=,1.0,1.0,=,,IC50,nM,,1.1,CHEMBL203,Homo sapiens,Epidermal growth factor receptor,9606.0,,,IC50,nM,UO_0000065,,1.1,8.958607314841775,1.0,306.18800000000005,4.197400000000001,1,4,37.81,2,3,3,c1ccc(Nc2ncnc3c2sc2ccccc23)cc1,False,True,False,False
,,425688.0,[],CHEMBL677214,Inhibition of Epidermal growth factor receptor autophosphorylation in A431 cells,B,,,BAO_0000190,BAO_0000219,cell-based format,CCO.CNc1ccc2sc3c(Nc4cccc(Br)c4)ncnc3c2c1,,,CHEMBL1132555,J Med Chem,1999.0,"{'bei': '19.42', 'le': '0.44', 'lle': '2.09', 'sei': '15.01'}",CHEMBL358934,,CHEMBL1184611,7.48,0.0,http://www.openphacts.org/units/Nanomolar,296387.0,=,1.0,1.0,=,,IC50,nM,,33.0,CHEMBL203,Homo sapiens,Epidermal growth factor receptor,9606.0,,,IC50,nM,UO_0000065,,33.0,7.481486060122112,1.0,324.815,4.657600000000003,2,3,53.6,3,4,2,c1ccc(Nc2ncnc3c2sc2ccccc23)cc1,False,True,False,False
,,426708.0,[],CHEMBL674693,Inhibition of Epidermal growth factor receptor (EGF-R) tyrosine kinase activity ,B,,,BAO_0000190,BAO_0000357,single protein format,COc1cccc(-c2cn(C3CCC3)c3ncnc(N)c23)c1,,,CHEMBL1134829,Bioorg Med Chem Lett,2001.0,"{'bei': '21.56', 'le': '0.39', 'lle': '2.94', 'sei': '9.62'}",CHEMBL355191,,CHEMBL355191,6.35,0.0,http://www.openphacts.org/units/Nanomolar,333364.0,=,1.0,1.0,=,,IC50,nM,,450.0,CHEMBL203,Homo sapiens,Epidermal growth factor receptor,9606.0,,,IC50,uM,UO_0000065,,0.45,6.346787486224656,1.0,306.39400000000006,4.478720000000003,2,5,63.83,2,4,4,c1ccc(-c2cn(C3CCC3)c3ncncc23)cc1,False,False,False,False
,,427152.0,[],CHEMBL679944,Concentration needed to inhibit the phosphorylation of a 14-residue fragment of phospholipase C-gamma1 by Epidermal growth factor receptor (prepared from human A431 carcinoma cell vesicles by immunoaffinity chromatography),B,,,BAO_0000190,BAO_0000357,single protein format,Cl.O=[N+]([O-])c1ccc2c(c1)sc1c(Nc3cccc(Br)c3)ncnc12,,,CHEMBL1132555,J Med Chem,1999.0,"{'bei': '18.24', 'le': '0.42', 'lle': '2.06', 'sei': '9.04'}",CHEMBL540590,,CHEMBL1190313,7.32,0.0,http://www.openphacts.org/units/Nanomolar,296392.0,=,1.0,1.0,=,,IC50,nM,,48.0,CHEMBL203,Homo sapiens,Epidermal growth factor receptor,9606.0,,,IC50,nM,UO_0000065,,48.0,7.318758762624412,1.0,306.39400000000006,4.478720000000003,2,5,63.83,2,4,4,c1ccc(Nc2ncnc3c2sc2ccccc23)cc1,False,True,False,False
,,427153.0,[],CHEMBL679944,Concentration needed to inhibit the phosphorylation of a 14-residue fragment of phospholipase C-gamma1 by Epidermal growth factor receptor (prepared from human A431 carcinoma cell vesicles by immunoaffinity chromatography),B,,,BAO_0000190,BAO_0000357,single protein format,COc1cc2sc3c(Nc4cccc(Br)c4)ncnc3c2cc1OC.Cl,,,CHEMBL1132555,J Med Chem,1999.0,"{'bei': '15.26', 'le': '0.35', 'lle': '0.98', 'sei': '11.29'}",CHEMBL544865,,CHEMBL1193454,6.35,0.0,http://www.openphacts.org/units/Nanomolar,296381.0,=,1.0,1.0,=,,IC50,nM,,444.0,CHEMBL203,Homo sapiens,Epidermal growth factor receptor,9606.0,,,IC50,nM,UO_0000065,,444.0,6.35261702988538,1.0,340.18000000000006,4.882100000000002,1,4,50.95,2,4,4,c1ccc(Nc2ncnc3c2sc2ccccc23)cc1,False,True,False,False
,,428391.0,[],CHEMBL679944,Concentration needed to inhibit the phosphorylation of a 14-residue fragment of phospholipase C-gamma1 by Epidermal growth factor receptor (prepared from human A431 carcinoma cell vesicles by immunoaffinity chromatography),B,,,BAO_0000190,BAO_0000357,single protein format,Brc1cccc(Nc2ncnc3cc4[nH]cnc4cc23)c1,Outside typical range,"Values for this activity type are unusually large/small, so may not be accurate",CHEMBL1132555,J Med Chem,1999.0,,CHEMBL66031,,CHEMBL66031,,1.0,http://www.openphacts.org/units/Nanomolar,296407.0,=,1.0,1.0,=,,IC50,nM,,0.008,CHEMBL203,Homo sapiens,Epidermal growth factor receptor,9606.0,,,IC50,nM,UO_0000065,,0.008,11.096910013008056,1.0,340.3790000000001,4.012800000000003,1,6,61.84,6,3,3,c1ccc(Nc2ncnc3cc4[nH]cnc4cc23)cc1,False,True,False,False
,,428392.0,[],CHEMBL679944,Concentration needed to inhibit the phosphorylation of a 14-residue fragment of phospholipase C-gamma1 by Epidermal growth factor receptor (prepared from human A431 carcinoma cell vesicles by immunoaffinity chromatography),B,,,BAO_0000190,BAO_0000357,single protein format,Brc1cccc(Nc2ncnc3cc4[nH]ncc4cc23)c1,,,CHEMBL1132555,J Med Chem,1999.0,"{'bei': '27.50', 'le': '0.61', 'lle': '5.35', 'sei': '14.07'}",CHEMBL39337,,CHEMBL39337,9.36,1.0,http://www.openphacts.org/units/Nanomolar,296375.0,=,1.0,1.0,=,,IC50,nM,,0.44,CHEMBL203,Homo sapiens,Epidermal growth factor receptor,9606.0,,,IC50,nM,UO_0000065,,0.44,9.356547323513812,1.0,360.41700000000014,3.162200000000001,3,5,97.19,5,4,4,c1ccc(Nc2ncnc3cc4[nH]ncc4cc23)cc1,False,True,False,False
,,428393.0,[],CHEMBL679944,Concentration needed to inhibit the phosphorylation of a 14-residue fragment of phospholipase C-gamma1 by Epidermal growth factor receptor (prepared from human A431 carcinoma cell vesicles by immunoaffinity chromatography),B,,,BAO_0000190,BAO_0000357,single protein format,COc1cccc2c1sc1c(Nc3cccc(Br)c3)ncnc12.Cl,,,CHEMBL1132555,J Med Chem,1999.0,"{'bei': '20.45', 'le': '0.47', 'lle': '2.54', 'sei': '16.79'}",CHEMBL555921,,CHEMBL1196100,7.9,0.0,http://www.openphacts.org/units/Nanomolar,296385.0,=,1.0,1.0,=,,IC50,nM,,12.6,CHEMBL203,Homo sapiens,Epidermal growth factor receptor,9606.0,,,IC50,nM,UO_0000065,,12.6,7.899629454882437,1.0,407.7240000000001,5.354600000000002,2,5,63.83,2,4,4,c1ccc(Nc2ncnc3c2sc2ccccc23)cc1,False,True,False,False
,,430432.0,[],CHEMBL676157,Inhibition of epidermal growth factor receptor (EGF-R) in A431 cells.,B,,,BAO_0000190,BAO_0000219,cell-based format,COc1ccc(Oc2ccnc3cc(OC)c(OC)cc23)cc1OC,,,CHEMBL1152084,Bioorg Med Chem Lett,1997.0,,CHEMBL327300,,CHEMBL327300,,0.0,http://www.openphacts.org/units/Nanomolar,185642.0,>,1.0,1.0,>,,IC50,nM,,100000.0,CHEMBL203,Homo sapiens,Epidermal growth factor receptor,9606.0,,,IC50,uM,UO_0000065,,100.0,4.0,0.0,437.7060000000001,5.680600000000002,1,6,80.95,3,4,4,c1ccc(Oc2ccnc3ccccc23)cc1,False,False,False,False
,,430436.0,[],CHEMBL674014,Inhibition of epidermal growth factor receptor (EGF-R),B,,,BAO_0000190,BAO_0000357,single protein format,COc1ccc(Oc2ccnc3cc(OC)c(OC)cc23)cc1OC,,,CHEMBL1152084,Bioorg Med Chem Lett,1997.0,,CHEMBL327300,,CHEMBL327300,,0.0,http://www.openphacts.org/units/Nanomolar,185642.0,>,1.0,1.0,>,,IC50,nM,,10000.0,CHEMBL203,Homo sapiens,Epidermal growth factor receptor,9606.0,,,IC50,uM,UO_0000065,,10.0,5.0,0.0,356.24800000000005,5.350600000000002,1,4,37.81,2,4,4,c1ccc(Oc2ccnc3ccccc23)cc1,False,False,False,False
,,430514.0,[],CHEMBL674693,Inhibition of Epidermal growth factor receptor (EGF-R) tyrosine kinase activity ,B,,,BAO_0000190,BAO_0000357,single protein format,Nc1ncnc2c1c(-c1ccccc1)cn2C(CO)Cc1ccccc1,,,CHEMBL1134829,Bioorg Med Chem Lett,2001.0,"{'bei': '18.46', 'le': '0.33', 'lle': '2.90', 'sei': '8.26'}",CHEMBL171311,,CHEMBL171311,6.36,0.0,http://www.openphacts.org/units/Nanomolar,333383.0,=,1.0,1.0,=,,IC50,nM,,440.0,CHEMBL203,Homo sapiens,Epidermal growth factor receptor,9606.0,,,IC50,uM,UO_0000065,,0.44,6.356547323513812,1.0,356.24800000000005,5.350600000000002,1,4,37.81,2,4,4,c1ccc(CCn2cc(-c3ccccc3)c3cncnc32)cc1,False,False,False,False
,,430518.0,[],CHEMBL674693,Inhibition of Epidermal growth factor receptor (EGF-R) tyrosine kinase activity ,B,,,BAO_0000190,BAO_0000357,single protein format,Nc1ncnc2c1c(-c1ccccc1)cn2C1CCC1,,,CHEMBL1134829,Bioorg Med Chem Lett,2001.0,"{'bei': '23.22', 'le': '0.42', 'lle': '2.73', 'sei': '10.82'}",CHEMBL166766,,CHEMBL166766,6.14,0.0,http://www.openphacts.org/units/Nanomolar,333367.0,=,1.0,1.0,=,,IC50,nM,,730.0,CHEMBL203,Homo sapiens,Epidermal growth factor receptor,9606.0,,,IC50,uM,UO_0000065,,0.73,6.136677139879544,1.0,338.43600000000004,4.168900000000002,3,6,84.06,2,4,4,c1ccc(-c2cn(C3CCC3)c3ncncc23)cc1,False,False,False,False
,,430775.0,[],CHEMBL679944,Concentration needed to inhibit the phosphorylation of a 14-residue fragment of phospholipase C-gamma1 by Epidermal growth factor receptor (prepared from human A431 carcinoma cell vesicles by immunoaffinity chromatography),B,,,BAO_0000190,BAO_0000357,single protein format,Brc1cccc(Nc2ncnc3c2ccc2[nH]cnc23)c1,,,CHEMBL1132555,J Med Chem,1999.0,"{'bei': '19.30', 'le': '0.43', 'lle': '2.56', 'sei': '9.87'}",CHEMBL155100,,CHEMBL155100,6.57,1.0,http://www.openphacts.org/units/Nanomolar,296372.0,=,1.0,1.0,=,,IC50,nM,,272.0,CHEMBL203,Homo sapiens,Epidermal growth factor receptor,9606.0,,,IC50,nM,UO_0000065,,272.0,6.565431095965801,1.0,403.305,4.5413000000000014,3,6,84.06,2,4,4,c1ccc(Nc2ncnc3c2ccc2[nH]cnc23)cc1,False,True,False,False
,,430776.0,[],CHEMBL679944,Concentration needed to inhibit the phosphorylation of a 14-residue fragment of phospholipase C-gamma1 by Epidermal growth factor receptor (prepared from human A431 carcinoma cell vesicles by immunoaffinity chromatography),B,,,BAO_0000190,BAO_0000357,single protein format,C[C@@H](Nc1[nH]cnc2c3ccccc3nc1-2)c1ccccc1.Cl,,,CHEMBL1132555,J Med Chem,1999.0,,CHEMBL2094036,,CHEMBL102651,,0.0,http://www.openphacts.org/units/Nanomolar,296376.0,>,1.0,1.0,>,,IC50,nM,,100000.0,CHEMBL203,Homo sapiens,Epidermal growth factor receptor,9606.0,,,IC50,nM,UO_0000065,,100000.0,4.0,0.0,291.379,4.456600000000003,1,4,37.81,3,4,4,c1ccc(CNc2[nH]cnc3c4ccccc4nc2-3)cc1,False,False,False,False
,,431817.0,[],CHEMBL677878,Concentration required for inhibition of epidermal growth factor receptor (EGF-R) by tyrosine kinase enzyme activity,B,,,BAO_0000190,BAO_0000357,single protein format,Nc1ncnc2c1c(-c1cccc(O)c1)cn2C1CCN(CCO)CC1,,,CHEMBL1134003,Bioorg Med Chem Lett,2001.0,"{'bei': '15.83', 'le': '0.29', 'lle': '3.58', 'sei': '5.57'}",CHEMBL169780,,CHEMBL169780,5.59,0.0,http://www.openphacts.org/units/Nanomolar,333578.0,=,1.0,1.0,=,,IC50,nM,,2540.0,CHEMBL203,Homo sapiens,Epidermal growth factor receptor,9606.0,,,IC50,uM,UO_0000065,,2.54,5.5951662833800615,0.0,389.2530000000001,5.071900000000001,2,5,63.83,2,4,4,c1ccc(-c2cn(C3CCNCC3)c3ncncc23)cc1,False,False,False,False
,,431819.0,[],CHEMBL677884,Inhibition of autophosphorylation of epidermal growth factor receptor (EGF-R) in a cellular assay,F,,,BAO_0000190,BAO_0000019,assay format,Nc1ncnc2c1c(-c1cccc(O)c1)cn2C1CCN(CCO)CC1,,,CHEMBL1134003,Bioorg Med Chem Lett,2001.0,,CHEMBL169780,,CHEMBL169780,,0.0,http://www.openphacts.org/units/Nanomolar,333578.0,>,1.0,1.0,>,,IC50,nM,,10000.0,CHEMBL203,Homo sapiens,Epidermal growth factor receptor,9606.0,,,IC50,uM,UO_0000065,,10.0,5.0,0.0,389.2530000000001,5.071900000000001,2,5,63.83,2,4,4,c1ccc(-c2cn(C3CCNCC3)c3ncncc23)cc1,False,False,False,False
,,431823.0,[],CHEMBL677878,Concentration required for inhibition of epidermal growth factor receptor (EGF-R) by tyrosine kinase enzyme activity,B,,,BAO_0000190,BAO_0000357,single protein format,COc1cccc(-c2cn(C3CCN(CC(=O)N(C)C)CC3)c3ncnc(N)c23)c1,,,CHEMBL1134003,Bioorg Med Chem Lett,2001.0,"{'bei': '14.99', 'le': '0.28', 'lle': '3.71', 'sei': '6.84'}",CHEMBL355269,,CHEMBL355269,6.12,0.0,http://www.openphacts.org/units/Nanomolar,333575.0,=,1.0,1.0,=,,IC50,nM,,750.0,CHEMBL203,Homo sapiens,Epidermal growth factor receptor,9606.0,,,IC50,uM,UO_0000065,,0.75,6.1249387366083,1.0,463.37600000000015,5.920100000000004,3,6,70.07000000000001,4,4,4,c1ccc(-c2cn(C3CCNCC3)c3ncncc23)cc1,False,False,False,False
,,434419.0,[],CHEMBL677878,Concentration required for inhibition of epidermal growth factor receptor (EGF-R) by tyrosine kinase enzyme activity,B,,,BAO_0000190,BAO_0000357,single protein format,COc1cccc(-c2cn(C3CCN(CCO)CC3)c3ncnc(N)c23)c1,,,CHEMBL1134003,Bioorg Med Chem Lett,2001.0,"{'bei': '16.45', 'le': '0.31', 'lle': '3.73', 'sei': '6.76'}",CHEMBL169200,,CHEMBL169200,6.05,0.0,http://www.openphacts.org/units/Nanomolar,333574.0,=,1.0,1.0,=,,IC50,nM,,900.0,CHEMBL203,Homo sapiens,Epidermal growth factor receptor,9606.0,,,IC50,uM,UO_0000065,,0.9,6.045757490560675,1.0,463.37600000000015,5.920100000000004,3,6,70.07000000000001,4,4,4,c1ccc(-c2cn(C3CCNCC3)c3ncncc23)cc1,False,False,False,False
,,434421.0,[],CHEMBL677884,Inhibition of autophosphorylation of epidermal growth factor receptor (EGF-R) in a cellular assay,F,,,BAO_0000190,BAO_0000019,assay format,COc1cccc(-c2cn(C3CCN(CCO)CC3)c3ncnc(N)c23)c1,,,CHEMBL1134003,Bioorg Med Chem Lett,2001.0,,CHEMBL169200,,CHEMBL169200,,0.0,http://www.openphacts.org/units/Nanomolar,333574.0,>,1.0,1.0,>,,IC50,nM,,10000.0,CHEMBL203,Homo sapiens,Epidermal growth factor receptor,9606.0,,,IC50,uM,UO_0000065,,10.0,5.0,0.0,278.3590000000001,3.795600000000002,1,3,56.73,2,4,3,c1ccc(-c2cn(C3CCNCC3)c3ncncc23)cc1,False,False,False,False
,,435724.0,[],CHEMBL677878,Concentration required for inhibition of epidermal growth factor receptor (EGF-R) by tyrosine kinase enzyme activity,B,,,BAO_0000190,BAO_0000357,single protein format,Nc1ncnc2c1c(-c1ccccc1)cn2C1CCNC1,,,CHEMBL1134003,Bioorg Med Chem Lett,2001.0,"{'bei': '17.44', 'le': '0.32', 'lle': '2.66', 'sei': '7.09'}",CHEMBL168829,,CHEMBL168829,4.87,0.0,http://www.openphacts.org/units/Nanomolar,333570.0,=,1.0,1.0,=,,IC50,nM,,13400.0,CHEMBL203,Homo sapiens,Epidermal growth factor receptor,9606.0,,,IC50,uM,UO_0000065,,13.4,4.872895201635193,0.0,375.6570000000001,4.990600000000002,2,3,53.6,2,4,2,c1ccc(-c2cn(C3CCNC3)c3ncncc23)cc1,False,False,False,False
,,436946.0,[],CHEMBL677878,Concentration required for inhibition of epidermal growth factor receptor (EGF-R) by tyrosine kinase enzyme activity,B,,,BAO_0000190,BAO_0000357,single protein format,COC(=O)CN1CCC(n2cc(-c3cccc(O)c3)c3c(N)ncnc32)CC1,,,CHEMBL1134003,Bioorg Med Chem Lett,2001.0,"{'bei': '15.98', 'le': '0.30', 'lle': '3.90', 'sei': '5.72'}",CHEMBL262276,,CHEMBL262276,6.1,0.0,http://www.openphacts.org/units/Nanomolar,333581.0,=,1.0,1.0,=,,IC50,nM,,800.0,CHEMBL203,Homo sapiens,Epidermal growth factor receptor,9606.0,,,IC50,uM,UO_0000065,,0.8,6.096910013008056,1.0,375.6570000000001,4.990600000000002,2,3,53.6,2,4,2,c1ccc(-c2cn(C3CCNCC3)c3ncncc23)cc1,False,False,False,False
,,436948.0,[],CHEMBL677884,Inhibition of autophosphorylation of epidermal growth factor receptor (EGF-R) in a cellular assay,F,,,BAO_0000190,BAO_0000019,assay format,COC(=O)CN1CCC(n2cc(-c3cccc(O)c3)c3c(N)ncnc32)CC1,,,CHEMBL1134003,Bioorg Med Chem Lett,2001.0,,CHEMBL262276,,CHEMBL262276,,0.0,http://www.openphacts.org/units/Nanomolar,333581.0,>,1.0,1.0,>,,IC50,nM,,10000.0,CHEMBL203,Homo sapiens,Epidermal growth factor receptor,9606.0,,,IC50,uM,UO_0000065,,10.0,5.0,0.0,431.3590000000001,5.390900000000002,3,6,70.07,3,4,4,c1ccc(-c2cn(C3CCNCC3)c3ncncc23)cc1,False,False,False,False
,,437174.0,[],CHEMBL672267,Inhibition of EGF receptor kinase,B,,,BAO_0000190,BAO_0000357,single protein format,C[C@H](Nc1cc(-c2c(-c3cccc(C(F)(F)F)c3)nc(C3CCNCC3)n2C)ccn1)c1ccccc1,,,CHEMBL1132637,J Med Chem,1999.0,,CHEMBL303144,,CHEMBL303144,,0.0,http://www.openphacts.org/units/Nanomolar,122331.0,>,1.0,1.0,>,,IC50,nM,,10000.0,CHEMBL203,Homo sapiens,Epidermal growth factor receptor,9606.0,,,IC50,nM,UO_0000065,,10000.0,5.0,0.0,431.3590000000001,5.390900000000002,3,6,70.07,3,4,4,c1ccc(CNc2cc(-c3[nH]c(C4CCNCC4)nc3-c3ccccc3)ccn2)cc1,False,False,False,False
,,438300.0,[],CHEMBL677878,Concentration required for inhibition of epidermal growth factor receptor (EGF-R) by tyrosine kinase enzyme activity,B,,,BAO_0000190,BAO_0000357,single protein format,CN(C)C(=O)CN1CCC(n2cc(-c3cccc(O)c3)c3c(N)ncnc32)CC1,,,CHEMBL1134003,Bioorg Med Chem Lett,2001.0,"{'bei': '15.97', 'le': '0.30', 'lle': '4.19', 'sei': '6.27'}",CHEMBL169920,,CHEMBL169920,6.3,0.0,http://www.openphacts.org/units/Nanomolar,333579.0,=,1.0,1.0,=,,IC50,nM,,500.0,CHEMBL203,Homo sapiens,Epidermal growth factor receptor,9606.0,,,IC50,uM,UO_0000065,,0.5,6.301029995663981,1.0,294.358,3.414100000000001,1,4,65.96,3,4,3,c1ccc(-c2cn(C3CCNCC3)c3ncncc23)cc1,False,False,False,False
,,438302.0,[],CHEMBL677884,Inhibition of autophosphorylation of epidermal growth factor receptor (EGF-R) in a cellular assay,F,,,BAO_0000190,BAO_0000019,assay format,CN(C)C(=O)CN1CCC(n2cc(-c3cccc(O)c3)c3c(N)ncnc32)CC1,,,CHEMBL1134003,Bioorg Med Chem Lett,2001.0,,CHEMBL169920,,CHEMBL169920,,0.0,http://www.openphacts.org/units/Nanomolar,333579.0,>,1.0,1.0,>,,IC50,nM,,10000.0,CHEMBL203,Homo sapiens,Epidermal growth factor receptor,9606.0,,,IC50,uM,UO_0000065,,10.0,5.0,0.0,437.7060000000001,5.680600000000002,1,6,80.95,3,4,4,c1ccc(-c2cn(C3CCNCC3)c3ncncc23)cc1,False,False,False,False
,,440871.0,[],CHEMBL677878,Concentration required for inhibition of epidermal growth factor receptor (EGF-R) by tyrosine kinase enzyme activity,B,,,BAO_0000190,BAO_0000357,single protein format,NC(=O)CN1CCC(n2cc(-c3cccc(O)c3)c3c(N)ncnc32)C1,,,CHEMBL1134003,Bioorg Med Chem Lett,2001.0,"{'bei': '18.16', 'le': '0.34', 'lle': '5.28', 'sei': '5.19'}",CHEMBL408683,,CHEMBL408683,6.4,0.0,http://www.openphacts.org/units/Nanomolar,333584.0,=,1.0,1.0,=,,IC50,nM,,400.0,CHEMBL203,Homo sapiens,Epidermal growth factor receptor,9606.0,,,IC50,uM,UO_0000065,,0.4,6.3979400086720375,1.0,452.76100000000014,5.789600000000003,1,6,56.27,4,4,4,c1ccc(-c2cn(C3CCNC3)c3ncncc23)cc1,False,False,False,False
,,440873.0,[],CHEMBL677884,Inhibition of autophosphorylation of epidermal growth factor receptor (EGF-R) in a cellular assay,F,,,BAO_0000190,BAO_0000019,assay format,NC(=O)CN1CCC(n2cc(-c3cccc(O)c3)c3c(N)ncnc32)C1,,,CHEMBL1134003,Bioorg Med Chem Lett,2001.0,,CHEMBL408683,,CHEMBL408683,,0.0,http://www.openphacts.org/units/Nanomolar,333584.0,>,1.0,1.0,>,,IC50,nM,,10000.0,CHEMBL203,Homo sapiens,Epidermal growth factor receptor,9606.0,,,IC50,uM,UO_0000065,,10.0,5.0,0.0,340.184,4.012200000000001,2,4,66.49000000000001,2,4,4,c1ccc(-c2cn(C3CCNC3)c3ncncc23)cc1,False,False,False,False
,,442379.0,[],CHEMBL677878,Concentration required for inhibition of epidermal growth factor receptor (EGF-R) by tyrosine kinase enzyme activity,B,,,BAO_0000190,BAO_0000357,single protein format,COC(=O)CN1CCC(n2cc(-c3cccc(OC)c3)c3c(N)ncnc32)C1,,,CHEMBL1134003,Bioorg Med Chem Lett,2001.0,"{'bei': '15.94', 'le': '0.30', 'lle': '3.97', 'sei': '6.37'}",CHEMBL355891,,CHEMBL355891,6.08,0.0,http://www.openphacts.org/units/Nanomolar,333583.0,=,1.0,1.0,=,,IC50,nM,,830.0,CHEMBL203,Homo sapiens,Epidermal growth factor receptor,9606.0,,,IC50,uM,UO_0000065,,0.83,6.080921907623926,1.0,340.184,4.012200000000001,2,4,66.49000000000001,2,4,4,c1ccc(-c2cn(C3CCNC3)c3ncncc23)cc1,False,False,False,False
,,445004.0,[],CHEMBL677878,Concentration required for inhibition of epidermal growth factor receptor (EGF-R) by tyrosine kinase enzyme activity,B,,,BAO_0000190,BAO_0000357,single protein format,COc1cccc(-c2cn(C3CCN(CCN(C)CCO)CC3)c3ncnc(N)c23)c1,,,CHEMBL1134003,Bioorg Med Chem Lett,2001.0,"{'bei': '15.38', 'le': '0.29', 'lle': '4.28', 'sei': '7.05'}",CHEMBL168661,,CHEMBL168661,6.53,0.0,http://www.openphacts.org/units/Nanomolar,333573.0,=,1.0,1.0,=,,IC50,nM,,295.0,CHEMBL203,Homo sapiens,Epidermal growth factor receptor,9606.0,,,IC50,uM,UO_0000065,,0.295,6.530177984021837,1.0,422.73500000000007,5.781000000000003,1,5,47.04,3,4,4,c1ccc(-c2cn(C3CCNCC3)c3ncncc23)cc1,False,False,False,False
,,445006.0,[],CHEMBL677884,Inhibition of autophosphorylation of epidermal growth factor receptor (EGF-R) in a cellular assay,F,,,BAO_0000190,BAO_0000019,assay format,COc1cccc(-c2cn(C3CCN(CCN(C)CCO)CC3)c3ncnc(N)c23)c1,,,CHEMBL1134003,Bioorg Med Chem Lett,2001.0,,CHEMBL168661,,CHEMBL168661,5.11,0.0,http://www.openphacts.org/units/Nanomolar,333573.0,=,1.0,1.0,=,,IC50,nM,,7800.0,CHEMBL203,Homo sapiens,Epidermal growth factor receptor,9606.0,,,IC50,uM,UO_0000065,,7.8,5.107905397309519,0.0,341.3630000000001,4.061500000000003,0,6,59.040000000000006,6,3,3,c1ccc(-c2cn(C3CCNCC3)c3ncncc23)cc1,False,False,False,False
,,446739.0,[],CHEMBL672267,Inhibition of EGF receptor kinase,B,,,BAO_0000190,BAO_0000357,single protein format,C[C@H](Nc1nccc(-c2c(-c3cccc(C(F)(F)F)c3)nc(C3CCNCC3)n2C)n1)c1ccccc1,,,CHEMBL1132637,J Med Chem,1999.0,,CHEMBL305178,,CHEMBL305178,,0.0,http://www.openphacts.org/units/Nanomolar,122332.0,>,1.0,1.0,>,,IC50,nM,,10000.0,CHEMBL203,Homo sapiens,Epidermal growth factor receptor,9606.0,,,IC50,nM,UO_0000065,,10000.0,5.0,0.0,341.3630000000001,4.061500000000003,0,6,59.040000000000006,6,3,3,c1ccc(CNc2nccc(-c3[nH]c(C4CCNCC4)nc3-c3ccccc3)n2)cc1,False,False,False,False
,,451559.0,[],CHEMBL677878,Concentration required for inhibition of epidermal growth factor receptor (EGF-R) by tyrosine kinase enzyme activity,B,,,BAO_0000190,BAO_0000357,single protein format,COC(=O)CN1CCC(n2cc(-c3cccc(O)c3)c3c(N)ncnc32)C1,,,CHEMBL1134003,Bioorg Med Chem Lett,2001.0,"{'bei': '16.69', 'le': '0.31', 'lle': '4.32', 'sei': '5.76'}",CHEMBL355019,,CHEMBL355019,6.13,0.0,http://www.openphacts.org/units/Nanomolar,333585.0,=,1.0,1.0,=,,IC50,nM,,740.0,CHEMBL203,Homo sapiens,Epidermal growth factor receptor,9606.0,,,IC50,uM,UO_0000065,,0.74,6.130768280269024,1.0,344.4180000000001,3.4566000000000017,2,4,76.96,5,4,4,c1ccc(-c2cn(C3CCNC3)c3ncncc23)cc1,False,False,False,False
,,451561.0,[],CHEMBL677884,Inhibition of autophosphorylation of epidermal growth factor receptor (EGF-R) in a cellular assay,F,,,BAO_0000190,BAO_0000019,assay format,COC(=O)CN1CCC(n2cc(-c3cccc(O)c3)c3c(N)ncnc32)C1,,,CHEMBL1134003,Bioorg Med Chem Lett,2001.0,,CHEMBL355019,,CHEMBL355019,,0.0,http://www.openphacts.org/units/Nanomolar,333585.0,>,1.0,1.0,>,,IC50,nM,,10000.0,CHEMBL203,Homo sapiens,Epidermal growth factor receptor,9606.0,,,IC50,uM,UO_0000065,,10.0,5.0,0.0,264.33200000000005,3.4055000000000017,1,3,56.73,2,4,3,c1ccc(-c2cn(C3CCNC3)c3ncncc23)cc1,False,False,False,False
,,454181.0,[],CHEMBL677879,Inhibition of epidermal growth factor receptor (EGF-R),B,,,BAO_0000190,BAO_0000357,single protein format,COCCNCCN1CCC(n2cc(-c3cccc(OC)c3)c3c(N)ncnc32)CC1,,,CHEMBL1134003,Bioorg Med Chem Lett,2001.0,"{'bei': '15.33', 'le': '0.29', 'lle': '3.95', 'sei': '7.20'}",CHEMBL172514,,CHEMBL172514,6.51,0.0,http://www.openphacts.org/units/Nanomolar,333547.0,=,1.0,1.0,=,,IC50,nM,,310.0,CHEMBL203,Homo sapiens,Epidermal growth factor receptor,9606.0,,,IC50,uM,UO_0000065,,0.31,6.508638306165727,1.0,340.184,4.012200000000002,2,4,66.49000000000001,2,4,4,c1ccc(-c2cn(C3CCNCC3)c3ncncc23)cc1,False,False,False,False
,,454183.0,[],CHEMBL677884,Inhibition of autophosphorylation of epidermal growth factor receptor (EGF-R) in a cellular assay,F,,,BAO_0000190,BAO_0000019,assay format,COCCNCCN1CCC(n2cc(-c3cccc(OC)c3)c3c(N)ncnc32)CC1,,,CHEMBL1134003,Bioorg Med Chem Lett,2001.0,,CHEMBL172514,,CHEMBL172514,,0.0,http://www.openphacts.org/units/Nanomolar,333547.0,>,1.0,1.0,>,,IC50,nM,,10000.0,CHEMBL203,Homo sapiens,Epidermal growth factor receptor,9606.0,,,IC50,uM,UO_0000065,,10.0,5.0,0.0,324.815,4.657600000000003,2,3,53.6,3,4,2,c1ccc(-c2cn(C3CCNCC3)c3ncncc23)cc1,False,False,False,False
,,454187.0,[],CHEMBL677878,Concentration required for inhibition of epidermal growth factor receptor (EGF-R) by tyrosine kinase enzyme activity,B,,,BAO_0000190,BAO_0000357,single protein format,Nc1ncnc2c1c(-c1ccc(O)cc1)cn2C1CCNC1,,,CHEMBL1134003,Bioorg Med Chem Lett,2001.0,"{'bei': '18.87', 'le': '0.35', 'lle': '3.65', 'sei': '6.26'}",CHEMBL354033,,CHEMBL354033,5.57,0.0,http://www.openphacts.org/units/Nanomolar,333568.0,=,1.0,1.0,=,,IC50,nM,,2670.0,CHEMBL203,Homo sapiens,Epidermal growth factor receptor,9606.0,,,IC50,uM,UO_0000065,,2.67,5.573488738635425,0.0,353.4260000000002,2.0153,3,6,100.43,4,4,3,c1ccc(-c2cn(C3CCNC3)c3ncncc23)cc1,False,False,False,False
,,454191.0,[],CHEMBL677878,Concentration required for inhibition of epidermal growth factor receptor (EGF-R) by tyrosine kinase enzyme activity,B,,,BAO_0000190,BAO_0000357,single protein format,COc1cccc(-c2cn(C3CCN(CC(N)=O)C3)c3ncnc(N)c23)c1,,,CHEMBL1134003,Bioorg Med Chem Lett,2001.0,"{'bei': '17.35', 'le': '0.32', 'lle': '4.94', 'sei': '5.66'}",CHEMBL355322,,CHEMBL355322,6.36,0.0,http://www.openphacts.org/units/Nanomolar,333582.0,=,1.0,1.0,=,,IC50,nM,,440.0,CHEMBL203,Homo sapiens,Epidermal growth factor receptor,9606.0,,,IC50,uM,UO_0000065,,0.44,6.356547323513812,1.0,353.4260000000002,2.0153,3,6,100.43,4,4,3,c1ccc(-c2cn(C3CCNC3)c3ncncc23)cc1,False,False,False,False
,,455583.0,[],CHEMBL677878,Concentration required for inhibition of epidermal growth factor receptor (EGF-R) by tyrosine kinase enzyme activity,B,,,BAO_0000190,BAO_0000357,single protein format,COc1cccc(-c2cn(C3CCNC3)c3ncnc(N)c23)c1,,,CHEMBL1134003,Bioorg Med Chem Lett,2001.0,"{'bei': '19.24', 'le': '0.35', 'lle': '3.73', 'sei': '7.63'}",CHEMBL169519,,CHEMBL169519,5.95,0.0,http://www.openphacts.org/units/Nanomolar,333586.0,=,1.0,1.0,=,,IC50,nM,,1120.0,CHEMBL203,Homo sapiens,Epidermal growth factor receptor,9606.0,,,IC50,uM,UO_0000065,,1.12,5.950781977329818,0.0,408.5060000000002,2.4141999999999992,1,6,89.51,5,4,3,c1ccc(-c2cn(C3CCNC3)c3ncncc23)cc1,False,False,False,False
,,458336.0,[],CHEMBL677878,Concentration required for inhibition of epidermal growth factor receptor (EGF-R) by tyrosine kinase enzyme activity,B,,,BAO_0000190,BAO_0000357,single protein format,NC(=O)CN1CCC(n2cc(-c3cccc(O)c3)c3c(N)ncnc32)CC1,,,CHEMBL1134003,Bioorg Med Chem Lett,2001.0,"{'bei': '18.47', 'le': '0.34', 'lle': '5.26', 'sei': '5.49'}",CHEMBL263528,,CHEMBL263528,6.77,0.0,http://www.openphacts.org/units/Nanomolar,333580.0,=,1.0,1.0,=,,IC50,nM,,170.0,CHEMBL203,Homo sapiens,Epidermal growth factor receptor,9606.0,,,IC50,uM,UO_0000065,,0.17,6.769551078621726,1.0,367.4530000000001,2.3183,2,6,89.42999999999999,5,4,3,c1ccc(-c2cn(C3CCNCC3)c3ncncc23)cc1,False,False,False,False
,,458338.0,[],CHEMBL677884,Inhibition of autophosphorylation of epidermal growth factor receptor (EGF-R) in a cellular assay,F,,,BAO_0000190,BAO_0000019,assay format,NC(=O)CN1CCC(n2cc(-c3cccc(O)c3)c3c(N)ncnc32)CC1,,,CHEMBL1134003,Bioorg Med Chem Lett,2001.0,,CHEMBL263528,,CHEMBL263528,,0.0,http://www.openphacts.org/units/Nanomolar,333580.0,>,1.0,1.0,>,,IC50,nM,,10000.0,CHEMBL203,Homo sapiens,Epidermal growth factor receptor,9606.0,,,IC50,uM,UO_0000065,,10.0,5.0,0.0,367.4530000000001,2.3183,2,6,89.42999999999999,5,4,3,c1ccc(-c2cn(C3CCNCC3)c3ncncc23)cc1,False,False,False,False
,,460720.0,[],CHEMBL677879,Inhibition of epidermal growth factor receptor (EGF-R),B,,,BAO_0000190,BAO_0000357,single protein format,COCCN(C)CCN1CCC(n2cc(-c3cccc(OC)c3)c3c(N)ncnc32)CC1,,,CHEMBL1134003,Bioorg Med Chem Lett,2001.0,"{'bei': '13.75', 'le': '0.26', 'lle': '3.13', 'sei': '7.39'}",CHEMBL274732,,CHEMBL274732,6.03,0.0,http://www.openphacts.org/units/Nanomolar,333548.0,=,1.0,1.0,=,,IC50,nM,,930.0,CHEMBL203,Homo sapiens,Epidermal growth factor receptor,9606.0,,,IC50,uM,UO_0000065,,0.93,6.031517051446065,1.0,279.34700000000004,2.2149,2,4,68.75999999999999,2,4,3,c1ccc(-c2cn(C3CCNCC3)c3ncncc23)cc1,False,False,False,False
,,460722.0,[],CHEMBL677884,Inhibition of autophosphorylation of epidermal growth factor receptor (EGF-R) in a cellular assay,F,,,BAO_0000190,BAO_0000019,assay format,COCCN(C)CCN1CCC(n2cc(-c3cccc(OC)c3)c3c(N)ncnc32)CC1,,,CHEMBL1134003,Bioorg Med Chem Lett,2001.0,,CHEMBL274732,,CHEMBL274732,,0.0,http://www.openphacts.org/units/Nanomolar,333548.0,>,1.0,1.0,>,,IC50,nM,,10000.0,CHEMBL203,Homo sapiens,Epidermal growth factor receptor,9606.0,,,IC50,uM,UO_0000065,,10.0,5.0,0.0,381.4360000000002,2.196,2,7,106.5,4,4,3,c1ccc(-c2cn(C3CCNCC3)c3ncncc23)cc1,False,False,False,False
,,460725.0,[],CHEMBL677878,Concentration required for inhibition of epidermal growth factor receptor (EGF-R) by tyrosine kinase enzyme activity,B,,,BAO_0000190,BAO_0000357,single protein format,Nc1ncnc2c1c(-c1cccc(O)c1)cn2C1CCNC1,,,CHEMBL1134003,Bioorg Med Chem Lett,2001.0,"{'bei': '19.69', 'le': '0.36', 'lle': '3.90', 'sei': '6.53'}",CHEMBL171545,,CHEMBL171545,5.82,0.0,http://www.openphacts.org/units/Nanomolar,333564.0,=,1.0,1.0,=,,IC50,nM,,1530.0,CHEMBL203,Homo sapiens,Epidermal growth factor receptor,9606.0,,,IC50,uM,UO_0000065,,1.53,5.815308569182402,0.0,381.4360000000002,2.196,2,7,106.5,4,4,3,c1ccc(-c2cn(C3CCNC3)c3ncncc23)cc1,False,False,False,False
,,460727.0,[],CHEMBL677884,Inhibition of autophosphorylation of epidermal growth factor receptor (EGF-R) in a cellular assay,F,,,BAO_0000190,BAO_0000019,assay format,Nc1ncnc2c1c(-c1cccc(O)c1)cn2C1CCNC1,,,CHEMBL1134003,Bioorg Med Chem Lett,2001.0,,CHEMBL171545,,CHEMBL171545,,0.0,http://www.openphacts.org/units/Nanomolar,333564.0,>,1.0,1.0,>,,IC50,nM,,10000.0,CHEMBL203,Homo sapiens,Epidermal growth factor receptor,9606.0,,,IC50,uM,UO_0000065,,10.0,5.0,0.0,505.58800000000025,6.808000000000006,2,4,54.77,6,5,4,c1ccc(-c2cn(C3CCNC3)c3ncncc23)cc1,False,False,False,False
,,462007.0,[],CHEMBL677878,Concentration required for inhibition of epidermal growth factor receptor (EGF-R) by tyrosine kinase enzyme activity,B,,,BAO_0000190,BAO_0000357,single protein format,COc1cccc(-c2cn(C3CCN(CC(N)=O)CC3)c3ncnc(N)c23)c1,,,CHEMBL1134003,Bioorg Med Chem Lett,2001.0,"{'bei': '16.97', 'le': '0.31', 'lle': '4.65', 'sei': '5.75'}",CHEMBL169064,,CHEMBL169064,6.46,0.0,http://www.openphacts.org/units/Nanomolar,333576.0,=,1.0,1.0,=,,IC50,nM,,350.0,CHEMBL203,Homo sapiens,Epidermal growth factor receptor,9606.0,,,IC50,uM,UO_0000065,,0.35,6.455931955649724,1.0,394.4790000000002,2.1111999999999997,2,6,100.51,4,4,3,c1ccc(-c2cn(C3CCNCC3)c3ncncc23)cc1,False,False,False,False
,,463211.0,[],CHEMBL677878,Concentration required for inhibition of epidermal growth factor receptor (EGF-R) by tyrosine kinase enzyme activity,B,,,BAO_0000190,BAO_0000357,single protein format,CC(C)(C)OC(=O)N1CCC(n2cc(-c3cccc(O)c3)c3c(N)ncnc32)C1,,,CHEMBL1134003,Bioorg Med Chem Lett,2001.0,"{'bei': '14.31', 'le': '0.27', 'lle': '2.09', 'sei': '5.31'}",CHEMBL168921,,CHEMBL168921,5.66,0.0,http://www.openphacts.org/units/Nanomolar,333565.0,=,1.0,1.0,=,,IC50,nM,,2200.0,CHEMBL203,Homo sapiens,Epidermal growth factor receptor,9606.0,,,IC50,uM,UO_0000065,,2.2,5.657577319177793,0.0,394.4790000000002,2.1111999999999997,2,6,100.51,4,4,3,c1ccc(-c2cn(C3CCNC3)c3ncncc23)cc1,False,False,False,False
,,463213.0,[],CHEMBL677884,Inhibition of autophosphorylation of epidermal growth factor receptor (EGF-R) in a cellular assay,F,,,BAO_0000190,BAO_0000019,assay format,CC(C)(C)OC(=O)N1CCC(n2cc(-c3cccc(O)c3)c3c(N)ncnc32)C1,,,CHEMBL1134003,Bioorg Med Chem Lett,2001.0,,CHEMBL168921,,CHEMBL168921,,0.0,http://www.openphacts.org/units/Nanomolar,333565.0,>,1.0,1.0,>,,IC50,nM,,10000.0,CHEMBL203,Homo sapiens,Epidermal growth factor receptor,9606.0,,,IC50,uM,UO_0000065,,10.0,5.0,0.0,352.39800000000014,1.1182,3,6,123.29,4,4,3,c1ccc(-c2cn(C3CCNC3)c3ncncc23)cc1,False,False,False,False
,,465873.0,[],CHEMBL677878,Concentration required for inhibition of epidermal growth factor receptor (EGF-R) by tyrosine kinase enzyme activity,B,,,BAO_0000190,BAO_0000357,single protein format,COC(=O)CN1CCC(n2cc(-c3cccc(OC)c3)c3c(N)ncnc32)CC1,,,CHEMBL1134003,Bioorg Med Chem Lett,2001.0,"{'bei': '14.75', 'le': '0.27', 'lle': '3.33', 'sei': '6.11'}",CHEMBL169065,,CHEMBL169065,5.83,0.0,http://www.openphacts.org/units/Nanomolar,333577.0,=,1.0,1.0,=,,IC50,nM,,1470.0,CHEMBL203,Homo sapiens,Epidermal growth factor receptor,9606.0,,,IC50,uM,UO_0000065,,1.47,5.832682665251824,0.0,352.39800000000014,1.1182,3,6,123.29,4,4,3,c1ccc(-c2cn(C3CCNCC3)c3ncncc23)cc1,False,False,False,False
,,468916.0,[],CHEMBL672267,Inhibition of EGF receptor kinase,B,,,BAO_0000190,BAO_0000357,single protein format,C[S+]([O-])c1ccc(-c2nc(-c3ccc(F)cc3)c(-c3ccncc3)[nH]2)cc1,,,CHEMBL1132637,J Med Chem,1999.0,"{'bei': '10.64', 'le': '0.20', 'lle': '-0.66', 'sei': '6.22'}",CHEMBL10,SB-203580,CHEMBL10,4.02,0.0,http://www.openphacts.org/units/Nanomolar,122298.0,=,1.0,1.0,=,,IC50,nM,,96000.0,CHEMBL203,Homo sapiens,Epidermal growth factor receptor,9606.0,,,IC50,nM,UO_0000065,,96000.0,4.017728766960431,0.0,381.4360000000002,2.1088999999999998,1,7,95.5,5,4,3,c1ccc(-c2nc(-c3ccccc3)c(-c3ccncc3)[nH]2)cc1,False,False,False,False
,,469967.0,[],CHEMBL677878,Concentration required for inhibition of epidermal growth factor receptor (EGF-R) by tyrosine kinase enzyme activity,B,,,BAO_0000190,BAO_0000357,single protein format,CC(C)(C)OC(=O)N1CCC(n2cc(-c3ccccc3)c3c(N)ncnc32)C1,,,CHEMBL1134003,Bioorg Med Chem Lett,2001.0,"{'bei': '13.39', 'le': '0.25', 'lle': '1.22', 'sei': '5.89'}",CHEMBL353823,,CHEMBL353823,5.08,0.0,http://www.openphacts.org/units/Nanomolar,333571.0,=,1.0,1.0,=,,IC50,nM,,8300.0,CHEMBL203,Homo sapiens,Epidermal growth factor receptor,9606.0,,,IC50,uM,UO_0000065,,8.3,5.080921907623926,0.0,424.5490000000002,2.2501,2,7,92.67,8,4,3,c1ccc(-c2cn(C3CCNC3)c3ncncc23)cc1,False,False,False,False
